score_name,score_version,method_family,margin,q,epsilon,n_bad_success_flow_score,split,line_outage_prob,n_samples,n_fail,fail_rate,AUROC,AUPRC,n_inf_score,n_finite_score,top50_recall,top50_precision,top100_recall,top100_precision,top200_recall,top200_precision,top500_recall,top500_precision,K_initial,K_final,l0_truth_calls,tail_audit_count,tail_audit_failure_hits,failure_label_rank_inversion_hits,failure_label_guard_passed,failure_label_fallback_reason,failure_label_fallback_flag,observed_failure_recall_inside_final_k,is_best_overall,is_best_trained_physics
raw_success_fail,dcopf_raw_success_fail_v001,raw_success_fail,,,,0,train_global,,24000,3063,0.127625,0.9954253881461558,0.9900300285766888,3043,20957,0.01632386549134835,1.0,0.03232125367286973,0.99,0.06464250734573947,0.99,0.16193274567417565,0.992,200,24000,24000,200,199,199,False,rank_inversion_guard_exceeded,True,1.0,True,False
raw_success_fail,dcopf_raw_success_fail_v001,raw_success_fail,,,,0,val_global,,6000,727,0.12116666666666667,1.0,1.0,727,5273,0.0687757909215956,1.0,0.1375515818431912,1.0,0.2751031636863824,1.0,0.687757909215956,1.0,200,6000,6000,200,200,200,False,rank_inversion_guard_exceeded,True,1.0,True,False
raw_success_fail,dcopf_raw_success_fail_v001,raw_success_fail,,,,0,val_per_lop,0.004999999888241291,1000,52,0.052,1.0,1.0,52,948,0.9615384615384616,1.0,1.0,0.52,1.0,0.26,1.0,0.104,200,200,250,50,0,0,True,none,False,1.0,True,False
raw_success_fail,dcopf_raw_success_fail_v001,raw_success_fail,,,,0,val_per_lop,0.00800000037997961,1000,84,0.084,1.0,1.0,84,916,0.5952380952380952,1.0,1.0,0.84,1.0,0.42,1.0,0.168,200,200,250,50,0,0,True,none,False,1.0,True,False
raw_success_fail,dcopf_raw_success_fail_v001,raw_success_fail,,,,0,val_per_lop,0.010999999940395355,1000,116,0.116,1.0,1.0,116,884,0.43103448275862066,1.0,0.8620689655172413,1.0,1.0,0.58,1.0,0.232,200,200,250,50,0,0,True,none,False,1.0,True,False
raw_success_fail,dcopf_raw_success_fail_v001,raw_success_fail,,,,0,val_per_lop,0.014000000432133675,1000,133,0.133,1.0,1.0,133,867,0.37593984962406013,1.0,0.7518796992481203,1.0,1.0,0.665,1.0,0.266,200,200,250,50,0,0,True,none,False,1.0,True,False
raw_success_fail,dcopf_raw_success_fail_v001,raw_success_fail,,,,0,val_per_lop,0.017000000923871994,1000,158,0.158,1.0,1.0,158,842,0.31645569620253167,1.0,0.6329113924050633,1.0,1.0,0.79,1.0,0.316,200,200,250,50,0,0,True,none,False,1.0,True,False
raw_success_fail,dcopf_raw_success_fail_v001,raw_success_fail,,,,0,val_per_lop,0.019999999552965164,1000,184,0.184,1.0,1.0,184,816,0.2717391304347826,1.0,0.5434782608695652,1.0,1.0,0.92,1.0,0.368,200,200,250,50,0,0,True,none,False,1.0,True,False
base_margin_m1_e5,dcopf_base_margin_v001,base_margin,1.0,,5.0,0,train_global,,24000,3063,0.127625,0.9976452841571215,0.9936297081853238,3043,20957,0.01632386549134835,1.0,0.03232125367286973,0.99,0.06464250734573947,0.99,0.16193274567417565,0.992,200,24000,24000,200,199,199,False,rank_inversion_guard_exceeded,True,1.0,False,False
base_margin_m1_e5,dcopf_base_margin_v001,base_margin,1.0,,5.0,0,val_global,,6000,727,0.12116666666666667,1.0,1.0,727,5273,0.0687757909215956,1.0,0.1375515818431912,1.0,0.2751031636863824,1.0,0.687757909215956,1.0,200,6000,6000,200,200,200,False,rank_inversion_guard_exceeded,True,1.0,False,False
base_margin_m1_e5,dcopf_base_margin_v001,base_margin,1.0,,5.0,0,val_per_lop,0.004999999888241291,1000,52,0.052,1.0,1.0,52,948,0.9615384615384616,1.0,1.0,0.52,1.0,0.26,1.0,0.104,200,200,250,50,0,0,True,none,False,1.0,False,False
base_margin_m1_e5,dcopf_base_margin_v001,base_margin,1.0,,5.0,0,val_per_lop,0.00800000037997961,1000,84,0.084,1.0,1.0,84,916,0.5952380952380952,1.0,1.0,0.84,1.0,0.42,1.0,0.168,200,200,250,50,0,0,True,none,False,1.0,False,False
base_margin_m1_e5,dcopf_base_margin_v001,base_margin,1.0,,5.0,0,val_per_lop,0.010999999940395355,1000,116,0.116,1.0,1.0,116,884,0.43103448275862066,1.0,0.8620689655172413,1.0,1.0,0.58,1.0,0.232,200,200,250,50,0,0,True,none,False,1.0,False,False
base_margin_m1_e5,dcopf_base_margin_v001,base_margin,1.0,,5.0,0,val_per_lop,0.014000000432133675,1000,133,0.133,0.9999999999999999,1.0,133,867,0.37593984962406013,1.0,0.7518796992481203,1.0,1.0,0.665,1.0,0.266,200,200,250,50,0,0,True,none,False,1.0,False,False
base_margin_m1_e5,dcopf_base_margin_v001,base_margin,1.0,,5.0,0,val_per_lop,0.017000000923871994,1000,158,0.158,1.0,1.0,158,842,0.31645569620253167,1.0,0.6329113924050633,1.0,1.0,0.79,1.0,0.316,200,200,250,50,0,0,True,none,False,1.0,False,False
base_margin_m1_e5,dcopf_base_margin_v001,base_margin,1.0,,5.0,0,val_per_lop,0.019999999552965164,1000,184,0.184,0.9999999999999999,1.0,184,816,0.2717391304347826,1.0,0.5434782608695652,1.0,1.0,0.92,1.0,0.368,200,200,250,50,0,0,True,none,False,1.0,False,False
base_margin_m1.2_e5,dcopf_base_margin_v001,base_margin,1.2,,5.0,0,train_global,,24000,3063,0.127625,0.997615516512069,0.993637670545136,3043,20957,0.01632386549134835,1.0,0.03232125367286973,0.99,0.06464250734573947,0.99,0.16193274567417565,0.992,200,24000,24000,200,199,199,False,rank_inversion_guard_exceeded,True,1.0,False,False
base_margin_m1.2_e5,dcopf_base_margin_v001,base_margin,1.2,,5.0,0,val_global,,6000,727,0.12116666666666667,1.0,1.0,727,5273,0.0687757909215956,1.0,0.1375515818431912,1.0,0.2751031636863824,1.0,0.687757909215956,1.0,200,6000,6000,200,200,200,False,rank_inversion_guard_exceeded,True,1.0,False,False
base_margin_m1.2_e5,dcopf_base_margin_v001,base_margin,1.2,,5.0,0,val_per_lop,0.004999999888241291,1000,52,0.052,1.0,1.0,52,948,0.9615384615384616,1.0,1.0,0.52,1.0,0.26,1.0,0.104,200,200,250,50,0,0,True,none,False,1.0,False,False
base_margin_m1.2_e5,dcopf_base_margin_v001,base_margin,1.2,,5.0,0,val_per_lop,0.00800000037997961,1000,84,0.084,1.0,1.0,84,916,0.5952380952380952,1.0,1.0,0.84,1.0,0.42,1.0,0.168,200,200,250,50,0,0,True,none,False,1.0,False,False
base_margin_m1.2_e5,dcopf_base_margin_v001,base_margin,1.2,,5.0,0,val_per_lop,0.010999999940395355,1000,116,0.116,1.0,1.0,116,884,0.43103448275862066,1.0,0.8620689655172413,1.0,1.0,0.58,1.0,0.232,200,200,250,50,0,0,True,none,False,1.0,False,False
base_margin_m1.2_e5,dcopf_base_margin_v001,base_margin,1.2,,5.0,0,val_per_lop,0.014000000432133675,1000,133,0.133,0.9999999999999999,1.0,133,867,0.37593984962406013,1.0,0.7518796992481203,1.0,1.0,0.665,1.0,0.266,200,200,250,50,0,0,True,none,False,1.0,False,False
base_margin_m1.2_e5,dcopf_base_margin_v001,base_margin,1.2,,5.0,0,val_per_lop,0.017000000923871994,1000,158,0.158,1.0,1.0,158,842,0.31645569620253167,1.0,0.6329113924050633,1.0,1.0,0.79,1.0,0.316,200,200,250,50,0,0,True,none,False,1.0,False,False
base_margin_m1.2_e5,dcopf_base_margin_v001,base_margin,1.2,,5.0,0,val_per_lop,0.019999999552965164,1000,184,0.184,0.9999999999999999,1.0,184,816,0.2717391304347826,1.0,0.5434782608695652,1.0,1.0,0.92,1.0,0.368,200,200,250,50,0,0,True,none,False,1.0,False,False
base_margin_m1.5_e5,dcopf_base_margin_v001,base_margin,1.5,,5.0,0,train_global,,24000,3063,0.127625,0.9974784200556523,0.9935636814068982,3043,20957,0.01632386549134835,1.0,0.03232125367286973,0.99,0.06464250734573947,0.99,0.16193274567417565,0.992,200,24000,24000,200,199,199,False,rank_inversion_guard_exceeded,True,1.0,False,False
base_margin_m1.5_e5,dcopf_base_margin_v001,base_margin,1.5,,5.0,0,val_global,,6000,727,0.12116666666666667,1.0,1.0,727,5273,0.0687757909215956,1.0,0.1375515818431912,1.0,0.2751031636863824,1.0,0.687757909215956,1.0,200,6000,6000,200,200,200,False,rank_inversion_guard_exceeded,True,1.0,False,False
base_margin_m1.5_e5,dcopf_base_margin_v001,base_margin,1.5,,5.0,0,val_per_lop,0.004999999888241291,1000,52,0.052,1.0,1.0,52,948,0.9615384615384616,1.0,1.0,0.52,1.0,0.26,1.0,0.104,200,200,250,50,0,0,True,none,False,1.0,False,False
base_margin_m1.5_e5,dcopf_base_margin_v001,base_margin,1.5,,5.0,0,val_per_lop,0.00800000037997961,1000,84,0.084,1.0,1.0,84,916,0.5952380952380952,1.0,1.0,0.84,1.0,0.42,1.0,0.168,200,200,250,50,0,0,True,none,False,1.0,False,False
base_margin_m1.5_e5,dcopf_base_margin_v001,base_margin,1.5,,5.0,0,val_per_lop,0.010999999940395355,1000,116,0.116,1.0,1.0,116,884,0.43103448275862066,1.0,0.8620689655172413,1.0,1.0,0.58,1.0,0.232,200,200,250,50,0,0,True,none,False,1.0,False,False
base_margin_m1.5_e5,dcopf_base_margin_v001,base_margin,1.5,,5.0,0,val_per_lop,0.014000000432133675,1000,133,0.133,0.9999999999999999,1.0,133,867,0.37593984962406013,1.0,0.7518796992481203,1.0,1.0,0.665,1.0,0.266,200,200,250,50,0,0,True,none,False,1.0,False,False
base_margin_m1.5_e5,dcopf_base_margin_v001,base_margin,1.5,,5.0,0,val_per_lop,0.017000000923871994,1000,158,0.158,1.0,1.0,158,842,0.31645569620253167,1.0,0.6329113924050633,1.0,1.0,0.79,1.0,0.316,200,200,250,50,0,0,True,none,False,1.0,False,False
base_margin_m1.5_e5,dcopf_base_margin_v001,base_margin,1.5,,5.0,0,val_per_lop,0.019999999552965164,1000,184,0.184,0.9999999999999999,1.0,184,816,0.2717391304347826,1.0,0.5434782608695652,1.0,1.0,0.92,1.0,0.368,200,200,250,50,0,0,True,none,False,1.0,False,False
base_margin_m2_e5,dcopf_base_margin_v001,base_margin,2.0,,5.0,0,train_global,,24000,3063,0.127625,0.9973344001658131,0.9934944552059009,3043,20957,0.01632386549134835,1.0,0.03232125367286973,0.99,0.06464250734573947,0.99,0.16193274567417565,0.992,200,24000,24000,200,199,199,False,rank_inversion_guard_exceeded,True,1.0,False,False
base_margin_m2_e5,dcopf_base_margin_v001,base_margin,2.0,,5.0,0,val_global,,6000,727,0.12116666666666667,1.0,1.0,727,5273,0.0687757909215956,1.0,0.1375515818431912,1.0,0.2751031636863824,1.0,0.687757909215956,1.0,200,6000,6000,200,200,200,False,rank_inversion_guard_exceeded,True,1.0,False,False
base_margin_m2_e5,dcopf_base_margin_v001,base_margin,2.0,,5.0,0,val_per_lop,0.004999999888241291,1000,52,0.052,1.0,1.0,52,948,0.9615384615384616,1.0,1.0,0.52,1.0,0.26,1.0,0.104,200,200,250,50,0,0,True,none,False,1.0,False,False
base_margin_m2_e5,dcopf_base_margin_v001,base_margin,2.0,,5.0,0,val_per_lop,0.00800000037997961,1000,84,0.084,1.0,1.0,84,916,0.5952380952380952,1.0,1.0,0.84,1.0,0.42,1.0,0.168,200,200,250,50,0,0,True,none,False,1.0,False,False
base_margin_m2_e5,dcopf_base_margin_v001,base_margin,2.0,,5.0,0,val_per_lop,0.010999999940395355,1000,116,0.116,1.0,1.0,116,884,0.43103448275862066,1.0,0.8620689655172413,1.0,1.0,0.58,1.0,0.232,200,200,250,50,0,0,True,none,False,1.0,False,False
base_margin_m2_e5,dcopf_base_margin_v001,base_margin,2.0,,5.0,0,val_per_lop,0.014000000432133675,1000,133,0.133,1.0,1.0,133,867,0.37593984962406013,1.0,0.7518796992481203,1.0,1.0,0.665,1.0,0.266,200,200,250,50,0,0,True,none,False,1.0,False,False
base_margin_m2_e5,dcopf_base_margin_v001,base_margin,2.0,,5.0,0,val_per_lop,0.017000000923871994,1000,158,0.158,1.0,1.0,158,842,0.31645569620253167,1.0,0.6329113924050633,1.0,1.0,0.79,1.0,0.316,200,200,250,50,0,0,True,none,False,1.0,False,False
base_margin_m2_e5,dcopf_base_margin_v001,base_margin,2.0,,5.0,0,val_per_lop,0.019999999552965164,1000,184,0.184,1.0,1.0,184,816,0.2717391304347826,1.0,0.5434782608695652,1.0,1.0,0.92,1.0,0.368,200,200,250,50,0,0,True,none,False,1.0,False,False
base_margin_m3_e5,dcopf_base_margin_v001,base_margin,3.0,,5.0,0,train_global,,24000,3063,0.127625,0.9972570105260046,0.9932766759439975,3043,20957,0.01632386549134835,1.0,0.03232125367286973,0.99,0.06464250734573947,0.99,0.16193274567417565,0.992,200,24000,24000,200,199,199,False,rank_inversion_guard_exceeded,True,1.0,False,False
base_margin_m3_e5,dcopf_base_margin_v001,base_margin,3.0,,5.0,0,val_global,,6000,727,0.12116666666666667,1.0,1.0,727,5273,0.0687757909215956,1.0,0.1375515818431912,1.0,0.2751031636863824,1.0,0.687757909215956,1.0,200,6000,6000,200,200,200,False,rank_inversion_guard_exceeded,True,1.0,False,False
base_margin_m3_e5,dcopf_base_margin_v001,base_margin,3.0,,5.0,0,val_per_lop,0.004999999888241291,1000,52,0.052,1.0,1.0,52,948,0.9615384615384616,1.0,1.0,0.52,1.0,0.26,1.0,0.104,200,200,250,50,0,0,True,none,False,1.0,False,False
base_margin_m3_e5,dcopf_base_margin_v001,base_margin,3.0,,5.0,0,val_per_lop,0.00800000037997961,1000,84,0.084,1.0,1.0,84,916,0.5952380952380952,1.0,1.0,0.84,1.0,0.42,1.0,0.168,200,200,250,50,0,0,True,none,False,1.0,False,False
base_margin_m3_e5,dcopf_base_margin_v001,base_margin,3.0,,5.0,0,val_per_lop,0.010999999940395355,1000,116,0.116,1.0,1.0,116,884,0.43103448275862066,1.0,0.8620689655172413,1.0,1.0,0.58,1.0,0.232,200,200,250,50,0,0,True,none,False,1.0,False,False
base_margin_m3_e5,dcopf_base_margin_v001,base_margin,3.0,,5.0,0,val_per_lop,0.014000000432133675,1000,133,0.133,1.0,1.0,133,867,0.37593984962406013,1.0,0.7518796992481203,1.0,1.0,0.665,1.0,0.266,200,200,250,50,0,0,True,none,False,1.0,False,False
base_margin_m3_e5,dcopf_base_margin_v001,base_margin,3.0,,5.0,0,val_per_lop,0.017000000923871994,1000,158,0.158,1.0,1.0,158,842,0.31645569620253167,1.0,0.6329113924050633,1.0,1.0,0.79,1.0,0.316,200,200,250,50,0,0,True,none,False,1.0,False,False
base_margin_m3_e5,dcopf_base_margin_v001,base_margin,3.0,,5.0,0,val_per_lop,0.019999999552965164,1000,184,0.184,1.0,1.0,184,816,0.2717391304347826,1.0,0.5434782608695652,1.0,1.0,0.92,1.0,0.368,200,200,250,50,0,0,True,none,False,1.0,False,False
base_margin_m1_e10,dcopf_base_margin_v001,base_margin,1.0,,10.0,0,train_global,,24000,3063,0.127625,0.9975870275191353,0.9932403788433608,3043,20957,0.01632386549134835,1.0,0.03232125367286973,0.99,0.06464250734573947,0.99,0.16193274567417565,0.992,200,24000,24000,200,199,199,False,rank_inversion_guard_exceeded,True,1.0,False,False
base_margin_m1_e10,dcopf_base_margin_v001,base_margin,1.0,,10.0,0,val_global,,6000,727,0.12116666666666667,1.0,1.0,727,5273,0.0687757909215956,1.0,0.1375515818431912,1.0,0.2751031636863824,1.0,0.687757909215956,1.0,200,6000,6000,200,200,200,False,rank_inversion_guard_exceeded,True,1.0,False,False
base_margin_m1_e10,dcopf_base_margin_v001,base_margin,1.0,,10.0,0,val_per_lop,0.004999999888241291,1000,52,0.052,1.0,1.0,52,948,0.9615384615384616,1.0,1.0,0.52,1.0,0.26,1.0,0.104,200,200,250,50,0,0,True,none,False,1.0,False,False
base_margin_m1_e10,dcopf_base_margin_v001,base_margin,1.0,,10.0,0,val_per_lop,0.00800000037997961,1000,84,0.084,1.0,1.0,84,916,0.5952380952380952,1.0,1.0,0.84,1.0,0.42,1.0,0.168,200,200,250,50,0,0,True,none,False,1.0,False,False
base_margin_m1_e10,dcopf_base_margin_v001,base_margin,1.0,,10.0,0,val_per_lop,0.010999999940395355,1000,116,0.116,1.0,1.0,116,884,0.43103448275862066,1.0,0.8620689655172413,1.0,1.0,0.58,1.0,0.232,200,200,250,50,0,0,True,none,False,1.0,False,False
base_margin_m1_e10,dcopf_base_margin_v001,base_margin,1.0,,10.0,0,val_per_lop,0.014000000432133675,1000,133,0.133,1.0,1.0,133,867,0.37593984962406013,1.0,0.7518796992481203,1.0,1.0,0.665,1.0,0.266,200,200,250,50,0,0,True,none,False,1.0,False,False
base_margin_m1_e10,dcopf_base_margin_v001,base_margin,1.0,,10.0,0,val_per_lop,0.017000000923871994,1000,158,0.158,1.0,1.0,158,842,0.31645569620253167,1.0,0.6329113924050633,1.0,1.0,0.79,1.0,0.316,200,200,250,50,0,0,True,none,False,1.0,False,False
base_margin_m1_e10,dcopf_base_margin_v001,base_margin,1.0,,10.0,0,val_per_lop,0.019999999552965164,1000,184,0.184,1.0,1.0,184,816,0.2717391304347826,1.0,0.5434782608695652,1.0,1.0,0.92,1.0,0.368,200,200,250,50,0,0,True,none,False,1.0,False,False
base_margin_m1.2_e10,dcopf_base_margin_v001,base_margin,1.2,,10.0,0,train_global,,24000,3063,0.127625,0.9976391871695806,0.9934106022488283,3043,20957,0.01632386549134835,1.0,0.03232125367286973,0.99,0.06464250734573947,0.99,0.16193274567417565,0.992,200,24000,24000,200,199,199,False,rank_inversion_guard_exceeded,True,1.0,False,True
base_margin_m1.2_e10,dcopf_base_margin_v001,base_margin,1.2,,10.0,0,val_global,,6000,727,0.12116666666666667,1.0,1.0,727,5273,0.0687757909215956,1.0,0.1375515818431912,1.0,0.2751031636863824,1.0,0.687757909215956,1.0,200,6000,6000,200,200,200,False,rank_inversion_guard_exceeded,True,1.0,False,True
base_margin_m1.2_e10,dcopf_base_margin_v001,base_margin,1.2,,10.0,0,val_per_lop,0.004999999888241291,1000,52,0.052,1.0,1.0,52,948,0.9615384615384616,1.0,1.0,0.52,1.0,0.26,1.0,0.104,200,200,250,50,0,0,True,none,False,1.0,False,True
base_margin_m1.2_e10,dcopf_base_margin_v001,base_margin,1.2,,10.0,0,val_per_lop,0.00800000037997961,1000,84,0.084,1.0,1.0,84,916,0.5952380952380952,1.0,1.0,0.84,1.0,0.42,1.0,0.168,200,200,250,50,0,0,True,none,False,1.0,False,True
base_margin_m1.2_e10,dcopf_base_margin_v001,base_margin,1.2,,10.0,0,val_per_lop,0.010999999940395355,1000,116,0.116,1.0,1.0,116,884,0.43103448275862066,1.0,0.8620689655172413,1.0,1.0,0.58,1.0,0.232,200,200,250,50,0,0,True,none,False,1.0,False,True
base_margin_m1.2_e10,dcopf_base_margin_v001,base_margin,1.2,,10.0,0,val_per_lop,0.014000000432133675,1000,133,0.133,1.0,1.0,133,867,0.37593984962406013,1.0,0.7518796992481203,1.0,1.0,0.665,1.0,0.266,200,200,250,50,0,0,True,none,False,1.0,False,True
base_margin_m1.2_e10,dcopf_base_margin_v001,base_margin,1.2,,10.0,0,val_per_lop,0.017000000923871994,1000,158,0.158,1.0,1.0,158,842,0.31645569620253167,1.0,0.6329113924050633,1.0,1.0,0.79,1.0,0.316,200,200,250,50,0,0,True,none,False,1.0,False,True
base_margin_m1.2_e10,dcopf_base_margin_v001,base_margin,1.2,,10.0,0,val_per_lop,0.019999999552965164,1000,184,0.184,1.0,1.0,184,816,0.2717391304347826,1.0,0.5434782608695652,1.0,1.0,0.92,1.0,0.368,200,200,250,50,0,0,True,none,False,1.0,False,True
base_margin_m1.5_e10,dcopf_base_margin_v001,base_margin,1.5,,10.0,0,train_global,,24000,3063,0.127625,0.9977534238210488,0.9937559981211611,3043,20957,0.01632386549134835,1.0,0.03232125367286973,0.99,0.06464250734573947,0.99,0.16193274567417565,0.992,200,24000,24000,200,199,199,False,rank_inversion_guard_exceeded,True,1.0,False,False
base_margin_m1.5_e10,dcopf_base_margin_v001,base_margin,1.5,,10.0,0,val_global,,6000,727,0.12116666666666667,0.9999999999999999,1.0,727,5273,0.0687757909215956,1.0,0.1375515818431912,1.0,0.2751031636863824,1.0,0.687757909215956,1.0,200,6000,6000,200,200,200,False,rank_inversion_guard_exceeded,True,1.0,False,False
base_margin_m1.5_e10,dcopf_base_margin_v001,base_margin,1.5,,10.0,0,val_per_lop,0.004999999888241291,1000,52,0.052,1.0,1.0,52,948,0.9615384615384616,1.0,1.0,0.52,1.0,0.26,1.0,0.104,200,200,250,50,0,0,True,none,False,1.0,False,False
base_margin_m1.5_e10,dcopf_base_margin_v001,base_margin,1.5,,10.0,0,val_per_lop,0.00800000037997961,1000,84,0.084,1.0,1.0,84,916,0.5952380952380952,1.0,1.0,0.84,1.0,0.42,1.0,0.168,200,200,250,50,0,0,True,none,False,1.0,False,False
base_margin_m1.5_e10,dcopf_base_margin_v001,base_margin,1.5,,10.0,0,val_per_lop,0.010999999940395355,1000,116,0.116,1.0,1.0,116,884,0.43103448275862066,1.0,0.8620689655172413,1.0,1.0,0.58,1.0,0.232,200,200,250,50,0,0,True,none,False,1.0,False,False
base_margin_m1.5_e10,dcopf_base_margin_v001,base_margin,1.5,,10.0,0,val_per_lop,0.014000000432133675,1000,133,0.133,1.0,1.0,133,867,0.37593984962406013,1.0,0.7518796992481203,1.0,1.0,0.665,1.0,0.266,200,200,250,50,0,0,True,none,False,1.0,False,False
base_margin_m1.5_e10,dcopf_base_margin_v001,base_margin,1.5,,10.0,0,val_per_lop,0.017000000923871994,1000,158,0.158,1.0,1.0,158,842,0.31645569620253167,1.0,0.6329113924050633,1.0,1.0,0.79,1.0,0.316,200,200,250,50,0,0,True,none,False,1.0,False,False
base_margin_m1.5_e10,dcopf_base_margin_v001,base_margin,1.5,,10.0,0,val_per_lop,0.019999999552965164,1000,184,0.184,1.0,1.0,184,816,0.2717391304347826,1.0,0.5434782608695652,1.0,1.0,0.92,1.0,0.368,200,200,250,50,0,0,True,none,False,1.0,False,False
base_margin_m2_e10,dcopf_base_margin_v001,base_margin,2.0,,10.0,0,train_global,,24000,3063,0.127625,0.9976452841571215,0.9936297081853238,3043,20957,0.01632386549134835,1.0,0.03232125367286973,0.99,0.06464250734573947,0.99,0.16193274567417565,0.992,200,24000,24000,200,199,199,False,rank_inversion_guard_exceeded,True,1.0,False,False
base_margin_m2_e10,dcopf_base_margin_v001,base_margin,2.0,,10.0,0,val_global,,6000,727,0.12116666666666667,1.0,1.0,727,5273,0.0687757909215956,1.0,0.1375515818431912,1.0,0.2751031636863824,1.0,0.687757909215956,1.0,200,6000,6000,200,200,200,False,rank_inversion_guard_exceeded,True,1.0,False,False
base_margin_m2_e10,dcopf_base_margin_v001,base_margin,2.0,,10.0,0,val_per_lop,0.004999999888241291,1000,52,0.052,1.0,1.0,52,948,0.9615384615384616,1.0,1.0,0.52,1.0,0.26,1.0,0.104,200,200,250,50,0,0,True,none,False,1.0,False,False
base_margin_m2_e10,dcopf_base_margin_v001,base_margin,2.0,,10.0,0,val_per_lop,0.00800000037997961,1000,84,0.084,1.0,1.0,84,916,0.5952380952380952,1.0,1.0,0.84,1.0,0.42,1.0,0.168,200,200,250,50,0,0,True,none,False,1.0,False,False
base_margin_m2_e10,dcopf_base_margin_v001,base_margin,2.0,,10.0,0,val_per_lop,0.010999999940395355,1000,116,0.116,1.0,1.0,116,884,0.43103448275862066,1.0,0.8620689655172413,1.0,1.0,0.58,1.0,0.232,200,200,250,50,0,0,True,none,False,1.0,False,False
base_margin_m2_e10,dcopf_base_margin_v001,base_margin,2.0,,10.0,0,val_per_lop,0.014000000432133675,1000,133,0.133,0.9999999999999999,1.0,133,867,0.37593984962406013,1.0,0.7518796992481203,1.0,1.0,0.665,1.0,0.266,200,200,250,50,0,0,True,none,False,1.0,False,False
base_margin_m2_e10,dcopf_base_margin_v001,base_margin,2.0,,10.0,0,val_per_lop,0.017000000923871994,1000,158,0.158,1.0,1.0,158,842,0.31645569620253167,1.0,0.6329113924050633,1.0,1.0,0.79,1.0,0.316,200,200,250,50,0,0,True,none,False,1.0,False,False
base_margin_m2_e10,dcopf_base_margin_v001,base_margin,2.0,,10.0,0,val_per_lop,0.019999999552965164,1000,184,0.184,0.9999999999999999,1.0,184,816,0.2717391304347826,1.0,0.5434782608695652,1.0,1.0,0.92,1.0,0.368,200,200,250,50,0,0,True,none,False,1.0,False,False
base_margin_m3_e10,dcopf_base_margin_v001,base_margin,3.0,,10.0,0,train_global,,24000,3063,0.127625,0.9974784200556523,0.9935636814068982,3043,20957,0.01632386549134835,1.0,0.03232125367286973,0.99,0.06464250734573947,0.99,0.16193274567417565,0.992,200,24000,24000,200,199,199,False,rank_inversion_guard_exceeded,True,1.0,False,False
base_margin_m3_e10,dcopf_base_margin_v001,base_margin,3.0,,10.0,0,val_global,,6000,727,0.12116666666666667,1.0,1.0,727,5273,0.0687757909215956,1.0,0.1375515818431912,1.0,0.2751031636863824,1.0,0.687757909215956,1.0,200,6000,6000,200,200,200,False,rank_inversion_guard_exceeded,True,1.0,False,False
base_margin_m3_e10,dcopf_base_margin_v001,base_margin,3.0,,10.0,0,val_per_lop,0.004999999888241291,1000,52,0.052,1.0,1.0,52,948,0.9615384615384616,1.0,1.0,0.52,1.0,0.26,1.0,0.104,200,200,250,50,0,0,True,none,False,1.0,False,False
base_margin_m3_e10,dcopf_base_margin_v001,base_margin,3.0,,10.0,0,val_per_lop,0.00800000037997961,1000,84,0.084,1.0,1.0,84,916,0.5952380952380952,1.0,1.0,0.84,1.0,0.42,1.0,0.168,200,200,250,50,0,0,True,none,False,1.0,False,False
base_margin_m3_e10,dcopf_base_margin_v001,base_margin,3.0,,10.0,0,val_per_lop,0.010999999940395355,1000,116,0.116,1.0,1.0,116,884,0.43103448275862066,1.0,0.8620689655172413,1.0,1.0,0.58,1.0,0.232,200,200,250,50,0,0,True,none,False,1.0,False,False
base_margin_m3_e10,dcopf_base_margin_v001,base_margin,3.0,,10.0,0,val_per_lop,0.014000000432133675,1000,133,0.133,0.9999999999999999,1.0,133,867,0.37593984962406013,1.0,0.7518796992481203,1.0,1.0,0.665,1.0,0.266,200,200,250,50,0,0,True,none,False,1.0,False,False
base_margin_m3_e10,dcopf_base_margin_v001,base_margin,3.0,,10.0,0,val_per_lop,0.017000000923871994,1000,158,0.158,1.0,1.0,158,842,0.31645569620253167,1.0,0.6329113924050633,1.0,1.0,0.79,1.0,0.316,200,200,250,50,0,0,True,none,False,1.0,False,False
base_margin_m3_e10,dcopf_base_margin_v001,base_margin,3.0,,10.0,0,val_per_lop,0.019999999552965164,1000,184,0.184,0.9999999999999999,1.0,184,816,0.2717391304347826,1.0,0.5434782608695652,1.0,1.0,0.92,1.0,0.368,200,200,250,50,0,0,True,none,False,1.0,False,False
base_margin_m1_e20,dcopf_base_margin_v001,base_margin,1.0,,20.0,0,train_global,,24000,3063,0.127625,0.9974860140017708,0.9925622454279998,3043,20957,0.01632386549134835,1.0,0.03232125367286973,0.99,0.06464250734573947,0.99,0.16193274567417565,0.992,200,24000,24000,200,199,199,False,rank_inversion_guard_exceeded,True,1.0,False,False
base_margin_m1_e20,dcopf_base_margin_v001,base_margin,1.0,,20.0,0,val_global,,6000,727,0.12116666666666667,1.0,1.0,727,5273,0.0687757909215956,1.0,0.1375515818431912,1.0,0.2751031636863824,1.0,0.687757909215956,1.0,200,6000,6000,200,200,200,False,rank_inversion_guard_exceeded,True,1.0,False,False
base_margin_m1_e20,dcopf_base_margin_v001,base_margin,1.0,,20.0,0,val_per_lop,0.004999999888241291,1000,52,0.052,1.0,1.0,52,948,0.9615384615384616,1.0,1.0,0.52,1.0,0.26,1.0,0.104,200,200,250,50,0,0,True,none,False,1.0,False,False
base_margin_m1_e20,dcopf_base_margin_v001,base_margin,1.0,,20.0,0,val_per_lop,0.00800000037997961,1000,84,0.084,1.0,1.0,84,916,0.5952380952380952,1.0,1.0,0.84,1.0,0.42,1.0,0.168,200,200,250,50,0,0,True,none,False,1.0,False,False
base_margin_m1_e20,dcopf_base_margin_v001,base_margin,1.0,,20.0,0,val_per_lop,0.010999999940395355,1000,116,0.116,1.0,1.0,116,884,0.43103448275862066,1.0,0.8620689655172413,1.0,1.0,0.58,1.0,0.232,200,200,250,50,0,0,True,none,False,1.0,False,False
base_margin_m1_e20,dcopf_base_margin_v001,base_margin,1.0,,20.0,0,val_per_lop,0.014000000432133675,1000,133,0.133,1.0,1.0,133,867,0.37593984962406013,1.0,0.7518796992481203,1.0,1.0,0.665,1.0,0.266,200,200,250,50,0,0,True,none,False,1.0,False,False
base_margin_m1_e20,dcopf_base_margin_v001,base_margin,1.0,,20.0,0,val_per_lop,0.017000000923871994,1000,158,0.158,1.0,1.0,158,842,0.31645569620253167,1.0,0.6329113924050633,1.0,1.0,0.79,1.0,0.316,200,200,250,50,0,0,True,none,False,1.0,False,False
base_margin_m1_e20,dcopf_base_margin_v001,base_margin,1.0,,20.0,0,val_per_lop,0.019999999552965164,1000,184,0.184,1.0,1.0,184,816,0.2717391304347826,1.0,0.5434782608695652,1.0,1.0,0.92,1.0,0.368,200,200,250,50,0,0,True,none,False,1.0,False,False
base_margin_m1.2_e20,dcopf_base_margin_v001,base_margin,1.2,,20.0,0,train_global,,24000,3063,0.127625,0.9974372848813998,0.9926513365646253,3043,20957,0.01632386549134835,1.0,0.03232125367286973,0.99,0.06464250734573947,0.99,0.16193274567417565,0.992,200,24000,24000,200,199,199,False,rank_inversion_guard_exceeded,True,1.0,False,False
base_margin_m1.2_e20,dcopf_base_margin_v001,base_margin,1.2,,20.0,0,val_global,,6000,727,0.12116666666666667,1.0,1.0,727,5273,0.0687757909215956,1.0,0.1375515818431912,1.0,0.2751031636863824,1.0,0.687757909215956,1.0,200,6000,6000,200,200,200,False,rank_inversion_guard_exceeded,True,1.0,False,False
base_margin_m1.2_e20,dcopf_base_margin_v001,base_margin,1.2,,20.0,0,val_per_lop,0.004999999888241291,1000,52,0.052,1.0,1.0,52,948,0.9615384615384616,1.0,1.0,0.52,1.0,0.26,1.0,0.104,200,200,250,50,0,0,True,none,False,1.0,False,False
base_margin_m1.2_e20,dcopf_base_margin_v001,base_margin,1.2,,20.0,0,val_per_lop,0.00800000037997961,1000,84,0.084,1.0,1.0,84,916,0.5952380952380952,1.0,1.0,0.84,1.0,0.42,1.0,0.168,200,200,250,50,0,0,True,none,False,1.0,False,False
base_margin_m1.2_e20,dcopf_base_margin_v001,base_margin,1.2,,20.0,0,val_per_lop,0.010999999940395355,1000,116,0.116,1.0,1.0,116,884,0.43103448275862066,1.0,0.8620689655172413,1.0,1.0,0.58,1.0,0.232,200,200,250,50,0,0,True,none,False,1.0,False,False
base_margin_m1.2_e20,dcopf_base_margin_v001,base_margin,1.2,,20.0,0,val_per_lop,0.014000000432133675,1000,133,0.133,1.0,1.0,133,867,0.37593984962406013,1.0,0.7518796992481203,1.0,1.0,0.665,1.0,0.266,200,200,250,50,0,0,True,none,False,1.0,False,False
base_margin_m1.2_e20,dcopf_base_margin_v001,base_margin,1.2,,20.0,0,val_per_lop,0.017000000923871994,1000,158,0.158,1.0,1.0,158,842,0.31645569620253167,1.0,0.6329113924050633,1.0,1.0,0.79,1.0,0.316,200,200,250,50,0,0,True,none,False,1.0,False,False
base_margin_m1.2_e20,dcopf_base_margin_v001,base_margin,1.2,,20.0,0,val_per_lop,0.019999999552965164,1000,184,0.184,1.0,1.0,184,816,0.2717391304347826,1.0,0.5434782608695652,1.0,1.0,0.92,1.0,0.368,200,200,250,50,0,0,True,none,False,1.0,False,False
base_margin_m1.5_e20,dcopf_base_margin_v001,base_margin,1.5,,20.0,0,train_global,,24000,3063,0.127625,0.9974992683225119,0.9928912667440498,3043,20957,0.01632386549134835,1.0,0.03232125367286973,0.99,0.06464250734573947,0.99,0.16193274567417565,0.992,200,24000,24000,200,199,199,False,rank_inversion_guard_exceeded,True,1.0,False,False
base_margin_m1.5_e20,dcopf_base_margin_v001,base_margin,1.5,,20.0,0,val_global,,6000,727,0.12116666666666667,1.0,1.0,727,5273,0.0687757909215956,1.0,0.1375515818431912,1.0,0.2751031636863824,1.0,0.687757909215956,1.0,200,6000,6000,200,200,200,False,rank_inversion_guard_exceeded,True,1.0,False,False
base_margin_m1.5_e20,dcopf_base_margin_v001,base_margin,1.5,,20.0,0,val_per_lop,0.004999999888241291,1000,52,0.052,1.0,1.0,52,948,0.9615384615384616,1.0,1.0,0.52,1.0,0.26,1.0,0.104,200,200,250,50,0,0,True,none,False,1.0,False,False
base_margin_m1.5_e20,dcopf_base_margin_v001,base_margin,1.5,,20.0,0,val_per_lop,0.00800000037997961,1000,84,0.084,1.0,1.0,84,916,0.5952380952380952,1.0,1.0,0.84,1.0,0.42,1.0,0.168,200,200,250,50,0,0,True,none,False,1.0,False,False
base_margin_m1.5_e20,dcopf_base_margin_v001,base_margin,1.5,,20.0,0,val_per_lop,0.010999999940395355,1000,116,0.116,1.0,1.0,116,884,0.43103448275862066,1.0,0.8620689655172413,1.0,1.0,0.58,1.0,0.232,200,200,250,50,0,0,True,none,False,1.0,False,False
base_margin_m1.5_e20,dcopf_base_margin_v001,base_margin,1.5,,20.0,0,val_per_lop,0.014000000432133675,1000,133,0.133,1.0,1.0,133,867,0.37593984962406013,1.0,0.7518796992481203,1.0,1.0,0.665,1.0,0.266,200,200,250,50,0,0,True,none,False,1.0,False,False
base_margin_m1.5_e20,dcopf_base_margin_v001,base_margin,1.5,,20.0,0,val_per_lop,0.017000000923871994,1000,158,0.158,1.0,1.0,158,842,0.31645569620253167,1.0,0.6329113924050633,1.0,1.0,0.79,1.0,0.316,200,200,250,50,0,0,True,none,False,1.0,False,False
base_margin_m1.5_e20,dcopf_base_margin_v001,base_margin,1.5,,20.0,0,val_per_lop,0.019999999552965164,1000,184,0.184,1.0,1.0,184,816,0.2717391304347826,1.0,0.5434782608695652,1.0,1.0,0.92,1.0,0.368,200,200,250,50,0,0,True,none,False,1.0,False,False
base_margin_m2_e20,dcopf_base_margin_v001,base_margin,2.0,,20.0,0,train_global,,24000,3063,0.127625,0.9975870275191353,0.9932403788433608,3043,20957,0.01632386549134835,1.0,0.03232125367286973,0.99,0.06464250734573947,0.99,0.16193274567417565,0.992,200,24000,24000,200,199,199,False,rank_inversion_guard_exceeded,True,1.0,False,False
base_margin_m2_e20,dcopf_base_margin_v001,base_margin,2.0,,20.0,0,val_global,,6000,727,0.12116666666666667,1.0,1.0,727,5273,0.0687757909215956,1.0,0.1375515818431912,1.0,0.2751031636863824,1.0,0.687757909215956,1.0,200,6000,6000,200,200,200,False,rank_inversion_guard_exceeded,True,1.0,False,False
base_margin_m2_e20,dcopf_base_margin_v001,base_margin,2.0,,20.0,0,val_per_lop,0.004999999888241291,1000,52,0.052,1.0,1.0,52,948,0.9615384615384616,1.0,1.0,0.52,1.0,0.26,1.0,0.104,200,200,250,50,0,0,True,none,False,1.0,False,False
base_margin_m2_e20,dcopf_base_margin_v001,base_margin,2.0,,20.0,0,val_per_lop,0.00800000037997961,1000,84,0.084,1.0,1.0,84,916,0.5952380952380952,1.0,1.0,0.84,1.0,0.42,1.0,0.168,200,200,250,50,0,0,True,none,False,1.0,False,False
base_margin_m2_e20,dcopf_base_margin_v001,base_margin,2.0,,20.0,0,val_per_lop,0.010999999940395355,1000,116,0.116,1.0,1.0,116,884,0.43103448275862066,1.0,0.8620689655172413,1.0,1.0,0.58,1.0,0.232,200,200,250,50,0,0,True,none,False,1.0,False,False
base_margin_m2_e20,dcopf_base_margin_v001,base_margin,2.0,,20.0,0,val_per_lop,0.014000000432133675,1000,133,0.133,1.0,1.0,133,867,0.37593984962406013,1.0,0.7518796992481203,1.0,1.0,0.665,1.0,0.266,200,200,250,50,0,0,True,none,False,1.0,False,False
base_margin_m2_e20,dcopf_base_margin_v001,base_margin,2.0,,20.0,0,val_per_lop,0.017000000923871994,1000,158,0.158,1.0,1.0,158,842,0.31645569620253167,1.0,0.6329113924050633,1.0,1.0,0.79,1.0,0.316,200,200,250,50,0,0,True,none,False,1.0,False,False
base_margin_m2_e20,dcopf_base_margin_v001,base_margin,2.0,,20.0,0,val_per_lop,0.019999999552965164,1000,184,0.184,1.0,1.0,184,816,0.2717391304347826,1.0,0.5434782608695652,1.0,1.0,0.92,1.0,0.368,200,200,250,50,0,0,True,none,False,1.0,False,False
base_margin_m3_e20,dcopf_base_margin_v001,base_margin,3.0,,20.0,0,train_global,,24000,3063,0.127625,0.9977534238210488,0.9937559981211611,3043,20957,0.01632386549134835,1.0,0.03232125367286973,0.99,0.06464250734573947,0.99,0.16193274567417565,0.992,200,24000,24000,200,199,199,False,rank_inversion_guard_exceeded,True,1.0,False,False
base_margin_m3_e20,dcopf_base_margin_v001,base_margin,3.0,,20.0,0,val_global,,6000,727,0.12116666666666667,0.9999999999999999,1.0,727,5273,0.0687757909215956,1.0,0.1375515818431912,1.0,0.2751031636863824,1.0,0.687757909215956,1.0,200,6000,6000,200,200,200,False,rank_inversion_guard_exceeded,True,1.0,False,False
base_margin_m3_e20,dcopf_base_margin_v001,base_margin,3.0,,20.0,0,val_per_lop,0.004999999888241291,1000,52,0.052,1.0,1.0,52,948,0.9615384615384616,1.0,1.0,0.52,1.0,0.26,1.0,0.104,200,200,250,50,0,0,True,none,False,1.0,False,False
base_margin_m3_e20,dcopf_base_margin_v001,base_margin,3.0,,20.0,0,val_per_lop,0.00800000037997961,1000,84,0.084,1.0,1.0,84,916,0.5952380952380952,1.0,1.0,0.84,1.0,0.42,1.0,0.168,200,200,250,50,0,0,True,none,False,1.0,False,False
base_margin_m3_e20,dcopf_base_margin_v001,base_margin,3.0,,20.0,0,val_per_lop,0.010999999940395355,1000,116,0.116,1.0,1.0,116,884,0.43103448275862066,1.0,0.8620689655172413,1.0,1.0,0.58,1.0,0.232,200,200,250,50,0,0,True,none,False,1.0,False,False
base_margin_m3_e20,dcopf_base_margin_v001,base_margin,3.0,,20.0,0,val_per_lop,0.014000000432133675,1000,133,0.133,1.0,1.0,133,867,0.37593984962406013,1.0,0.7518796992481203,1.0,1.0,0.665,1.0,0.266,200,200,250,50,0,0,True,none,False,1.0,False,False
base_margin_m3_e20,dcopf_base_margin_v001,base_margin,3.0,,20.0,0,val_per_lop,0.017000000923871994,1000,158,0.158,1.0,1.0,158,842,0.31645569620253167,1.0,0.6329113924050633,1.0,1.0,0.79,1.0,0.316,200,200,250,50,0,0,True,none,False,1.0,False,False
base_margin_m3_e20,dcopf_base_margin_v001,base_margin,3.0,,20.0,0,val_per_lop,0.019999999552965164,1000,184,0.184,1.0,1.0,184,816,0.2717391304347826,1.0,0.5434782608695652,1.0,1.0,0.92,1.0,0.368,200,200,250,50,0,0,True,none,False,1.0,False,False
train_percentile_q90_e5,dcopf_train_percentile_v001,train_percentile,,90.0,5.0,0,train_global,,24000,3063,0.127625,0.9978152513289757,0.9938721225720588,3043,20957,0.01632386549134835,1.0,0.03232125367286973,0.99,0.06464250734573947,0.99,0.16193274567417565,0.992,200,24000,24000,200,199,199,False,rank_inversion_guard_exceeded,True,1.0,False,False
train_percentile_q90_e5,dcopf_train_percentile_v001,train_percentile,,90.0,5.0,0,val_global,,6000,727,0.12116666666666667,1.0,1.0,727,5273,0.0687757909215956,1.0,0.1375515818431912,1.0,0.2751031636863824,1.0,0.687757909215956,1.0,200,6000,6000,200,200,200,False,rank_inversion_guard_exceeded,True,1.0,False,False
train_percentile_q90_e5,dcopf_train_percentile_v001,train_percentile,,90.0,5.0,0,val_per_lop,0.004999999888241291,1000,52,0.052,1.0,1.0,52,948,0.9615384615384616,1.0,1.0,0.52,1.0,0.26,1.0,0.104,200,200,250,50,0,0,True,none,False,1.0,False,False
train_percentile_q90_e5,dcopf_train_percentile_v001,train_percentile,,90.0,5.0,0,val_per_lop,0.00800000037997961,1000,84,0.084,1.0,1.0,84,916,0.5952380952380952,1.0,1.0,0.84,1.0,0.42,1.0,0.168,200,200,250,50,0,0,True,none,False,1.0,False,False
train_percentile_q90_e5,dcopf_train_percentile_v001,train_percentile,,90.0,5.0,0,val_per_lop,0.010999999940395355,1000,116,0.116,1.0,1.0,116,884,0.43103448275862066,1.0,0.8620689655172413,1.0,1.0,0.58,1.0,0.232,200,200,250,50,0,0,True,none,False,1.0,False,False
train_percentile_q90_e5,dcopf_train_percentile_v001,train_percentile,,90.0,5.0,0,val_per_lop,0.014000000432133675,1000,133,0.133,1.0,1.0,133,867,0.37593984962406013,1.0,0.7518796992481203,1.0,1.0,0.665,1.0,0.266,200,200,250,50,0,0,True,none,False,1.0,False,False
train_percentile_q90_e5,dcopf_train_percentile_v001,train_percentile,,90.0,5.0,0,val_per_lop,0.017000000923871994,1000,158,0.158,1.0,1.0,158,842,0.31645569620253167,1.0,0.6329113924050633,1.0,1.0,0.79,1.0,0.316,200,200,250,50,0,0,True,none,False,1.0,False,False
train_percentile_q90_e5,dcopf_train_percentile_v001,train_percentile,,90.0,5.0,0,val_per_lop,0.019999999552965164,1000,184,0.184,1.0,1.0,184,816,0.2717391304347826,1.0,0.5434782608695652,1.0,1.0,0.92,1.0,0.368,200,200,250,50,0,0,True,none,False,1.0,False,False
train_percentile_q95_e5,dcopf_train_percentile_v001,train_percentile,,95.0,5.0,0,train_global,,24000,3063,0.127625,0.9980988314195576,0.9939487704814722,3043,20957,0.01632386549134835,1.0,0.03232125367286973,0.99,0.06464250734573947,0.99,0.16193274567417565,0.992,200,24000,24000,200,199,199,False,rank_inversion_guard_exceeded,True,1.0,False,False
train_percentile_q95_e5,dcopf_train_percentile_v001,train_percentile,,95.0,5.0,0,val_global,,6000,727,0.12116666666666667,1.0,1.0,727,5273,0.0687757909215956,1.0,0.1375515818431912,1.0,0.2751031636863824,1.0,0.687757909215956,1.0,200,6000,6000,200,200,200,False,rank_inversion_guard_exceeded,True,1.0,False,False
train_percentile_q95_e5,dcopf_train_percentile_v001,train_percentile,,95.0,5.0,0,val_per_lop,0.004999999888241291,1000,52,0.052,1.0,1.0,52,948,0.9615384615384616,1.0,1.0,0.52,1.0,0.26,1.0,0.104,200,200,250,50,0,0,True,none,False,1.0,False,False
train_percentile_q95_e5,dcopf_train_percentile_v001,train_percentile,,95.0,5.0,0,val_per_lop,0.00800000037997961,1000,84,0.084,1.0,1.0,84,916,0.5952380952380952,1.0,1.0,0.84,1.0,0.42,1.0,0.168,200,200,250,50,0,0,True,none,False,1.0,False,False
train_percentile_q95_e5,dcopf_train_percentile_v001,train_percentile,,95.0,5.0,0,val_per_lop,0.010999999940395355,1000,116,0.116,1.0,1.0,116,884,0.43103448275862066,1.0,0.8620689655172413,1.0,1.0,0.58,1.0,0.232,200,200,250,50,0,0,True,none,False,1.0,False,False
train_percentile_q95_e5,dcopf_train_percentile_v001,train_percentile,,95.0,5.0,0,val_per_lop,0.014000000432133675,1000,133,0.133,1.0,1.0,133,867,0.37593984962406013,1.0,0.7518796992481203,1.0,1.0,0.665,1.0,0.266,200,200,250,50,0,0,True,none,False,1.0,False,False
train_percentile_q95_e5,dcopf_train_percentile_v001,train_percentile,,95.0,5.0,0,val_per_lop,0.017000000923871994,1000,158,0.158,1.0,1.0,158,842,0.31645569620253167,1.0,0.6329113924050633,1.0,1.0,0.79,1.0,0.316,200,200,250,50,0,0,True,none,False,1.0,False,False
train_percentile_q95_e5,dcopf_train_percentile_v001,train_percentile,,95.0,5.0,0,val_per_lop,0.019999999552965164,1000,184,0.184,1.0,1.0,184,816,0.2717391304347826,1.0,0.5434782608695652,1.0,1.0,0.92,1.0,0.368,200,200,250,50,0,0,True,none,False,1.0,False,False
train_percentile_q97.5_e5,dcopf_train_percentile_v001,train_percentile,,97.5,5.0,0,train_global,,24000,3063,0.127625,0.9984630757468369,0.9943738132200979,3043,20957,0.01632386549134835,1.0,0.03232125367286973,0.99,0.06464250734573947,0.99,0.16193274567417565,0.992,200,24000,24000,200,199,199,False,rank_inversion_guard_exceeded,True,1.0,False,False
train_percentile_q97.5_e5,dcopf_train_percentile_v001,train_percentile,,97.5,5.0,0,val_global,,6000,727,0.12116666666666667,1.0,1.0,727,5273,0.0687757909215956,1.0,0.1375515818431912,1.0,0.2751031636863824,1.0,0.687757909215956,1.0,200,6000,6000,200,200,200,False,rank_inversion_guard_exceeded,True,1.0,False,False
train_percentile_q97.5_e5,dcopf_train_percentile_v001,train_percentile,,97.5,5.0,0,val_per_lop,0.004999999888241291,1000,52,0.052,1.0,1.0,52,948,0.9615384615384616,1.0,1.0,0.52,1.0,0.26,1.0,0.104,200,200,250,50,0,0,True,none,False,1.0,False,False
train_percentile_q97.5_e5,dcopf_train_percentile_v001,train_percentile,,97.5,5.0,0,val_per_lop,0.00800000037997961,1000,84,0.084,1.0,1.0,84,916,0.5952380952380952,1.0,1.0,0.84,1.0,0.42,1.0,0.168,200,200,250,50,0,0,True,none,False,1.0,False,False
train_percentile_q97.5_e5,dcopf_train_percentile_v001,train_percentile,,97.5,5.0,0,val_per_lop,0.010999999940395355,1000,116,0.116,1.0,1.0,116,884,0.43103448275862066,1.0,0.8620689655172413,1.0,1.0,0.58,1.0,0.232,200,200,250,50,0,0,True,none,False,1.0,False,False
train_percentile_q97.5_e5,dcopf_train_percentile_v001,train_percentile,,97.5,5.0,0,val_per_lop,0.014000000432133675,1000,133,0.133,1.0,1.0,133,867,0.37593984962406013,1.0,0.7518796992481203,1.0,1.0,0.665,1.0,0.266,200,200,250,50,0,0,True,none,False,1.0,False,False
train_percentile_q97.5_e5,dcopf_train_percentile_v001,train_percentile,,97.5,5.0,0,val_per_lop,0.017000000923871994,1000,158,0.158,1.0,1.0,158,842,0.31645569620253167,1.0,0.6329113924050633,1.0,1.0,0.79,1.0,0.316,200,200,250,50,0,0,True,none,False,1.0,False,False
train_percentile_q97.5_e5,dcopf_train_percentile_v001,train_percentile,,97.5,5.0,0,val_per_lop,0.019999999552965164,1000,184,0.184,1.0,1.0,184,816,0.2717391304347826,1.0,0.5434782608695652,1.0,1.0,0.92,1.0,0.368,200,200,250,50,0,0,True,none,False,1.0,False,False
train_percentile_q99_e5,dcopf_train_percentile_v001,train_percentile,,99.0,5.0,0,train_global,,24000,3063,0.127625,0.9993963202668654,0.9960306062271337,3043,20957,0.01632386549134835,1.0,0.03232125367286973,0.99,0.06464250734573947,0.99,0.16193274567417565,0.992,200,24000,24000,200,199,199,False,rank_inversion_guard_exceeded,True,1.0,False,False
train_percentile_q99_e5,dcopf_train_percentile_v001,train_percentile,,99.0,5.0,0,val_global,,6000,727,0.12116666666666667,1.0,1.0,727,5273,0.0687757909215956,1.0,0.1375515818431912,1.0,0.2751031636863824,1.0,0.687757909215956,1.0,200,6000,6000,200,200,200,False,rank_inversion_guard_exceeded,True,1.0,False,False
train_percentile_q99_e5,dcopf_train_percentile_v001,train_percentile,,99.0,5.0,0,val_per_lop,0.004999999888241291,1000,52,0.052,1.0,1.0,52,948,0.9615384615384616,1.0,1.0,0.52,1.0,0.26,1.0,0.104,200,200,250,50,0,0,True,none,False,1.0,False,False
train_percentile_q99_e5,dcopf_train_percentile_v001,train_percentile,,99.0,5.0,0,val_per_lop,0.00800000037997961,1000,84,0.084,1.0,1.0,84,916,0.5952380952380952,1.0,1.0,0.84,1.0,0.42,1.0,0.168,200,200,250,50,0,0,True,none,False,1.0,False,False
train_percentile_q99_e5,dcopf_train_percentile_v001,train_percentile,,99.0,5.0,0,val_per_lop,0.010999999940395355,1000,116,0.116,1.0,1.0,116,884,0.43103448275862066,1.0,0.8620689655172413,1.0,1.0,0.58,1.0,0.232,200,200,250,50,0,0,True,none,False,1.0,False,False
train_percentile_q99_e5,dcopf_train_percentile_v001,train_percentile,,99.0,5.0,0,val_per_lop,0.014000000432133675,1000,133,0.133,1.0,1.0,133,867,0.37593984962406013,1.0,0.7518796992481203,1.0,1.0,0.665,1.0,0.266,200,200,250,50,0,0,True,none,False,1.0,False,False
train_percentile_q99_e5,dcopf_train_percentile_v001,train_percentile,,99.0,5.0,0,val_per_lop,0.017000000923871994,1000,158,0.158,0.9999999999999999,1.0,158,842,0.31645569620253167,1.0,0.6329113924050633,1.0,1.0,0.79,1.0,0.316,200,200,250,50,0,0,True,none,False,1.0,False,False
train_percentile_q99_e5,dcopf_train_percentile_v001,train_percentile,,99.0,5.0,0,val_per_lop,0.019999999552965164,1000,184,0.184,1.0,1.0,184,816,0.2717391304347826,1.0,0.5434782608695652,1.0,1.0,0.92,1.0,0.368,200,200,250,50,0,0,True,none,False,1.0,False,False
train_percentile_q90_e10,dcopf_train_percentile_v001,train_percentile,,90.0,10.0,0,train_global,,24000,3063,0.127625,0.9979960558572005,0.9944166719925649,3043,20957,0.01632386549134835,1.0,0.03232125367286973,0.99,0.06464250734573947,0.99,0.16193274567417565,0.992,200,24000,24000,200,199,199,False,rank_inversion_guard_exceeded,True,1.0,False,False
train_percentile_q90_e10,dcopf_train_percentile_v001,train_percentile,,90.0,10.0,0,val_global,,6000,727,0.12116666666666667,1.0,1.0,727,5273,0.0687757909215956,1.0,0.1375515818431912,1.0,0.2751031636863824,1.0,0.687757909215956,1.0,200,6000,6000,200,200,200,False,rank_inversion_guard_exceeded,True,1.0,False,False
train_percentile_q90_e10,dcopf_train_percentile_v001,train_percentile,,90.0,10.0,0,val_per_lop,0.004999999888241291,1000,52,0.052,1.0,1.0,52,948,0.9615384615384616,1.0,1.0,0.52,1.0,0.26,1.0,0.104,200,200,250,50,0,0,True,none,False,1.0,False,False
train_percentile_q90_e10,dcopf_train_percentile_v001,train_percentile,,90.0,10.0,0,val_per_lop,0.00800000037997961,1000,84,0.084,1.0,1.0,84,916,0.5952380952380952,1.0,1.0,0.84,1.0,0.42,1.0,0.168,200,200,250,50,0,0,True,none,False,1.0,False,False
train_percentile_q90_e10,dcopf_train_percentile_v001,train_percentile,,90.0,10.0,0,val_per_lop,0.010999999940395355,1000,116,0.116,1.0,1.0,116,884,0.43103448275862066,1.0,0.8620689655172413,1.0,1.0,0.58,1.0,0.232,200,200,250,50,0,0,True,none,False,1.0,False,False
train_percentile_q90_e10,dcopf_train_percentile_v001,train_percentile,,90.0,10.0,0,val_per_lop,0.014000000432133675,1000,133,0.133,1.0,1.0,133,867,0.37593984962406013,1.0,0.7518796992481203,1.0,1.0,0.665,1.0,0.266,200,200,250,50,0,0,True,none,False,1.0,False,False
train_percentile_q90_e10,dcopf_train_percentile_v001,train_percentile,,90.0,10.0,0,val_per_lop,0.017000000923871994,1000,158,0.158,1.0,1.0,158,842,0.31645569620253167,1.0,0.6329113924050633,1.0,1.0,0.79,1.0,0.316,200,200,250,50,0,0,True,none,False,1.0,False,False
train_percentile_q90_e10,dcopf_train_percentile_v001,train_percentile,,90.0,10.0,0,val_per_lop,0.019999999552965164,1000,184,0.184,1.0,1.0,184,816,0.2717391304347826,1.0,0.5434782608695652,1.0,1.0,0.92,1.0,0.368,200,200,250,50,0,0,True,none,False,1.0,False,False
train_percentile_q95_e10,dcopf_train_percentile_v001,train_percentile,,95.0,10.0,0,train_global,,24000,3063,0.127625,0.9981841580584923,0.9942370024155809,3043,20957,0.01632386549134835,1.0,0.03232125367286973,0.99,0.06464250734573947,0.99,0.16193274567417565,0.992,200,24000,24000,200,199,199,False,rank_inversion_guard_exceeded,True,1.0,False,False
train_percentile_q95_e10,dcopf_train_percentile_v001,train_percentile,,95.0,10.0,0,val_global,,6000,727,0.12116666666666667,1.0,1.0,727,5273,0.0687757909215956,1.0,0.1375515818431912,1.0,0.2751031636863824,1.0,0.687757909215956,1.0,200,6000,6000,200,200,200,False,rank_inversion_guard_exceeded,True,1.0,False,False
train_percentile_q95_e10,dcopf_train_percentile_v001,train_percentile,,95.0,10.0,0,val_per_lop,0.004999999888241291,1000,52,0.052,1.0,1.0,52,948,0.9615384615384616,1.0,1.0,0.52,1.0,0.26,1.0,0.104,200,200,250,50,0,0,True,none,False,1.0,False,False
train_percentile_q95_e10,dcopf_train_percentile_v001,train_percentile,,95.0,10.0,0,val_per_lop,0.00800000037997961,1000,84,0.084,1.0,1.0,84,916,0.5952380952380952,1.0,1.0,0.84,1.0,0.42,1.0,0.168,200,200,250,50,0,0,True,none,False,1.0,False,False
train_percentile_q95_e10,dcopf_train_percentile_v001,train_percentile,,95.0,10.0,0,val_per_lop,0.010999999940395355,1000,116,0.116,1.0,1.0,116,884,0.43103448275862066,1.0,0.8620689655172413,1.0,1.0,0.58,1.0,0.232,200,200,250,50,0,0,True,none,False,1.0,False,False
train_percentile_q95_e10,dcopf_train_percentile_v001,train_percentile,,95.0,10.0,0,val_per_lop,0.014000000432133675,1000,133,0.133,1.0,1.0,133,867,0.37593984962406013,1.0,0.7518796992481203,1.0,1.0,0.665,1.0,0.266,200,200,250,50,0,0,True,none,False,1.0,False,False
train_percentile_q95_e10,dcopf_train_percentile_v001,train_percentile,,95.0,10.0,0,val_per_lop,0.017000000923871994,1000,158,0.158,1.0,1.0,158,842,0.31645569620253167,1.0,0.6329113924050633,1.0,1.0,0.79,1.0,0.316,200,200,250,50,0,0,True,none,False,1.0,False,False
train_percentile_q95_e10,dcopf_train_percentile_v001,train_percentile,,95.0,10.0,0,val_per_lop,0.019999999552965164,1000,184,0.184,1.0,1.0,184,816,0.2717391304347826,1.0,0.5434782608695652,1.0,1.0,0.92,1.0,0.368,200,200,250,50,0,0,True,none,False,1.0,False,False
train_percentile_q97.5_e10,dcopf_train_percentile_v001,train_percentile,,97.5,10.0,0,train_global,,24000,3063,0.127625,0.9984630757468369,0.9943738132200979,3043,20957,0.01632386549134835,1.0,0.03232125367286973,0.99,0.06464250734573947,0.99,0.16193274567417565,0.992,200,24000,24000,200,199,199,False,rank_inversion_guard_exceeded,True,1.0,False,False
train_percentile_q97.5_e10,dcopf_train_percentile_v001,train_percentile,,97.5,10.0,0,val_global,,6000,727,0.12116666666666667,1.0,1.0,727,5273,0.0687757909215956,1.0,0.1375515818431912,1.0,0.2751031636863824,1.0,0.687757909215956,1.0,200,6000,6000,200,200,200,False,rank_inversion_guard_exceeded,True,1.0,False,False
train_percentile_q97.5_e10,dcopf_train_percentile_v001,train_percentile,,97.5,10.0,0,val_per_lop,0.004999999888241291,1000,52,0.052,1.0,1.0,52,948,0.9615384615384616,1.0,1.0,0.52,1.0,0.26,1.0,0.104,200,200,250,50,0,0,True,none,False,1.0,False,False
train_percentile_q97.5_e10,dcopf_train_percentile_v001,train_percentile,,97.5,10.0,0,val_per_lop,0.00800000037997961,1000,84,0.084,1.0,1.0,84,916,0.5952380952380952,1.0,1.0,0.84,1.0,0.42,1.0,0.168,200,200,250,50,0,0,True,none,False,1.0,False,False
train_percentile_q97.5_e10,dcopf_train_percentile_v001,train_percentile,,97.5,10.0,0,val_per_lop,0.010999999940395355,1000,116,0.116,1.0,1.0,116,884,0.43103448275862066,1.0,0.8620689655172413,1.0,1.0,0.58,1.0,0.232,200,200,250,50,0,0,True,none,False,1.0,False,False
train_percentile_q97.5_e10,dcopf_train_percentile_v001,train_percentile,,97.5,10.0,0,val_per_lop,0.014000000432133675,1000,133,0.133,1.0,1.0,133,867,0.37593984962406013,1.0,0.7518796992481203,1.0,1.0,0.665,1.0,0.266,200,200,250,50,0,0,True,none,False,1.0,False,False
train_percentile_q97.5_e10,dcopf_train_percentile_v001,train_percentile,,97.5,10.0,0,val_per_lop,0.017000000923871994,1000,158,0.158,1.0,1.0,158,842,0.31645569620253167,1.0,0.6329113924050633,1.0,1.0,0.79,1.0,0.316,200,200,250,50,0,0,True,none,False,1.0,False,False
train_percentile_q97.5_e10,dcopf_train_percentile_v001,train_percentile,,97.5,10.0,0,val_per_lop,0.019999999552965164,1000,184,0.184,1.0,1.0,184,816,0.2717391304347826,1.0,0.5434782608695652,1.0,1.0,0.92,1.0,0.368,200,200,250,50,0,0,True,none,False,1.0,False,False
train_percentile_q99_e10,dcopf_train_percentile_v001,train_percentile,,99.0,10.0,0,train_global,,24000,3063,0.127625,0.9993978172254431,0.9960397498326408,3043,20957,0.01632386549134835,1.0,0.03232125367286973,0.99,0.06464250734573947,0.99,0.16193274567417565,0.992,200,24000,24000,200,199,199,False,rank_inversion_guard_exceeded,True,1.0,False,False
train_percentile_q99_e10,dcopf_train_percentile_v001,train_percentile,,99.0,10.0,0,val_global,,6000,727,0.12116666666666667,1.0,1.0,727,5273,0.0687757909215956,1.0,0.1375515818431912,1.0,0.2751031636863824,1.0,0.687757909215956,1.0,200,6000,6000,200,200,200,False,rank_inversion_guard_exceeded,True,1.0,False,False
train_percentile_q99_e10,dcopf_train_percentile_v001,train_percentile,,99.0,10.0,0,val_per_lop,0.004999999888241291,1000,52,0.052,1.0,1.0,52,948,0.9615384615384616,1.0,1.0,0.52,1.0,0.26,1.0,0.104,200,200,250,50,0,0,True,none,False,1.0,False,False
train_percentile_q99_e10,dcopf_train_percentile_v001,train_percentile,,99.0,10.0,0,val_per_lop,0.00800000037997961,1000,84,0.084,1.0,1.0,84,916,0.5952380952380952,1.0,1.0,0.84,1.0,0.42,1.0,0.168,200,200,250,50,0,0,True,none,False,1.0,False,False
train_percentile_q99_e10,dcopf_train_percentile_v001,train_percentile,,99.0,10.0,0,val_per_lop,0.010999999940395355,1000,116,0.116,1.0,1.0,116,884,0.43103448275862066,1.0,0.8620689655172413,1.0,1.0,0.58,1.0,0.232,200,200,250,50,0,0,True,none,False,1.0,False,False
train_percentile_q99_e10,dcopf_train_percentile_v001,train_percentile,,99.0,10.0,0,val_per_lop,0.014000000432133675,1000,133,0.133,1.0,1.0,133,867,0.37593984962406013,1.0,0.7518796992481203,1.0,1.0,0.665,1.0,0.266,200,200,250,50,0,0,True,none,False,1.0,False,False
train_percentile_q99_e10,dcopf_train_percentile_v001,train_percentile,,99.0,10.0,0,val_per_lop,0.017000000923871994,1000,158,0.158,0.9999999999999999,1.0,158,842,0.31645569620253167,1.0,0.6329113924050633,1.0,1.0,0.79,1.0,0.316,200,200,250,50,0,0,True,none,False,1.0,False,False
train_percentile_q99_e10,dcopf_train_percentile_v001,train_percentile,,99.0,10.0,0,val_per_lop,0.019999999552965164,1000,184,0.184,1.0,1.0,184,816,0.2717391304347826,1.0,0.5434782608695652,1.0,1.0,0.92,1.0,0.368,200,200,250,50,0,0,True,none,False,1.0,False,False
train_percentile_q90_e20,dcopf_train_percentile_v001,train_percentile,,90.0,20.0,0,train_global,,24000,3063,0.127625,0.9979731960522521,0.9937370170844055,3043,20957,0.01632386549134835,1.0,0.03232125367286973,0.99,0.06464250734573947,0.99,0.16193274567417565,0.992,200,24000,24000,200,199,199,False,rank_inversion_guard_exceeded,True,1.0,False,False
train_percentile_q90_e20,dcopf_train_percentile_v001,train_percentile,,90.0,20.0,0,val_global,,6000,727,0.12116666666666667,1.0,1.0,727,5273,0.0687757909215956,1.0,0.1375515818431912,1.0,0.2751031636863824,1.0,0.687757909215956,1.0,200,6000,6000,200,200,200,False,rank_inversion_guard_exceeded,True,1.0,False,False
train_percentile_q90_e20,dcopf_train_percentile_v001,train_percentile,,90.0,20.0,0,val_per_lop,0.004999999888241291,1000,52,0.052,1.0,1.0,52,948,0.9615384615384616,1.0,1.0,0.52,1.0,0.26,1.0,0.104,200,200,250,50,0,0,True,none,False,1.0,False,False
train_percentile_q90_e20,dcopf_train_percentile_v001,train_percentile,,90.0,20.0,0,val_per_lop,0.00800000037997961,1000,84,0.084,1.0,1.0,84,916,0.5952380952380952,1.0,1.0,0.84,1.0,0.42,1.0,0.168,200,200,250,50,0,0,True,none,False,1.0,False,False
train_percentile_q90_e20,dcopf_train_percentile_v001,train_percentile,,90.0,20.0,0,val_per_lop,0.010999999940395355,1000,116,0.116,1.0,1.0,116,884,0.43103448275862066,1.0,0.8620689655172413,1.0,1.0,0.58,1.0,0.232,200,200,250,50,0,0,True,none,False,1.0,False,False
train_percentile_q90_e20,dcopf_train_percentile_v001,train_percentile,,90.0,20.0,0,val_per_lop,0.014000000432133675,1000,133,0.133,1.0,1.0,133,867,0.37593984962406013,1.0,0.7518796992481203,1.0,1.0,0.665,1.0,0.266,200,200,250,50,0,0,True,none,False,1.0,False,False
train_percentile_q90_e20,dcopf_train_percentile_v001,train_percentile,,90.0,20.0,0,val_per_lop,0.017000000923871994,1000,158,0.158,1.0,1.0,158,842,0.31645569620253167,1.0,0.6329113924050633,1.0,1.0,0.79,1.0,0.316,200,200,250,50,0,0,True,none,False,1.0,False,False
train_percentile_q90_e20,dcopf_train_percentile_v001,train_percentile,,90.0,20.0,0,val_per_lop,0.019999999552965164,1000,184,0.184,1.0,1.0,184,816,0.2717391304347826,1.0,0.5434782608695652,1.0,1.0,0.92,1.0,0.368,200,200,250,50,0,0,True,none,False,1.0,False,False
train_percentile_q95_e20,dcopf_train_percentile_v001,train_percentile,,95.0,20.0,0,train_global,,24000,3063,0.127625,0.9982208179503297,0.9942447115509009,3043,20957,0.01632386549134835,1.0,0.03232125367286973,0.99,0.06464250734573947,0.99,0.16193274567417565,0.992,200,24000,24000,200,199,199,False,rank_inversion_guard_exceeded,True,1.0,False,False
train_percentile_q95_e20,dcopf_train_percentile_v001,train_percentile,,95.0,20.0,0,val_global,,6000,727,0.12116666666666667,1.0,1.0,727,5273,0.0687757909215956,1.0,0.1375515818431912,1.0,0.2751031636863824,1.0,0.687757909215956,1.0,200,6000,6000,200,200,200,False,rank_inversion_guard_exceeded,True,1.0,False,False
train_percentile_q95_e20,dcopf_train_percentile_v001,train_percentile,,95.0,20.0,0,val_per_lop,0.004999999888241291,1000,52,0.052,1.0,1.0,52,948,0.9615384615384616,1.0,1.0,0.52,1.0,0.26,1.0,0.104,200,200,250,50,0,0,True,none,False,1.0,False,False
train_percentile_q95_e20,dcopf_train_percentile_v001,train_percentile,,95.0,20.0,0,val_per_lop,0.00800000037997961,1000,84,0.084,1.0,1.0,84,916,0.5952380952380952,1.0,1.0,0.84,1.0,0.42,1.0,0.168,200,200,250,50,0,0,True,none,False,1.0,False,False
train_percentile_q95_e20,dcopf_train_percentile_v001,train_percentile,,95.0,20.0,0,val_per_lop,0.010999999940395355,1000,116,0.116,1.0,1.0,116,884,0.43103448275862066,1.0,0.8620689655172413,1.0,1.0,0.58,1.0,0.232,200,200,250,50,0,0,True,none,False,1.0,False,False
train_percentile_q95_e20,dcopf_train_percentile_v001,train_percentile,,95.0,20.0,0,val_per_lop,0.014000000432133675,1000,133,0.133,0.9999999999999999,1.0,133,867,0.37593984962406013,1.0,0.7518796992481203,1.0,1.0,0.665,1.0,0.266,200,200,250,50,0,0,True,none,False,1.0,False,False
train_percentile_q95_e20,dcopf_train_percentile_v001,train_percentile,,95.0,20.0,0,val_per_lop,0.017000000923871994,1000,158,0.158,1.0,1.0,158,842,0.31645569620253167,1.0,0.6329113924050633,1.0,1.0,0.79,1.0,0.316,200,200,250,50,0,0,True,none,False,1.0,False,False
train_percentile_q95_e20,dcopf_train_percentile_v001,train_percentile,,95.0,20.0,0,val_per_lop,0.019999999552965164,1000,184,0.184,1.0,1.0,184,816,0.2717391304347826,1.0,0.5434782608695652,1.0,1.0,0.92,1.0,0.368,200,200,250,50,0,0,True,none,False,1.0,False,False
train_percentile_q97.5_e20,dcopf_train_percentile_v001,train_percentile,,97.5,20.0,0,train_global,,24000,3063,0.127625,0.9984702486733554,0.9943399091646253,3043,20957,0.01632386549134835,1.0,0.03232125367286973,0.99,0.06464250734573947,0.99,0.16193274567417565,0.992,200,24000,24000,200,199,199,False,rank_inversion_guard_exceeded,True,1.0,False,False
train_percentile_q97.5_e20,dcopf_train_percentile_v001,train_percentile,,97.5,20.0,0,val_global,,6000,727,0.12116666666666667,1.0,1.0,727,5273,0.0687757909215956,1.0,0.1375515818431912,1.0,0.2751031636863824,1.0,0.687757909215956,1.0,200,6000,6000,200,200,200,False,rank_inversion_guard_exceeded,True,1.0,False,False
train_percentile_q97.5_e20,dcopf_train_percentile_v001,train_percentile,,97.5,20.0,0,val_per_lop,0.004999999888241291,1000,52,0.052,1.0,1.0,52,948,0.9615384615384616,1.0,1.0,0.52,1.0,0.26,1.0,0.104,200,200,250,50,0,0,True,none,False,1.0,False,False
train_percentile_q97.5_e20,dcopf_train_percentile_v001,train_percentile,,97.5,20.0,0,val_per_lop,0.00800000037997961,1000,84,0.084,1.0,1.0,84,916,0.5952380952380952,1.0,1.0,0.84,1.0,0.42,1.0,0.168,200,200,250,50,0,0,True,none,False,1.0,False,False
train_percentile_q97.5_e20,dcopf_train_percentile_v001,train_percentile,,97.5,20.0,0,val_per_lop,0.010999999940395355,1000,116,0.116,1.0,1.0,116,884,0.43103448275862066,1.0,0.8620689655172413,1.0,1.0,0.58,1.0,0.232,200,200,250,50,0,0,True,none,False,1.0,False,False
train_percentile_q97.5_e20,dcopf_train_percentile_v001,train_percentile,,97.5,20.0,0,val_per_lop,0.014000000432133675,1000,133,0.133,1.0,1.0,133,867,0.37593984962406013,1.0,0.7518796992481203,1.0,1.0,0.665,1.0,0.266,200,200,250,50,0,0,True,none,False,1.0,False,False
train_percentile_q97.5_e20,dcopf_train_percentile_v001,train_percentile,,97.5,20.0,0,val_per_lop,0.017000000923871994,1000,158,0.158,1.0,1.0,158,842,0.31645569620253167,1.0,0.6329113924050633,1.0,1.0,0.79,1.0,0.316,200,200,250,50,0,0,True,none,False,1.0,False,False
train_percentile_q97.5_e20,dcopf_train_percentile_v001,train_percentile,,97.5,20.0,0,val_per_lop,0.019999999552965164,1000,184,0.184,1.0,1.0,184,816,0.2717391304347826,1.0,0.5434782608695652,1.0,1.0,0.92,1.0,0.368,200,200,250,50,0,0,True,none,False,1.0,False,False
train_percentile_q99_e20,dcopf_train_percentile_v001,train_percentile,,99.0,20.0,0,train_global,,24000,3063,0.127625,0.999412786811221,0.9960662510426832,3043,20957,0.01632386549134835,1.0,0.03232125367286973,0.99,0.06464250734573947,0.99,0.16193274567417565,0.992,200,24000,24000,200,199,199,False,rank_inversion_guard_exceeded,True,1.0,False,False
train_percentile_q99_e20,dcopf_train_percentile_v001,train_percentile,,99.0,20.0,0,val_global,,6000,727,0.12116666666666667,1.0,1.0,727,5273,0.0687757909215956,1.0,0.1375515818431912,1.0,0.2751031636863824,1.0,0.687757909215956,1.0,200,6000,6000,200,200,200,False,rank_inversion_guard_exceeded,True,1.0,False,False
train_percentile_q99_e20,dcopf_train_percentile_v001,train_percentile,,99.0,20.0,0,val_per_lop,0.004999999888241291,1000,52,0.052,1.0,1.0,52,948,0.9615384615384616,1.0,1.0,0.52,1.0,0.26,1.0,0.104,200,200,250,50,0,0,True,none,False,1.0,False,False
train_percentile_q99_e20,dcopf_train_percentile_v001,train_percentile,,99.0,20.0,0,val_per_lop,0.00800000037997961,1000,84,0.084,1.0,1.0,84,916,0.5952380952380952,1.0,1.0,0.84,1.0,0.42,1.0,0.168,200,200,250,50,0,0,True,none,False,1.0,False,False
train_percentile_q99_e20,dcopf_train_percentile_v001,train_percentile,,99.0,20.0,0,val_per_lop,0.010999999940395355,1000,116,0.116,1.0,1.0,116,884,0.43103448275862066,1.0,0.8620689655172413,1.0,1.0,0.58,1.0,0.232,200,200,250,50,0,0,True,none,False,1.0,False,False
train_percentile_q99_e20,dcopf_train_percentile_v001,train_percentile,,99.0,20.0,0,val_per_lop,0.014000000432133675,1000,133,0.133,1.0,1.0,133,867,0.37593984962406013,1.0,0.7518796992481203,1.0,1.0,0.665,1.0,0.266,200,200,250,50,0,0,True,none,False,1.0,False,False
train_percentile_q99_e20,dcopf_train_percentile_v001,train_percentile,,99.0,20.0,0,val_per_lop,0.017000000923871994,1000,158,0.158,0.9999999999999999,1.0,158,842,0.31645569620253167,1.0,0.6329113924050633,1.0,1.0,0.79,1.0,0.316,200,200,250,50,0,0,True,none,False,1.0,False,False
train_percentile_q99_e20,dcopf_train_percentile_v001,train_percentile,,99.0,20.0,0,val_per_lop,0.019999999552965164,1000,184,0.184,1.0,1.0,184,816,0.2717391304347826,1.0,0.5434782608695652,1.0,1.0,0.92,1.0,0.368,200,200,250,50,0,0,True,none,False,1.0,False,False
hybrid_m1_q90_e5,dcopf_hybrid_v001,hybrid,1.0,90.0,5.0,0,train_global,,24000,3063,0.127625,0.9978152513289757,0.9938721225720588,3043,20957,0.01632386549134835,1.0,0.03232125367286973,0.99,0.06464250734573947,0.99,0.16193274567417565,0.992,200,24000,24000,200,199,199,False,rank_inversion_guard_exceeded,True,1.0,False,False
hybrid_m1_q90_e5,dcopf_hybrid_v001,hybrid,1.0,90.0,5.0,0,val_global,,6000,727,0.12116666666666667,1.0,1.0,727,5273,0.0687757909215956,1.0,0.1375515818431912,1.0,0.2751031636863824,1.0,0.687757909215956,1.0,200,6000,6000,200,200,200,False,rank_inversion_guard_exceeded,True,1.0,False,False
hybrid_m1_q90_e5,dcopf_hybrid_v001,hybrid,1.0,90.0,5.0,0,val_per_lop,0.004999999888241291,1000,52,0.052,1.0,1.0,52,948,0.9615384615384616,1.0,1.0,0.52,1.0,0.26,1.0,0.104,200,200,250,50,0,0,True,none,False,1.0,False,False
hybrid_m1_q90_e5,dcopf_hybrid_v001,hybrid,1.0,90.0,5.0,0,val_per_lop,0.00800000037997961,1000,84,0.084,1.0,1.0,84,916,0.5952380952380952,1.0,1.0,0.84,1.0,0.42,1.0,0.168,200,200,250,50,0,0,True,none,False,1.0,False,False
hybrid_m1_q90_e5,dcopf_hybrid_v001,hybrid,1.0,90.0,5.0,0,val_per_lop,0.010999999940395355,1000,116,0.116,1.0,1.0,116,884,0.43103448275862066,1.0,0.8620689655172413,1.0,1.0,0.58,1.0,0.232,200,200,250,50,0,0,True,none,False,1.0,False,False
hybrid_m1_q90_e5,dcopf_hybrid_v001,hybrid,1.0,90.0,5.0,0,val_per_lop,0.014000000432133675,1000,133,0.133,1.0,1.0,133,867,0.37593984962406013,1.0,0.7518796992481203,1.0,1.0,0.665,1.0,0.266,200,200,250,50,0,0,True,none,False,1.0,False,False
hybrid_m1_q90_e5,dcopf_hybrid_v001,hybrid,1.0,90.0,5.0,0,val_per_lop,0.017000000923871994,1000,158,0.158,1.0,1.0,158,842,0.31645569620253167,1.0,0.6329113924050633,1.0,1.0,0.79,1.0,0.316,200,200,250,50,0,0,True,none,False,1.0,False,False
hybrid_m1_q90_e5,dcopf_hybrid_v001,hybrid,1.0,90.0,5.0,0,val_per_lop,0.019999999552965164,1000,184,0.184,1.0,1.0,184,816,0.2717391304347826,1.0,0.5434782608695652,1.0,1.0,0.92,1.0,0.368,200,200,250,50,0,0,True,none,False,1.0,False,False
hybrid_m1_q95_e5,dcopf_hybrid_v001,hybrid,1.0,95.0,5.0,0,train_global,,24000,3063,0.127625,0.9980988314195576,0.9939487704814722,3043,20957,0.01632386549134835,1.0,0.03232125367286973,0.99,0.06464250734573947,0.99,0.16193274567417565,0.992,200,24000,24000,200,199,199,False,rank_inversion_guard_exceeded,True,1.0,False,False
hybrid_m1_q95_e5,dcopf_hybrid_v001,hybrid,1.0,95.0,5.0,0,val_global,,6000,727,0.12116666666666667,1.0,1.0,727,5273,0.0687757909215956,1.0,0.1375515818431912,1.0,0.2751031636863824,1.0,0.687757909215956,1.0,200,6000,6000,200,200,200,False,rank_inversion_guard_exceeded,True,1.0,False,False
hybrid_m1_q95_e5,dcopf_hybrid_v001,hybrid,1.0,95.0,5.0,0,val_per_lop,0.004999999888241291,1000,52,0.052,1.0,1.0,52,948,0.9615384615384616,1.0,1.0,0.52,1.0,0.26,1.0,0.104,200,200,250,50,0,0,True,none,False,1.0,False,False
hybrid_m1_q95_e5,dcopf_hybrid_v001,hybrid,1.0,95.0,5.0,0,val_per_lop,0.00800000037997961,1000,84,0.084,1.0,1.0,84,916,0.5952380952380952,1.0,1.0,0.84,1.0,0.42,1.0,0.168,200,200,250,50,0,0,True,none,False,1.0,False,False
hybrid_m1_q95_e5,dcopf_hybrid_v001,hybrid,1.0,95.0,5.0,0,val_per_lop,0.010999999940395355,1000,116,0.116,1.0,1.0,116,884,0.43103448275862066,1.0,0.8620689655172413,1.0,1.0,0.58,1.0,0.232,200,200,250,50,0,0,True,none,False,1.0,False,False
hybrid_m1_q95_e5,dcopf_hybrid_v001,hybrid,1.0,95.0,5.0,0,val_per_lop,0.014000000432133675,1000,133,0.133,1.0,1.0,133,867,0.37593984962406013,1.0,0.7518796992481203,1.0,1.0,0.665,1.0,0.266,200,200,250,50,0,0,True,none,False,1.0,False,False
hybrid_m1_q95_e5,dcopf_hybrid_v001,hybrid,1.0,95.0,5.0,0,val_per_lop,0.017000000923871994,1000,158,0.158,1.0,1.0,158,842,0.31645569620253167,1.0,0.6329113924050633,1.0,1.0,0.79,1.0,0.316,200,200,250,50,0,0,True,none,False,1.0,False,False
hybrid_m1_q95_e5,dcopf_hybrid_v001,hybrid,1.0,95.0,5.0,0,val_per_lop,0.019999999552965164,1000,184,0.184,1.0,1.0,184,816,0.2717391304347826,1.0,0.5434782608695652,1.0,1.0,0.92,1.0,0.368,200,200,250,50,0,0,True,none,False,1.0,False,False
hybrid_m1_q97.5_e5,dcopf_hybrid_v001,hybrid,1.0,97.5,5.0,0,train_global,,24000,3063,0.127625,0.9984630757468369,0.9943738132200979,3043,20957,0.01632386549134835,1.0,0.03232125367286973,0.99,0.06464250734573947,0.99,0.16193274567417565,0.992,200,24000,24000,200,199,199,False,rank_inversion_guard_exceeded,True,1.0,False,False
hybrid_m1_q97.5_e5,dcopf_hybrid_v001,hybrid,1.0,97.5,5.0,0,val_global,,6000,727,0.12116666666666667,1.0,1.0,727,5273,0.0687757909215956,1.0,0.1375515818431912,1.0,0.2751031636863824,1.0,0.687757909215956,1.0,200,6000,6000,200,200,200,False,rank_inversion_guard_exceeded,True,1.0,False,False
hybrid_m1_q97.5_e5,dcopf_hybrid_v001,hybrid,1.0,97.5,5.0,0,val_per_lop,0.004999999888241291,1000,52,0.052,1.0,1.0,52,948,0.9615384615384616,1.0,1.0,0.52,1.0,0.26,1.0,0.104,200,200,250,50,0,0,True,none,False,1.0,False,False
hybrid_m1_q97.5_e5,dcopf_hybrid_v001,hybrid,1.0,97.5,5.0,0,val_per_lop,0.00800000037997961,1000,84,0.084,1.0,1.0,84,916,0.5952380952380952,1.0,1.0,0.84,1.0,0.42,1.0,0.168,200,200,250,50,0,0,True,none,False,1.0,False,False
hybrid_m1_q97.5_e5,dcopf_hybrid_v001,hybrid,1.0,97.5,5.0,0,val_per_lop,0.010999999940395355,1000,116,0.116,1.0,1.0,116,884,0.43103448275862066,1.0,0.8620689655172413,1.0,1.0,0.58,1.0,0.232,200,200,250,50,0,0,True,none,False,1.0,False,False
hybrid_m1_q97.5_e5,dcopf_hybrid_v001,hybrid,1.0,97.5,5.0,0,val_per_lop,0.014000000432133675,1000,133,0.133,1.0,1.0,133,867,0.37593984962406013,1.0,0.7518796992481203,1.0,1.0,0.665,1.0,0.266,200,200,250,50,0,0,True,none,False,1.0,False,False
hybrid_m1_q97.5_e5,dcopf_hybrid_v001,hybrid,1.0,97.5,5.0,0,val_per_lop,0.017000000923871994,1000,158,0.158,1.0,1.0,158,842,0.31645569620253167,1.0,0.6329113924050633,1.0,1.0,0.79,1.0,0.316,200,200,250,50,0,0,True,none,False,1.0,False,False
hybrid_m1_q97.5_e5,dcopf_hybrid_v001,hybrid,1.0,97.5,5.0,0,val_per_lop,0.019999999552965164,1000,184,0.184,1.0,1.0,184,816,0.2717391304347826,1.0,0.5434782608695652,1.0,1.0,0.92,1.0,0.368,200,200,250,50,0,0,True,none,False,1.0,False,False
hybrid_m1_q99_e5,dcopf_hybrid_v001,hybrid,1.0,99.0,5.0,0,train_global,,24000,3063,0.127625,0.9993963202668654,0.9960306062271337,3043,20957,0.01632386549134835,1.0,0.03232125367286973,0.99,0.06464250734573947,0.99,0.16193274567417565,0.992,200,24000,24000,200,199,199,False,rank_inversion_guard_exceeded,True,1.0,False,False
hybrid_m1_q99_e5,dcopf_hybrid_v001,hybrid,1.0,99.0,5.0,0,val_global,,6000,727,0.12116666666666667,1.0,1.0,727,5273,0.0687757909215956,1.0,0.1375515818431912,1.0,0.2751031636863824,1.0,0.687757909215956,1.0,200,6000,6000,200,200,200,False,rank_inversion_guard_exceeded,True,1.0,False,False
hybrid_m1_q99_e5,dcopf_hybrid_v001,hybrid,1.0,99.0,5.0,0,val_per_lop,0.004999999888241291,1000,52,0.052,1.0,1.0,52,948,0.9615384615384616,1.0,1.0,0.52,1.0,0.26,1.0,0.104,200,200,250,50,0,0,True,none,False,1.0,False,False
hybrid_m1_q99_e5,dcopf_hybrid_v001,hybrid,1.0,99.0,5.0,0,val_per_lop,0.00800000037997961,1000,84,0.084,1.0,1.0,84,916,0.5952380952380952,1.0,1.0,0.84,1.0,0.42,1.0,0.168,200,200,250,50,0,0,True,none,False,1.0,False,False
hybrid_m1_q99_e5,dcopf_hybrid_v001,hybrid,1.0,99.0,5.0,0,val_per_lop,0.010999999940395355,1000,116,0.116,1.0,1.0,116,884,0.43103448275862066,1.0,0.8620689655172413,1.0,1.0,0.58,1.0,0.232,200,200,250,50,0,0,True,none,False,1.0,False,False
hybrid_m1_q99_e5,dcopf_hybrid_v001,hybrid,1.0,99.0,5.0,0,val_per_lop,0.014000000432133675,1000,133,0.133,1.0,1.0,133,867,0.37593984962406013,1.0,0.7518796992481203,1.0,1.0,0.665,1.0,0.266,200,200,250,50,0,0,True,none,False,1.0,False,False
hybrid_m1_q99_e5,dcopf_hybrid_v001,hybrid,1.0,99.0,5.0,0,val_per_lop,0.017000000923871994,1000,158,0.158,0.9999999999999999,1.0,158,842,0.31645569620253167,1.0,0.6329113924050633,1.0,1.0,0.79,1.0,0.316,200,200,250,50,0,0,True,none,False,1.0,False,False
hybrid_m1_q99_e5,dcopf_hybrid_v001,hybrid,1.0,99.0,5.0,0,val_per_lop,0.019999999552965164,1000,184,0.184,1.0,1.0,184,816,0.2717391304347826,1.0,0.5434782608695652,1.0,1.0,0.92,1.0,0.368,200,200,250,50,0,0,True,none,False,1.0,False,False
hybrid_m1.2_q90_e5,dcopf_hybrid_v001,hybrid,1.2,90.0,5.0,0,train_global,,24000,3063,0.127625,0.9977573689306342,0.9938540401059734,3043,20957,0.01632386549134835,1.0,0.03232125367286973,0.99,0.06464250734573947,0.99,0.16193274567417565,0.992,200,24000,24000,200,199,199,False,rank_inversion_guard_exceeded,True,1.0,False,False
hybrid_m1.2_q90_e5,dcopf_hybrid_v001,hybrid,1.2,90.0,5.0,0,val_global,,6000,727,0.12116666666666667,1.0,1.0,727,5273,0.0687757909215956,1.0,0.1375515818431912,1.0,0.2751031636863824,1.0,0.687757909215956,1.0,200,6000,6000,200,200,200,False,rank_inversion_guard_exceeded,True,1.0,False,False
hybrid_m1.2_q90_e5,dcopf_hybrid_v001,hybrid,1.2,90.0,5.0,0,val_per_lop,0.004999999888241291,1000,52,0.052,1.0,1.0,52,948,0.9615384615384616,1.0,1.0,0.52,1.0,0.26,1.0,0.104,200,200,250,50,0,0,True,none,False,1.0,False,False
hybrid_m1.2_q90_e5,dcopf_hybrid_v001,hybrid,1.2,90.0,5.0,0,val_per_lop,0.00800000037997961,1000,84,0.084,1.0,1.0,84,916,0.5952380952380952,1.0,1.0,0.84,1.0,0.42,1.0,0.168,200,200,250,50,0,0,True,none,False,1.0,False,False
hybrid_m1.2_q90_e5,dcopf_hybrid_v001,hybrid,1.2,90.0,5.0,0,val_per_lop,0.010999999940395355,1000,116,0.116,1.0,1.0,116,884,0.43103448275862066,1.0,0.8620689655172413,1.0,1.0,0.58,1.0,0.232,200,200,250,50,0,0,True,none,False,1.0,False,False
hybrid_m1.2_q90_e5,dcopf_hybrid_v001,hybrid,1.2,90.0,5.0,0,val_per_lop,0.014000000432133675,1000,133,0.133,1.0,1.0,133,867,0.37593984962406013,1.0,0.7518796992481203,1.0,1.0,0.665,1.0,0.266,200,200,250,50,0,0,True,none,False,1.0,False,False
hybrid_m1.2_q90_e5,dcopf_hybrid_v001,hybrid,1.2,90.0,5.0,0,val_per_lop,0.017000000923871994,1000,158,0.158,1.0,1.0,158,842,0.31645569620253167,1.0,0.6329113924050633,1.0,1.0,0.79,1.0,0.316,200,200,250,50,0,0,True,none,False,1.0,False,False
hybrid_m1.2_q90_e5,dcopf_hybrid_v001,hybrid,1.2,90.0,5.0,0,val_per_lop,0.019999999552965164,1000,184,0.184,1.0,1.0,184,816,0.2717391304347826,1.0,0.5434782608695652,1.0,1.0,0.92,1.0,0.368,200,200,250,50,0,0,True,none,False,1.0,False,False
hybrid_m1.2_q95_e5,dcopf_hybrid_v001,hybrid,1.2,95.0,5.0,0,train_global,,24000,3063,0.127625,0.9981448005225508,0.9940566825712227,3043,20957,0.01632386549134835,1.0,0.03232125367286973,0.99,0.06464250734573947,0.99,0.16193274567417565,0.992,200,24000,24000,200,199,199,False,rank_inversion_guard_exceeded,True,1.0,False,False
hybrid_m1.2_q95_e5,dcopf_hybrid_v001,hybrid,1.2,95.0,5.0,0,val_global,,6000,727,0.12116666666666667,1.0,1.0,727,5273,0.0687757909215956,1.0,0.1375515818431912,1.0,0.2751031636863824,1.0,0.687757909215956,1.0,200,6000,6000,200,200,200,False,rank_inversion_guard_exceeded,True,1.0,False,False
hybrid_m1.2_q95_e5,dcopf_hybrid_v001,hybrid,1.2,95.0,5.0,0,val_per_lop,0.004999999888241291,1000,52,0.052,1.0,1.0,52,948,0.9615384615384616,1.0,1.0,0.52,1.0,0.26,1.0,0.104,200,200,250,50,0,0,True,none,False,1.0,False,False
hybrid_m1.2_q95_e5,dcopf_hybrid_v001,hybrid,1.2,95.0,5.0,0,val_per_lop,0.00800000037997961,1000,84,0.084,1.0,1.0,84,916,0.5952380952380952,1.0,1.0,0.84,1.0,0.42,1.0,0.168,200,200,250,50,0,0,True,none,False,1.0,False,False
hybrid_m1.2_q95_e5,dcopf_hybrid_v001,hybrid,1.2,95.0,5.0,0,val_per_lop,0.010999999940395355,1000,116,0.116,1.0,1.0,116,884,0.43103448275862066,1.0,0.8620689655172413,1.0,1.0,0.58,1.0,0.232,200,200,250,50,0,0,True,none,False,1.0,False,False
hybrid_m1.2_q95_e5,dcopf_hybrid_v001,hybrid,1.2,95.0,5.0,0,val_per_lop,0.014000000432133675,1000,133,0.133,1.0,1.0,133,867,0.37593984962406013,1.0,0.7518796992481203,1.0,1.0,0.665,1.0,0.266,200,200,250,50,0,0,True,none,False,1.0,False,False
hybrid_m1.2_q95_e5,dcopf_hybrid_v001,hybrid,1.2,95.0,5.0,0,val_per_lop,0.017000000923871994,1000,158,0.158,1.0,1.0,158,842,0.31645569620253167,1.0,0.6329113924050633,1.0,1.0,0.79,1.0,0.316,200,200,250,50,0,0,True,none,False,1.0,False,False
hybrid_m1.2_q95_e5,dcopf_hybrid_v001,hybrid,1.2,95.0,5.0,0,val_per_lop,0.019999999552965164,1000,184,0.184,1.0,1.0,184,816,0.2717391304347826,1.0,0.5434782608695652,1.0,1.0,0.92,1.0,0.368,200,200,250,50,0,0,True,none,False,1.0,False,False
hybrid_m1.2_q97.5_e5,dcopf_hybrid_v001,hybrid,1.2,97.5,5.0,0,train_global,,24000,3063,0.127625,0.9984771097335039,0.9944239407189565,3043,20957,0.01632386549134835,1.0,0.03232125367286973,0.99,0.06464250734573947,0.99,0.16193274567417565,0.992,200,24000,24000,200,199,199,False,rank_inversion_guard_exceeded,True,1.0,False,False
hybrid_m1.2_q97.5_e5,dcopf_hybrid_v001,hybrid,1.2,97.5,5.0,0,val_global,,6000,727,0.12116666666666667,1.0,1.0,727,5273,0.0687757909215956,1.0,0.1375515818431912,1.0,0.2751031636863824,1.0,0.687757909215956,1.0,200,6000,6000,200,200,200,False,rank_inversion_guard_exceeded,True,1.0,False,False
hybrid_m1.2_q97.5_e5,dcopf_hybrid_v001,hybrid,1.2,97.5,5.0,0,val_per_lop,0.004999999888241291,1000,52,0.052,1.0,1.0,52,948,0.9615384615384616,1.0,1.0,0.52,1.0,0.26,1.0,0.104,200,200,250,50,0,0,True,none,False,1.0,False,False
hybrid_m1.2_q97.5_e5,dcopf_hybrid_v001,hybrid,1.2,97.5,5.0,0,val_per_lop,0.00800000037997961,1000,84,0.084,1.0,1.0,84,916,0.5952380952380952,1.0,1.0,0.84,1.0,0.42,1.0,0.168,200,200,250,50,0,0,True,none,False,1.0,False,False
hybrid_m1.2_q97.5_e5,dcopf_hybrid_v001,hybrid,1.2,97.5,5.0,0,val_per_lop,0.010999999940395355,1000,116,0.116,1.0,1.0,116,884,0.43103448275862066,1.0,0.8620689655172413,1.0,1.0,0.58,1.0,0.232,200,200,250,50,0,0,True,none,False,1.0,False,False
hybrid_m1.2_q97.5_e5,dcopf_hybrid_v001,hybrid,1.2,97.5,5.0,0,val_per_lop,0.014000000432133675,1000,133,0.133,1.0,1.0,133,867,0.37593984962406013,1.0,0.7518796992481203,1.0,1.0,0.665,1.0,0.266,200,200,250,50,0,0,True,none,False,1.0,False,False
hybrid_m1.2_q97.5_e5,dcopf_hybrid_v001,hybrid,1.2,97.5,5.0,0,val_per_lop,0.017000000923871994,1000,158,0.158,1.0,1.0,158,842,0.31645569620253167,1.0,0.6329113924050633,1.0,1.0,0.79,1.0,0.316,200,200,250,50,0,0,True,none,False,1.0,False,False
hybrid_m1.2_q97.5_e5,dcopf_hybrid_v001,hybrid,1.2,97.5,5.0,0,val_per_lop,0.019999999552965164,1000,184,0.184,1.0,1.0,184,816,0.2717391304347826,1.0,0.5434782608695652,1.0,1.0,0.92,1.0,0.368,200,200,250,50,0,0,True,none,False,1.0,False,False
hybrid_m1.2_q99_e5,dcopf_hybrid_v001,hybrid,1.2,99.0,5.0,0,train_global,,24000,3063,0.127625,0.9994122254517545,0.9960629974722894,3043,20957,0.01632386549134835,1.0,0.03232125367286973,0.99,0.06464250734573947,0.99,0.16193274567417565,0.992,200,24000,24000,200,199,199,False,rank_inversion_guard_exceeded,True,1.0,False,False
hybrid_m1.2_q99_e5,dcopf_hybrid_v001,hybrid,1.2,99.0,5.0,0,val_global,,6000,727,0.12116666666666667,1.0,1.0,727,5273,0.0687757909215956,1.0,0.1375515818431912,1.0,0.2751031636863824,1.0,0.687757909215956,1.0,200,6000,6000,200,200,200,False,rank_inversion_guard_exceeded,True,1.0,False,False
hybrid_m1.2_q99_e5,dcopf_hybrid_v001,hybrid,1.2,99.0,5.0,0,val_per_lop,0.004999999888241291,1000,52,0.052,1.0,1.0,52,948,0.9615384615384616,1.0,1.0,0.52,1.0,0.26,1.0,0.104,200,200,250,50,0,0,True,none,False,1.0,False,False
hybrid_m1.2_q99_e5,dcopf_hybrid_v001,hybrid,1.2,99.0,5.0,0,val_per_lop,0.00800000037997961,1000,84,0.084,1.0,1.0,84,916,0.5952380952380952,1.0,1.0,0.84,1.0,0.42,1.0,0.168,200,200,250,50,0,0,True,none,False,1.0,False,False
hybrid_m1.2_q99_e5,dcopf_hybrid_v001,hybrid,1.2,99.0,5.0,0,val_per_lop,0.010999999940395355,1000,116,0.116,1.0,1.0,116,884,0.43103448275862066,1.0,0.8620689655172413,1.0,1.0,0.58,1.0,0.232,200,200,250,50,0,0,True,none,False,1.0,False,False
hybrid_m1.2_q99_e5,dcopf_hybrid_v001,hybrid,1.2,99.0,5.0,0,val_per_lop,0.014000000432133675,1000,133,0.133,1.0,1.0,133,867,0.37593984962406013,1.0,0.7518796992481203,1.0,1.0,0.665,1.0,0.266,200,200,250,50,0,0,True,none,False,1.0,False,False
hybrid_m1.2_q99_e5,dcopf_hybrid_v001,hybrid,1.2,99.0,5.0,0,val_per_lop,0.017000000923871994,1000,158,0.158,1.0,1.0,158,842,0.31645569620253167,1.0,0.6329113924050633,1.0,1.0,0.79,1.0,0.316,200,200,250,50,0,0,True,none,False,1.0,False,False
hybrid_m1.2_q99_e5,dcopf_hybrid_v001,hybrid,1.2,99.0,5.0,0,val_per_lop,0.019999999552965164,1000,184,0.184,1.0,1.0,184,816,0.2717391304347826,1.0,0.5434782608695652,1.0,1.0,0.92,1.0,0.368,200,200,250,50,0,0,True,none,False,1.0,False,False
hybrid_m1.5_q90_e5,dcopf_hybrid_v001,hybrid,1.5,90.0,5.0,0,train_global,,24000,3063,0.127625,0.9976190717886915,0.9938621122767436,3043,20957,0.01632386549134835,1.0,0.03232125367286973,0.99,0.06464250734573947,0.99,0.16193274567417565,0.992,200,24000,24000,200,199,199,False,rank_inversion_guard_exceeded,True,1.0,False,False
hybrid_m1.5_q90_e5,dcopf_hybrid_v001,hybrid,1.5,90.0,5.0,0,val_global,,6000,727,0.12116666666666667,1.0,1.0,727,5273,0.0687757909215956,1.0,0.1375515818431912,1.0,0.2751031636863824,1.0,0.687757909215956,1.0,200,6000,6000,200,200,200,False,rank_inversion_guard_exceeded,True,1.0,False,False
hybrid_m1.5_q90_e5,dcopf_hybrid_v001,hybrid,1.5,90.0,5.0,0,val_per_lop,0.004999999888241291,1000,52,0.052,1.0,1.0,52,948,0.9615384615384616,1.0,1.0,0.52,1.0,0.26,1.0,0.104,200,200,250,50,0,0,True,none,False,1.0,False,False
hybrid_m1.5_q90_e5,dcopf_hybrid_v001,hybrid,1.5,90.0,5.0,0,val_per_lop,0.00800000037997961,1000,84,0.084,1.0,1.0,84,916,0.5952380952380952,1.0,1.0,0.84,1.0,0.42,1.0,0.168,200,200,250,50,0,0,True,none,False,1.0,False,False
hybrid_m1.5_q90_e5,dcopf_hybrid_v001,hybrid,1.5,90.0,5.0,0,val_per_lop,0.010999999940395355,1000,116,0.116,1.0,1.0,116,884,0.43103448275862066,1.0,0.8620689655172413,1.0,1.0,0.58,1.0,0.232,200,200,250,50,0,0,True,none,False,1.0,False,False
hybrid_m1.5_q90_e5,dcopf_hybrid_v001,hybrid,1.5,90.0,5.0,0,val_per_lop,0.014000000432133675,1000,133,0.133,1.0,1.0,133,867,0.37593984962406013,1.0,0.7518796992481203,1.0,1.0,0.665,1.0,0.266,200,200,250,50,0,0,True,none,False,1.0,False,False
hybrid_m1.5_q90_e5,dcopf_hybrid_v001,hybrid,1.5,90.0,5.0,0,val_per_lop,0.017000000923871994,1000,158,0.158,1.0,1.0,158,842,0.31645569620253167,1.0,0.6329113924050633,1.0,1.0,0.79,1.0,0.316,200,200,250,50,0,0,True,none,False,1.0,False,False
hybrid_m1.5_q90_e5,dcopf_hybrid_v001,hybrid,1.5,90.0,5.0,0,val_per_lop,0.019999999552965164,1000,184,0.184,1.0,1.0,184,816,0.2717391304347826,1.0,0.5434782608695652,1.0,1.0,0.92,1.0,0.368,200,200,250,50,0,0,True,none,False,1.0,False,False
hybrid_m1.5_q95_e5,dcopf_hybrid_v001,hybrid,1.5,95.0,5.0,0,train_global,,24000,3063,0.127625,0.997913645168829,0.9939917135280453,3043,20957,0.01632386549134835,1.0,0.03232125367286973,0.99,0.06464250734573947,0.99,0.16193274567417565,0.992,200,24000,24000,200,199,199,False,rank_inversion_guard_exceeded,True,1.0,False,False
hybrid_m1.5_q95_e5,dcopf_hybrid_v001,hybrid,1.5,95.0,5.0,0,val_global,,6000,727,0.12116666666666667,1.0,1.0,727,5273,0.0687757909215956,1.0,0.1375515818431912,1.0,0.2751031636863824,1.0,0.687757909215956,1.0,200,6000,6000,200,200,200,False,rank_inversion_guard_exceeded,True,1.0,False,False
hybrid_m1.5_q95_e5,dcopf_hybrid_v001,hybrid,1.5,95.0,5.0,0,val_per_lop,0.004999999888241291,1000,52,0.052,1.0,1.0,52,948,0.9615384615384616,1.0,1.0,0.52,1.0,0.26,1.0,0.104,200,200,250,50,0,0,True,none,False,1.0,False,False
hybrid_m1.5_q95_e5,dcopf_hybrid_v001,hybrid,1.5,95.0,5.0,0,val_per_lop,0.00800000037997961,1000,84,0.084,1.0,1.0,84,916,0.5952380952380952,1.0,1.0,0.84,1.0,0.42,1.0,0.168,200,200,250,50,0,0,True,none,False,1.0,False,False
hybrid_m1.5_q95_e5,dcopf_hybrid_v001,hybrid,1.5,95.0,5.0,0,val_per_lop,0.010999999940395355,1000,116,0.116,1.0,1.0,116,884,0.43103448275862066,1.0,0.8620689655172413,1.0,1.0,0.58,1.0,0.232,200,200,250,50,0,0,True,none,False,1.0,False,False
hybrid_m1.5_q95_e5,dcopf_hybrid_v001,hybrid,1.5,95.0,5.0,0,val_per_lop,0.014000000432133675,1000,133,0.133,1.0,1.0,133,867,0.37593984962406013,1.0,0.7518796992481203,1.0,1.0,0.665,1.0,0.266,200,200,250,50,0,0,True,none,False,1.0,False,False
hybrid_m1.5_q95_e5,dcopf_hybrid_v001,hybrid,1.5,95.0,5.0,0,val_per_lop,0.017000000923871994,1000,158,0.158,1.0,1.0,158,842,0.31645569620253167,1.0,0.6329113924050633,1.0,1.0,0.79,1.0,0.316,200,200,250,50,0,0,True,none,False,1.0,False,False
hybrid_m1.5_q95_e5,dcopf_hybrid_v001,hybrid,1.5,95.0,5.0,0,val_per_lop,0.019999999552965164,1000,184,0.184,1.0,1.0,184,816,0.2717391304347826,1.0,0.5434782608695652,1.0,1.0,0.92,1.0,0.368,200,200,250,50,0,0,True,none,False,1.0,False,False
hybrid_m1.5_q97.5_e5,dcopf_hybrid_v001,hybrid,1.5,97.5,5.0,0,train_global,,24000,3063,0.127625,0.9983589279724503,0.9944092962722973,3043,20957,0.01632386549134835,1.0,0.03232125367286973,0.99,0.06464250734573947,0.99,0.16193274567417565,0.992,200,24000,24000,200,199,199,False,rank_inversion_guard_exceeded,True,1.0,False,False
hybrid_m1.5_q97.5_e5,dcopf_hybrid_v001,hybrid,1.5,97.5,5.0,0,val_global,,6000,727,0.12116666666666667,1.0,1.0,727,5273,0.0687757909215956,1.0,0.1375515818431912,1.0,0.2751031636863824,1.0,0.687757909215956,1.0,200,6000,6000,200,200,200,False,rank_inversion_guard_exceeded,True,1.0,False,False
hybrid_m1.5_q97.5_e5,dcopf_hybrid_v001,hybrid,1.5,97.5,5.0,0,val_per_lop,0.004999999888241291,1000,52,0.052,1.0,1.0,52,948,0.9615384615384616,1.0,1.0,0.52,1.0,0.26,1.0,0.104,200,200,250,50,0,0,True,none,False,1.0,False,False
hybrid_m1.5_q97.5_e5,dcopf_hybrid_v001,hybrid,1.5,97.5,5.0,0,val_per_lop,0.00800000037997961,1000,84,0.084,1.0,1.0,84,916,0.5952380952380952,1.0,1.0,0.84,1.0,0.42,1.0,0.168,200,200,250,50,0,0,True,none,False,1.0,False,False
hybrid_m1.5_q97.5_e5,dcopf_hybrid_v001,hybrid,1.5,97.5,5.0,0,val_per_lop,0.010999999940395355,1000,116,0.116,1.0,1.0,116,884,0.43103448275862066,1.0,0.8620689655172413,1.0,1.0,0.58,1.0,0.232,200,200,250,50,0,0,True,none,False,1.0,False,False
hybrid_m1.5_q97.5_e5,dcopf_hybrid_v001,hybrid,1.5,97.5,5.0,0,val_per_lop,0.014000000432133675,1000,133,0.133,1.0,1.0,133,867,0.37593984962406013,1.0,0.7518796992481203,1.0,1.0,0.665,1.0,0.266,200,200,250,50,0,0,True,none,False,1.0,False,False
hybrid_m1.5_q97.5_e5,dcopf_hybrid_v001,hybrid,1.5,97.5,5.0,0,val_per_lop,0.017000000923871994,1000,158,0.158,1.0,1.0,158,842,0.31645569620253167,1.0,0.6329113924050633,1.0,1.0,0.79,1.0,0.316,200,200,250,50,0,0,True,none,False,1.0,False,False
hybrid_m1.5_q97.5_e5,dcopf_hybrid_v001,hybrid,1.5,97.5,5.0,0,val_per_lop,0.019999999552965164,1000,184,0.184,1.0,1.0,184,816,0.2717391304347826,1.0,0.5434782608695652,1.0,1.0,0.92,1.0,0.368,200,200,250,50,0,0,True,none,False,1.0,False,False
hybrid_m1.5_q99_e5,dcopf_hybrid_v001,hybrid,1.5,99.0,5.0,0,train_global,,24000,3063,0.127625,0.999444347687903,0.9961257768583884,3043,20957,0.01632386549134835,1.0,0.03232125367286973,0.99,0.06464250734573947,0.99,0.16193274567417565,0.992,200,24000,24000,200,199,199,False,rank_inversion_guard_exceeded,True,1.0,False,False
hybrid_m1.5_q99_e5,dcopf_hybrid_v001,hybrid,1.5,99.0,5.0,0,val_global,,6000,727,0.12116666666666667,1.0,1.0,727,5273,0.0687757909215956,1.0,0.1375515818431912,1.0,0.2751031636863824,1.0,0.687757909215956,1.0,200,6000,6000,200,200,200,False,rank_inversion_guard_exceeded,True,1.0,False,False
hybrid_m1.5_q99_e5,dcopf_hybrid_v001,hybrid,1.5,99.0,5.0,0,val_per_lop,0.004999999888241291,1000,52,0.052,1.0,1.0,52,948,0.9615384615384616,1.0,1.0,0.52,1.0,0.26,1.0,0.104,200,200,250,50,0,0,True,none,False,1.0,False,False
hybrid_m1.5_q99_e5,dcopf_hybrid_v001,hybrid,1.5,99.0,5.0,0,val_per_lop,0.00800000037997961,1000,84,0.084,1.0,1.0,84,916,0.5952380952380952,1.0,1.0,0.84,1.0,0.42,1.0,0.168,200,200,250,50,0,0,True,none,False,1.0,False,False
hybrid_m1.5_q99_e5,dcopf_hybrid_v001,hybrid,1.5,99.0,5.0,0,val_per_lop,0.010999999940395355,1000,116,0.116,1.0,1.0,116,884,0.43103448275862066,1.0,0.8620689655172413,1.0,1.0,0.58,1.0,0.232,200,200,250,50,0,0,True,none,False,1.0,False,False
hybrid_m1.5_q99_e5,dcopf_hybrid_v001,hybrid,1.5,99.0,5.0,0,val_per_lop,0.014000000432133675,1000,133,0.133,0.9999999999999999,1.0,133,867,0.37593984962406013,1.0,0.7518796992481203,1.0,1.0,0.665,1.0,0.266,200,200,250,50,0,0,True,none,False,1.0,False,False
hybrid_m1.5_q99_e5,dcopf_hybrid_v001,hybrid,1.5,99.0,5.0,0,val_per_lop,0.017000000923871994,1000,158,0.158,1.0,1.0,158,842,0.31645569620253167,1.0,0.6329113924050633,1.0,1.0,0.79,1.0,0.316,200,200,250,50,0,0,True,none,False,1.0,False,False
hybrid_m1.5_q99_e5,dcopf_hybrid_v001,hybrid,1.5,99.0,5.0,0,val_per_lop,0.019999999552965164,1000,184,0.184,1.0,1.0,184,816,0.2717391304347826,1.0,0.5434782608695652,1.0,1.0,0.92,1.0,0.368,200,200,250,50,0,0,True,none,False,1.0,False,False
hybrid_m2_q90_e5,dcopf_hybrid_v001,hybrid,2.0,90.0,5.0,0,train_global,,24000,3063,0.127625,0.997528225115001,0.9938390538111542,3043,20957,0.01632386549134835,1.0,0.03232125367286973,0.99,0.06464250734573947,0.99,0.16193274567417565,0.992,200,24000,24000,200,199,199,False,rank_inversion_guard_exceeded,True,1.0,False,False
hybrid_m2_q90_e5,dcopf_hybrid_v001,hybrid,2.0,90.0,5.0,0,val_global,,6000,727,0.12116666666666667,1.0,1.0,727,5273,0.0687757909215956,1.0,0.1375515818431912,1.0,0.2751031636863824,1.0,0.687757909215956,1.0,200,6000,6000,200,200,200,False,rank_inversion_guard_exceeded,True,1.0,False,False
hybrid_m2_q90_e5,dcopf_hybrid_v001,hybrid,2.0,90.0,5.0,0,val_per_lop,0.004999999888241291,1000,52,0.052,1.0,1.0,52,948,0.9615384615384616,1.0,1.0,0.52,1.0,0.26,1.0,0.104,200,200,250,50,0,0,True,none,False,1.0,False,False
hybrid_m2_q90_e5,dcopf_hybrid_v001,hybrid,2.0,90.0,5.0,0,val_per_lop,0.00800000037997961,1000,84,0.084,1.0,1.0,84,916,0.5952380952380952,1.0,1.0,0.84,1.0,0.42,1.0,0.168,200,200,250,50,0,0,True,none,False,1.0,False,False
hybrid_m2_q90_e5,dcopf_hybrid_v001,hybrid,2.0,90.0,5.0,0,val_per_lop,0.010999999940395355,1000,116,0.116,1.0,1.0,116,884,0.43103448275862066,1.0,0.8620689655172413,1.0,1.0,0.58,1.0,0.232,200,200,250,50,0,0,True,none,False,1.0,False,False
hybrid_m2_q90_e5,dcopf_hybrid_v001,hybrid,2.0,90.0,5.0,0,val_per_lop,0.014000000432133675,1000,133,0.133,1.0,1.0,133,867,0.37593984962406013,1.0,0.7518796992481203,1.0,1.0,0.665,1.0,0.266,200,200,250,50,0,0,True,none,False,1.0,False,False
hybrid_m2_q90_e5,dcopf_hybrid_v001,hybrid,2.0,90.0,5.0,0,val_per_lop,0.017000000923871994,1000,158,0.158,1.0,1.0,158,842,0.31645569620253167,1.0,0.6329113924050633,1.0,1.0,0.79,1.0,0.316,200,200,250,50,0,0,True,none,False,1.0,False,False
hybrid_m2_q90_e5,dcopf_hybrid_v001,hybrid,2.0,90.0,5.0,0,val_per_lop,0.019999999552965164,1000,184,0.184,1.0,1.0,184,816,0.2717391304347826,1.0,0.5434782608695652,1.0,1.0,0.92,1.0,0.368,200,200,250,50,0,0,True,none,False,1.0,False,False
hybrid_m2_q95_e5,dcopf_hybrid_v001,hybrid,2.0,95.0,5.0,0,train_global,,24000,3063,0.127625,0.9977450658023229,0.9941180404721958,3043,20957,0.01632386549134835,1.0,0.03232125367286973,0.99,0.06464250734573947,0.99,0.16193274567417565,0.992,200,24000,24000,200,199,199,False,rank_inversion_guard_exceeded,True,1.0,False,False
hybrid_m2_q95_e5,dcopf_hybrid_v001,hybrid,2.0,95.0,5.0,0,val_global,,6000,727,0.12116666666666667,1.0,1.0,727,5273,0.0687757909215956,1.0,0.1375515818431912,1.0,0.2751031636863824,1.0,0.687757909215956,1.0,200,6000,6000,200,200,200,False,rank_inversion_guard_exceeded,True,1.0,False,False
hybrid_m2_q95_e5,dcopf_hybrid_v001,hybrid,2.0,95.0,5.0,0,val_per_lop,0.004999999888241291,1000,52,0.052,1.0,1.0,52,948,0.9615384615384616,1.0,1.0,0.52,1.0,0.26,1.0,0.104,200,200,250,50,0,0,True,none,False,1.0,False,False
hybrid_m2_q95_e5,dcopf_hybrid_v001,hybrid,2.0,95.0,5.0,0,val_per_lop,0.00800000037997961,1000,84,0.084,1.0,1.0,84,916,0.5952380952380952,1.0,1.0,0.84,1.0,0.42,1.0,0.168,200,200,250,50,0,0,True,none,False,1.0,False,False
hybrid_m2_q95_e5,dcopf_hybrid_v001,hybrid,2.0,95.0,5.0,0,val_per_lop,0.010999999940395355,1000,116,0.116,0.9999999999999999,1.0,116,884,0.43103448275862066,1.0,0.8620689655172413,1.0,1.0,0.58,1.0,0.232,200,200,250,50,0,0,True,none,False,1.0,False,False
hybrid_m2_q95_e5,dcopf_hybrid_v001,hybrid,2.0,95.0,5.0,0,val_per_lop,0.014000000432133675,1000,133,0.133,1.0,1.0,133,867,0.37593984962406013,1.0,0.7518796992481203,1.0,1.0,0.665,1.0,0.266,200,200,250,50,0,0,True,none,False,1.0,False,False
hybrid_m2_q95_e5,dcopf_hybrid_v001,hybrid,2.0,95.0,5.0,0,val_per_lop,0.017000000923871994,1000,158,0.158,1.0,1.0,158,842,0.31645569620253167,1.0,0.6329113924050633,1.0,1.0,0.79,1.0,0.316,200,200,250,50,0,0,True,none,False,1.0,False,False
hybrid_m2_q95_e5,dcopf_hybrid_v001,hybrid,2.0,95.0,5.0,0,val_per_lop,0.019999999552965164,1000,184,0.184,1.0,1.0,184,816,0.2717391304347826,1.0,0.5434782608695652,1.0,1.0,0.92,1.0,0.368,200,200,250,50,0,0,True,none,False,1.0,False,False
hybrid_m2_q97.5_e5,dcopf_hybrid_v001,hybrid,2.0,97.5,5.0,0,train_global,,24000,3063,0.127625,0.9979821310237633,0.9943091072085616,3043,20957,0.01632386549134835,1.0,0.03232125367286973,0.99,0.06464250734573947,0.99,0.16193274567417565,0.992,200,24000,24000,200,199,199,False,rank_inversion_guard_exceeded,True,1.0,False,False
hybrid_m2_q97.5_e5,dcopf_hybrid_v001,hybrid,2.0,97.5,5.0,0,val_global,,6000,727,0.12116666666666667,1.0,1.0,727,5273,0.0687757909215956,1.0,0.1375515818431912,1.0,0.2751031636863824,1.0,0.687757909215956,1.0,200,6000,6000,200,200,200,False,rank_inversion_guard_exceeded,True,1.0,False,False
hybrid_m2_q97.5_e5,dcopf_hybrid_v001,hybrid,2.0,97.5,5.0,0,val_per_lop,0.004999999888241291,1000,52,0.052,1.0,1.0,52,948,0.9615384615384616,1.0,1.0,0.52,1.0,0.26,1.0,0.104,200,200,250,50,0,0,True,none,False,1.0,False,False
hybrid_m2_q97.5_e5,dcopf_hybrid_v001,hybrid,2.0,97.5,5.0,0,val_per_lop,0.00800000037997961,1000,84,0.084,1.0,1.0,84,916,0.5952380952380952,1.0,1.0,0.84,1.0,0.42,1.0,0.168,200,200,250,50,0,0,True,none,False,1.0,False,False
hybrid_m2_q97.5_e5,dcopf_hybrid_v001,hybrid,2.0,97.5,5.0,0,val_per_lop,0.010999999940395355,1000,116,0.116,1.0,1.0,116,884,0.43103448275862066,1.0,0.8620689655172413,1.0,1.0,0.58,1.0,0.232,200,200,250,50,0,0,True,none,False,1.0,False,False
hybrid_m2_q97.5_e5,dcopf_hybrid_v001,hybrid,2.0,97.5,5.0,0,val_per_lop,0.014000000432133675,1000,133,0.133,1.0,1.0,133,867,0.37593984962406013,1.0,0.7518796992481203,1.0,1.0,0.665,1.0,0.266,200,200,250,50,0,0,True,none,False,1.0,False,False
hybrid_m2_q97.5_e5,dcopf_hybrid_v001,hybrid,2.0,97.5,5.0,0,val_per_lop,0.017000000923871994,1000,158,0.158,1.0,1.0,158,842,0.31645569620253167,1.0,0.6329113924050633,1.0,1.0,0.79,1.0,0.316,200,200,250,50,0,0,True,none,False,1.0,False,False
hybrid_m2_q97.5_e5,dcopf_hybrid_v001,hybrid,2.0,97.5,5.0,0,val_per_lop,0.019999999552965164,1000,184,0.184,1.0,1.0,184,816,0.2717391304347826,1.0,0.5434782608695652,1.0,1.0,0.92,1.0,0.368,200,200,250,50,0,0,True,none,False,1.0,False,False
hybrid_m2_q99_e5,dcopf_hybrid_v001,hybrid,2.0,99.0,5.0,0,train_global,,24000,3063,0.127625,0.9984324036893106,0.9953053923743815,3043,20957,0.01632386549134835,1.0,0.03232125367286973,0.99,0.06464250734573947,0.99,0.16193274567417565,0.992,200,24000,24000,200,199,199,False,rank_inversion_guard_exceeded,True,1.0,False,False
hybrid_m2_q99_e5,dcopf_hybrid_v001,hybrid,2.0,99.0,5.0,0,val_global,,6000,727,0.12116666666666667,1.0,1.0,727,5273,0.0687757909215956,1.0,0.1375515818431912,1.0,0.2751031636863824,1.0,0.687757909215956,1.0,200,6000,6000,200,200,200,False,rank_inversion_guard_exceeded,True,1.0,False,False
hybrid_m2_q99_e5,dcopf_hybrid_v001,hybrid,2.0,99.0,5.0,0,val_per_lop,0.004999999888241291,1000,52,0.052,1.0,1.0,52,948,0.9615384615384616,1.0,1.0,0.52,1.0,0.26,1.0,0.104,200,200,250,50,0,0,True,none,False,1.0,False,False
hybrid_m2_q99_e5,dcopf_hybrid_v001,hybrid,2.0,99.0,5.0,0,val_per_lop,0.00800000037997961,1000,84,0.084,1.0,1.0,84,916,0.5952380952380952,1.0,1.0,0.84,1.0,0.42,1.0,0.168,200,200,250,50,0,0,True,none,False,1.0,False,False
hybrid_m2_q99_e5,dcopf_hybrid_v001,hybrid,2.0,99.0,5.0,0,val_per_lop,0.010999999940395355,1000,116,0.116,1.0,1.0,116,884,0.43103448275862066,1.0,0.8620689655172413,1.0,1.0,0.58,1.0,0.232,200,200,250,50,0,0,True,none,False,1.0,False,False
hybrid_m2_q99_e5,dcopf_hybrid_v001,hybrid,2.0,99.0,5.0,0,val_per_lop,0.014000000432133675,1000,133,0.133,1.0,1.0,133,867,0.37593984962406013,1.0,0.7518796992481203,1.0,1.0,0.665,1.0,0.266,200,200,250,50,0,0,True,none,False,1.0,False,False
hybrid_m2_q99_e5,dcopf_hybrid_v001,hybrid,2.0,99.0,5.0,0,val_per_lop,0.017000000923871994,1000,158,0.158,1.0,1.0,158,842,0.31645569620253167,1.0,0.6329113924050633,1.0,1.0,0.79,1.0,0.316,200,200,250,50,0,0,True,none,False,1.0,False,False
hybrid_m2_q99_e5,dcopf_hybrid_v001,hybrid,2.0,99.0,5.0,0,val_per_lop,0.019999999552965164,1000,184,0.184,1.0,1.0,184,816,0.2717391304347826,1.0,0.5434782608695652,1.0,1.0,0.92,1.0,0.368,200,200,250,50,0,0,True,none,False,1.0,False,False
hybrid_m3_q90_e5,dcopf_hybrid_v001,hybrid,3.0,90.0,5.0,0,train_global,,24000,3063,0.127625,0.9973678010540802,0.9935169475805669,3043,20957,0.01632386549134835,1.0,0.03232125367286973,0.99,0.06464250734573947,0.99,0.16193274567417565,0.992,200,24000,24000,200,199,199,False,rank_inversion_guard_exceeded,True,1.0,False,False
hybrid_m3_q90_e5,dcopf_hybrid_v001,hybrid,3.0,90.0,5.0,0,val_global,,6000,727,0.12116666666666667,1.0,1.0,727,5273,0.0687757909215956,1.0,0.1375515818431912,1.0,0.2751031636863824,1.0,0.687757909215956,1.0,200,6000,6000,200,200,200,False,rank_inversion_guard_exceeded,True,1.0,False,False
hybrid_m3_q90_e5,dcopf_hybrid_v001,hybrid,3.0,90.0,5.0,0,val_per_lop,0.004999999888241291,1000,52,0.052,1.0,1.0,52,948,0.9615384615384616,1.0,1.0,0.52,1.0,0.26,1.0,0.104,200,200,250,50,0,0,True,none,False,1.0,False,False
hybrid_m3_q90_e5,dcopf_hybrid_v001,hybrid,3.0,90.0,5.0,0,val_per_lop,0.00800000037997961,1000,84,0.084,1.0,1.0,84,916,0.5952380952380952,1.0,1.0,0.84,1.0,0.42,1.0,0.168,200,200,250,50,0,0,True,none,False,1.0,False,False
hybrid_m3_q90_e5,dcopf_hybrid_v001,hybrid,3.0,90.0,5.0,0,val_per_lop,0.010999999940395355,1000,116,0.116,1.0,1.0,116,884,0.43103448275862066,1.0,0.8620689655172413,1.0,1.0,0.58,1.0,0.232,200,200,250,50,0,0,True,none,False,1.0,False,False
hybrid_m3_q90_e5,dcopf_hybrid_v001,hybrid,3.0,90.0,5.0,0,val_per_lop,0.014000000432133675,1000,133,0.133,1.0,1.0,133,867,0.37593984962406013,1.0,0.7518796992481203,1.0,1.0,0.665,1.0,0.266,200,200,250,50,0,0,True,none,False,1.0,False,False
hybrid_m3_q90_e5,dcopf_hybrid_v001,hybrid,3.0,90.0,5.0,0,val_per_lop,0.017000000923871994,1000,158,0.158,1.0,1.0,158,842,0.31645569620253167,1.0,0.6329113924050633,1.0,1.0,0.79,1.0,0.316,200,200,250,50,0,0,True,none,False,1.0,False,False
hybrid_m3_q90_e5,dcopf_hybrid_v001,hybrid,3.0,90.0,5.0,0,val_per_lop,0.019999999552965164,1000,184,0.184,1.0,1.0,184,816,0.2717391304347826,1.0,0.5434782608695652,1.0,1.0,0.92,1.0,0.368,200,200,250,50,0,0,True,none,False,1.0,False,False
hybrid_m3_q95_e5,dcopf_hybrid_v001,hybrid,3.0,95.0,5.0,0,train_global,,24000,3063,0.127625,0.9976144249797728,0.9940705136707576,3043,20957,0.01632386549134835,1.0,0.03232125367286973,0.99,0.06464250734573947,0.99,0.16193274567417565,0.992,200,24000,24000,200,199,199,False,rank_inversion_guard_exceeded,True,1.0,False,False
hybrid_m3_q95_e5,dcopf_hybrid_v001,hybrid,3.0,95.0,5.0,0,val_global,,6000,727,0.12116666666666667,1.0,1.0,727,5273,0.0687757909215956,1.0,0.1375515818431912,1.0,0.2751031636863824,1.0,0.687757909215956,1.0,200,6000,6000,200,200,200,False,rank_inversion_guard_exceeded,True,1.0,False,False
hybrid_m3_q95_e5,dcopf_hybrid_v001,hybrid,3.0,95.0,5.0,0,val_per_lop,0.004999999888241291,1000,52,0.052,1.0,1.0,52,948,0.9615384615384616,1.0,1.0,0.52,1.0,0.26,1.0,0.104,200,200,250,50,0,0,True,none,False,1.0,False,False
hybrid_m3_q95_e5,dcopf_hybrid_v001,hybrid,3.0,95.0,5.0,0,val_per_lop,0.00800000037997961,1000,84,0.084,1.0,1.0,84,916,0.5952380952380952,1.0,1.0,0.84,1.0,0.42,1.0,0.168,200,200,250,50,0,0,True,none,False,1.0,False,False
hybrid_m3_q95_e5,dcopf_hybrid_v001,hybrid,3.0,95.0,5.0,0,val_per_lop,0.010999999940395355,1000,116,0.116,1.0,1.0,116,884,0.43103448275862066,1.0,0.8620689655172413,1.0,1.0,0.58,1.0,0.232,200,200,250,50,0,0,True,none,False,1.0,False,False
hybrid_m3_q95_e5,dcopf_hybrid_v001,hybrid,3.0,95.0,5.0,0,val_per_lop,0.014000000432133675,1000,133,0.133,1.0,1.0,133,867,0.37593984962406013,1.0,0.7518796992481203,1.0,1.0,0.665,1.0,0.266,200,200,250,50,0,0,True,none,False,1.0,False,False
hybrid_m3_q95_e5,dcopf_hybrid_v001,hybrid,3.0,95.0,5.0,0,val_per_lop,0.017000000923871994,1000,158,0.158,1.0,1.0,158,842,0.31645569620253167,1.0,0.6329113924050633,1.0,1.0,0.79,1.0,0.316,200,200,250,50,0,0,True,none,False,1.0,False,False
hybrid_m3_q95_e5,dcopf_hybrid_v001,hybrid,3.0,95.0,5.0,0,val_per_lop,0.019999999552965164,1000,184,0.184,1.0,1.0,184,816,0.2717391304347826,1.0,0.5434782608695652,1.0,1.0,0.92,1.0,0.368,200,200,250,50,0,0,True,none,False,1.0,False,False
hybrid_m3_q97.5_e5,dcopf_hybrid_v001,hybrid,3.0,97.5,5.0,0,train_global,,24000,3063,0.127625,0.9977719174968122,0.9942469761514608,3043,20957,0.01632386549134835,1.0,0.03232125367286973,0.99,0.06464250734573947,0.99,0.16193274567417565,0.992,200,24000,24000,200,199,199,False,rank_inversion_guard_exceeded,True,1.0,False,False
hybrid_m3_q97.5_e5,dcopf_hybrid_v001,hybrid,3.0,97.5,5.0,0,val_global,,6000,727,0.12116666666666667,1.0,1.0,727,5273,0.0687757909215956,1.0,0.1375515818431912,1.0,0.2751031636863824,1.0,0.687757909215956,1.0,200,6000,6000,200,200,200,False,rank_inversion_guard_exceeded,True,1.0,False,False
hybrid_m3_q97.5_e5,dcopf_hybrid_v001,hybrid,3.0,97.5,5.0,0,val_per_lop,0.004999999888241291,1000,52,0.052,1.0,1.0,52,948,0.9615384615384616,1.0,1.0,0.52,1.0,0.26,1.0,0.104,200,200,250,50,0,0,True,none,False,1.0,False,False
hybrid_m3_q97.5_e5,dcopf_hybrid_v001,hybrid,3.0,97.5,5.0,0,val_per_lop,0.00800000037997961,1000,84,0.084,1.0,1.0,84,916,0.5952380952380952,1.0,1.0,0.84,1.0,0.42,1.0,0.168,200,200,250,50,0,0,True,none,False,1.0,False,False
hybrid_m3_q97.5_e5,dcopf_hybrid_v001,hybrid,3.0,97.5,5.0,0,val_per_lop,0.010999999940395355,1000,116,0.116,0.9999999999999999,1.0,116,884,0.43103448275862066,1.0,0.8620689655172413,1.0,1.0,0.58,1.0,0.232,200,200,250,50,0,0,True,none,False,1.0,False,False
hybrid_m3_q97.5_e5,dcopf_hybrid_v001,hybrid,3.0,97.5,5.0,0,val_per_lop,0.014000000432133675,1000,133,0.133,1.0,1.0,133,867,0.37593984962406013,1.0,0.7518796992481203,1.0,1.0,0.665,1.0,0.266,200,200,250,50,0,0,True,none,False,1.0,False,False
hybrid_m3_q97.5_e5,dcopf_hybrid_v001,hybrid,3.0,97.5,5.0,0,val_per_lop,0.017000000923871994,1000,158,0.158,1.0,1.0,158,842,0.31645569620253167,1.0,0.6329113924050633,1.0,1.0,0.79,1.0,0.316,200,200,250,50,0,0,True,none,False,1.0,False,False
hybrid_m3_q97.5_e5,dcopf_hybrid_v001,hybrid,3.0,97.5,5.0,0,val_per_lop,0.019999999552965164,1000,184,0.184,1.0,1.0,184,816,0.2717391304347826,1.0,0.5434782608695652,1.0,1.0,0.92,1.0,0.368,200,200,250,50,0,0,True,none,False,1.0,False,False
hybrid_m3_q99_e5,dcopf_hybrid_v001,hybrid,3.0,99.0,5.0,0,train_global,,24000,3063,0.127625,0.9981934672696477,0.9952537468028853,3043,20957,0.01632386549134835,1.0,0.03232125367286973,0.99,0.06464250734573947,0.99,0.16193274567417565,0.992,200,24000,24000,200,199,199,False,rank_inversion_guard_exceeded,True,1.0,False,False
hybrid_m3_q99_e5,dcopf_hybrid_v001,hybrid,3.0,99.0,5.0,0,val_global,,6000,727,0.12116666666666667,1.0,1.0,727,5273,0.0687757909215956,1.0,0.1375515818431912,1.0,0.2751031636863824,1.0,0.687757909215956,1.0,200,6000,6000,200,200,200,False,rank_inversion_guard_exceeded,True,1.0,False,False
hybrid_m3_q99_e5,dcopf_hybrid_v001,hybrid,3.0,99.0,5.0,0,val_per_lop,0.004999999888241291,1000,52,0.052,1.0,1.0,52,948,0.9615384615384616,1.0,1.0,0.52,1.0,0.26,1.0,0.104,200,200,250,50,0,0,True,none,False,1.0,False,False
hybrid_m3_q99_e5,dcopf_hybrid_v001,hybrid,3.0,99.0,5.0,0,val_per_lop,0.00800000037997961,1000,84,0.084,1.0,1.0,84,916,0.5952380952380952,1.0,1.0,0.84,1.0,0.42,1.0,0.168,200,200,250,50,0,0,True,none,False,1.0,False,False
hybrid_m3_q99_e5,dcopf_hybrid_v001,hybrid,3.0,99.0,5.0,0,val_per_lop,0.010999999940395355,1000,116,0.116,1.0,1.0,116,884,0.43103448275862066,1.0,0.8620689655172413,1.0,1.0,0.58,1.0,0.232,200,200,250,50,0,0,True,none,False,1.0,False,False
hybrid_m3_q99_e5,dcopf_hybrid_v001,hybrid,3.0,99.0,5.0,0,val_per_lop,0.014000000432133675,1000,133,0.133,1.0,1.0,133,867,0.37593984962406013,1.0,0.7518796992481203,1.0,1.0,0.665,1.0,0.266,200,200,250,50,0,0,True,none,False,1.0,False,False
hybrid_m3_q99_e5,dcopf_hybrid_v001,hybrid,3.0,99.0,5.0,0,val_per_lop,0.017000000923871994,1000,158,0.158,1.0,1.0,158,842,0.31645569620253167,1.0,0.6329113924050633,1.0,1.0,0.79,1.0,0.316,200,200,250,50,0,0,True,none,False,1.0,False,False
hybrid_m3_q99_e5,dcopf_hybrid_v001,hybrid,3.0,99.0,5.0,0,val_per_lop,0.019999999552965164,1000,184,0.184,1.0,1.0,184,816,0.2717391304347826,1.0,0.5434782608695652,1.0,1.0,0.92,1.0,0.368,200,200,250,50,0,0,True,none,False,1.0,False,False
hybrid_m1_q90_e10,dcopf_hybrid_v001,hybrid,1.0,90.0,10.0,0,train_global,,24000,3063,0.127625,0.9979960558572005,0.9944166719925649,3043,20957,0.01632386549134835,1.0,0.03232125367286973,0.99,0.06464250734573947,0.99,0.16193274567417565,0.992,200,24000,24000,200,199,199,False,rank_inversion_guard_exceeded,True,1.0,False,False
hybrid_m1_q90_e10,dcopf_hybrid_v001,hybrid,1.0,90.0,10.0,0,val_global,,6000,727,0.12116666666666667,1.0,1.0,727,5273,0.0687757909215956,1.0,0.1375515818431912,1.0,0.2751031636863824,1.0,0.687757909215956,1.0,200,6000,6000,200,200,200,False,rank_inversion_guard_exceeded,True,1.0,False,False
hybrid_m1_q90_e10,dcopf_hybrid_v001,hybrid,1.0,90.0,10.0,0,val_per_lop,0.004999999888241291,1000,52,0.052,1.0,1.0,52,948,0.9615384615384616,1.0,1.0,0.52,1.0,0.26,1.0,0.104,200,200,250,50,0,0,True,none,False,1.0,False,False
hybrid_m1_q90_e10,dcopf_hybrid_v001,hybrid,1.0,90.0,10.0,0,val_per_lop,0.00800000037997961,1000,84,0.084,1.0,1.0,84,916,0.5952380952380952,1.0,1.0,0.84,1.0,0.42,1.0,0.168,200,200,250,50,0,0,True,none,False,1.0,False,False
hybrid_m1_q90_e10,dcopf_hybrid_v001,hybrid,1.0,90.0,10.0,0,val_per_lop,0.010999999940395355,1000,116,0.116,1.0,1.0,116,884,0.43103448275862066,1.0,0.8620689655172413,1.0,1.0,0.58,1.0,0.232,200,200,250,50,0,0,True,none,False,1.0,False,False
hybrid_m1_q90_e10,dcopf_hybrid_v001,hybrid,1.0,90.0,10.0,0,val_per_lop,0.014000000432133675,1000,133,0.133,1.0,1.0,133,867,0.37593984962406013,1.0,0.7518796992481203,1.0,1.0,0.665,1.0,0.266,200,200,250,50,0,0,True,none,False,1.0,False,False
hybrid_m1_q90_e10,dcopf_hybrid_v001,hybrid,1.0,90.0,10.0,0,val_per_lop,0.017000000923871994,1000,158,0.158,1.0,1.0,158,842,0.31645569620253167,1.0,0.6329113924050633,1.0,1.0,0.79,1.0,0.316,200,200,250,50,0,0,True,none,False,1.0,False,False
hybrid_m1_q90_e10,dcopf_hybrid_v001,hybrid,1.0,90.0,10.0,0,val_per_lop,0.019999999552965164,1000,184,0.184,1.0,1.0,184,816,0.2717391304347826,1.0,0.5434782608695652,1.0,1.0,0.92,1.0,0.368,200,200,250,50,0,0,True,none,False,1.0,False,False
hybrid_m1_q95_e10,dcopf_hybrid_v001,hybrid,1.0,95.0,10.0,0,train_global,,24000,3063,0.127625,0.9981841580584923,0.9942370024155809,3043,20957,0.01632386549134835,1.0,0.03232125367286973,0.99,0.06464250734573947,0.99,0.16193274567417565,0.992,200,24000,24000,200,199,199,False,rank_inversion_guard_exceeded,True,1.0,False,False
hybrid_m1_q95_e10,dcopf_hybrid_v001,hybrid,1.0,95.0,10.0,0,val_global,,6000,727,0.12116666666666667,1.0,1.0,727,5273,0.0687757909215956,1.0,0.1375515818431912,1.0,0.2751031636863824,1.0,0.687757909215956,1.0,200,6000,6000,200,200,200,False,rank_inversion_guard_exceeded,True,1.0,False,False
hybrid_m1_q95_e10,dcopf_hybrid_v001,hybrid,1.0,95.0,10.0,0,val_per_lop,0.004999999888241291,1000,52,0.052,1.0,1.0,52,948,0.9615384615384616,1.0,1.0,0.52,1.0,0.26,1.0,0.104,200,200,250,50,0,0,True,none,False,1.0,False,False
hybrid_m1_q95_e10,dcopf_hybrid_v001,hybrid,1.0,95.0,10.0,0,val_per_lop,0.00800000037997961,1000,84,0.084,1.0,1.0,84,916,0.5952380952380952,1.0,1.0,0.84,1.0,0.42,1.0,0.168,200,200,250,50,0,0,True,none,False,1.0,False,False
hybrid_m1_q95_e10,dcopf_hybrid_v001,hybrid,1.0,95.0,10.0,0,val_per_lop,0.010999999940395355,1000,116,0.116,1.0,1.0,116,884,0.43103448275862066,1.0,0.8620689655172413,1.0,1.0,0.58,1.0,0.232,200,200,250,50,0,0,True,none,False,1.0,False,False
hybrid_m1_q95_e10,dcopf_hybrid_v001,hybrid,1.0,95.0,10.0,0,val_per_lop,0.014000000432133675,1000,133,0.133,1.0,1.0,133,867,0.37593984962406013,1.0,0.7518796992481203,1.0,1.0,0.665,1.0,0.266,200,200,250,50,0,0,True,none,False,1.0,False,False
hybrid_m1_q95_e10,dcopf_hybrid_v001,hybrid,1.0,95.0,10.0,0,val_per_lop,0.017000000923871994,1000,158,0.158,1.0,1.0,158,842,0.31645569620253167,1.0,0.6329113924050633,1.0,1.0,0.79,1.0,0.316,200,200,250,50,0,0,True,none,False,1.0,False,False
hybrid_m1_q95_e10,dcopf_hybrid_v001,hybrid,1.0,95.0,10.0,0,val_per_lop,0.019999999552965164,1000,184,0.184,1.0,1.0,184,816,0.2717391304347826,1.0,0.5434782608695652,1.0,1.0,0.92,1.0,0.368,200,200,250,50,0,0,True,none,False,1.0,False,False
hybrid_m1_q97.5_e10,dcopf_hybrid_v001,hybrid,1.0,97.5,10.0,0,train_global,,24000,3063,0.127625,0.9984630757468369,0.9943738132200979,3043,20957,0.01632386549134835,1.0,0.03232125367286973,0.99,0.06464250734573947,0.99,0.16193274567417565,0.992,200,24000,24000,200,199,199,False,rank_inversion_guard_exceeded,True,1.0,False,False
hybrid_m1_q97.5_e10,dcopf_hybrid_v001,hybrid,1.0,97.5,10.0,0,val_global,,6000,727,0.12116666666666667,1.0,1.0,727,5273,0.0687757909215956,1.0,0.1375515818431912,1.0,0.2751031636863824,1.0,0.687757909215956,1.0,200,6000,6000,200,200,200,False,rank_inversion_guard_exceeded,True,1.0,False,False
hybrid_m1_q97.5_e10,dcopf_hybrid_v001,hybrid,1.0,97.5,10.0,0,val_per_lop,0.004999999888241291,1000,52,0.052,1.0,1.0,52,948,0.9615384615384616,1.0,1.0,0.52,1.0,0.26,1.0,0.104,200,200,250,50,0,0,True,none,False,1.0,False,False
hybrid_m1_q97.5_e10,dcopf_hybrid_v001,hybrid,1.0,97.5,10.0,0,val_per_lop,0.00800000037997961,1000,84,0.084,1.0,1.0,84,916,0.5952380952380952,1.0,1.0,0.84,1.0,0.42,1.0,0.168,200,200,250,50,0,0,True,none,False,1.0,False,False
hybrid_m1_q97.5_e10,dcopf_hybrid_v001,hybrid,1.0,97.5,10.0,0,val_per_lop,0.010999999940395355,1000,116,0.116,1.0,1.0,116,884,0.43103448275862066,1.0,0.8620689655172413,1.0,1.0,0.58,1.0,0.232,200,200,250,50,0,0,True,none,False,1.0,False,False
hybrid_m1_q97.5_e10,dcopf_hybrid_v001,hybrid,1.0,97.5,10.0,0,val_per_lop,0.014000000432133675,1000,133,0.133,1.0,1.0,133,867,0.37593984962406013,1.0,0.7518796992481203,1.0,1.0,0.665,1.0,0.266,200,200,250,50,0,0,True,none,False,1.0,False,False
hybrid_m1_q97.5_e10,dcopf_hybrid_v001,hybrid,1.0,97.5,10.0,0,val_per_lop,0.017000000923871994,1000,158,0.158,1.0,1.0,158,842,0.31645569620253167,1.0,0.6329113924050633,1.0,1.0,0.79,1.0,0.316,200,200,250,50,0,0,True,none,False,1.0,False,False
hybrid_m1_q97.5_e10,dcopf_hybrid_v001,hybrid,1.0,97.5,10.0,0,val_per_lop,0.019999999552965164,1000,184,0.184,1.0,1.0,184,816,0.2717391304347826,1.0,0.5434782608695652,1.0,1.0,0.92,1.0,0.368,200,200,250,50,0,0,True,none,False,1.0,False,False
hybrid_m1_q99_e10,dcopf_hybrid_v001,hybrid,1.0,99.0,10.0,0,train_global,,24000,3063,0.127625,0.9993978172254431,0.9960397498326408,3043,20957,0.01632386549134835,1.0,0.03232125367286973,0.99,0.06464250734573947,0.99,0.16193274567417565,0.992,200,24000,24000,200,199,199,False,rank_inversion_guard_exceeded,True,1.0,False,False
hybrid_m1_q99_e10,dcopf_hybrid_v001,hybrid,1.0,99.0,10.0,0,val_global,,6000,727,0.12116666666666667,1.0,1.0,727,5273,0.0687757909215956,1.0,0.1375515818431912,1.0,0.2751031636863824,1.0,0.687757909215956,1.0,200,6000,6000,200,200,200,False,rank_inversion_guard_exceeded,True,1.0,False,False
hybrid_m1_q99_e10,dcopf_hybrid_v001,hybrid,1.0,99.0,10.0,0,val_per_lop,0.004999999888241291,1000,52,0.052,1.0,1.0,52,948,0.9615384615384616,1.0,1.0,0.52,1.0,0.26,1.0,0.104,200,200,250,50,0,0,True,none,False,1.0,False,False
hybrid_m1_q99_e10,dcopf_hybrid_v001,hybrid,1.0,99.0,10.0,0,val_per_lop,0.00800000037997961,1000,84,0.084,1.0,1.0,84,916,0.5952380952380952,1.0,1.0,0.84,1.0,0.42,1.0,0.168,200,200,250,50,0,0,True,none,False,1.0,False,False
hybrid_m1_q99_e10,dcopf_hybrid_v001,hybrid,1.0,99.0,10.0,0,val_per_lop,0.010999999940395355,1000,116,0.116,1.0,1.0,116,884,0.43103448275862066,1.0,0.8620689655172413,1.0,1.0,0.58,1.0,0.232,200,200,250,50,0,0,True,none,False,1.0,False,False
hybrid_m1_q99_e10,dcopf_hybrid_v001,hybrid,1.0,99.0,10.0,0,val_per_lop,0.014000000432133675,1000,133,0.133,1.0,1.0,133,867,0.37593984962406013,1.0,0.7518796992481203,1.0,1.0,0.665,1.0,0.266,200,200,250,50,0,0,True,none,False,1.0,False,False
hybrid_m1_q99_e10,dcopf_hybrid_v001,hybrid,1.0,99.0,10.0,0,val_per_lop,0.017000000923871994,1000,158,0.158,0.9999999999999999,1.0,158,842,0.31645569620253167,1.0,0.6329113924050633,1.0,1.0,0.79,1.0,0.316,200,200,250,50,0,0,True,none,False,1.0,False,False
hybrid_m1_q99_e10,dcopf_hybrid_v001,hybrid,1.0,99.0,10.0,0,val_per_lop,0.019999999552965164,1000,184,0.184,1.0,1.0,184,816,0.2717391304347826,1.0,0.5434782608695652,1.0,1.0,0.92,1.0,0.368,200,200,250,50,0,0,True,none,False,1.0,False,False
hybrid_m1.2_q90_e10,dcopf_hybrid_v001,hybrid,1.2,90.0,10.0,0,train_global,,24000,3063,0.127625,0.9979388595648737,0.9944039999263725,3043,20957,0.01632386549134835,1.0,0.03232125367286973,0.99,0.06464250734573947,0.99,0.16193274567417565,0.992,200,24000,24000,200,199,199,False,rank_inversion_guard_exceeded,True,1.0,False,False
hybrid_m1.2_q90_e10,dcopf_hybrid_v001,hybrid,1.2,90.0,10.0,0,val_global,,6000,727,0.12116666666666667,1.0,1.0,727,5273,0.0687757909215956,1.0,0.1375515818431912,1.0,0.2751031636863824,1.0,0.687757909215956,1.0,200,6000,6000,200,200,200,False,rank_inversion_guard_exceeded,True,1.0,False,False
hybrid_m1.2_q90_e10,dcopf_hybrid_v001,hybrid,1.2,90.0,10.0,0,val_per_lop,0.004999999888241291,1000,52,0.052,1.0,1.0,52,948,0.9615384615384616,1.0,1.0,0.52,1.0,0.26,1.0,0.104,200,200,250,50,0,0,True,none,False,1.0,False,False
hybrid_m1.2_q90_e10,dcopf_hybrid_v001,hybrid,1.2,90.0,10.0,0,val_per_lop,0.00800000037997961,1000,84,0.084,1.0,1.0,84,916,0.5952380952380952,1.0,1.0,0.84,1.0,0.42,1.0,0.168,200,200,250,50,0,0,True,none,False,1.0,False,False
hybrid_m1.2_q90_e10,dcopf_hybrid_v001,hybrid,1.2,90.0,10.0,0,val_per_lop,0.010999999940395355,1000,116,0.116,1.0,1.0,116,884,0.43103448275862066,1.0,0.8620689655172413,1.0,1.0,0.58,1.0,0.232,200,200,250,50,0,0,True,none,False,1.0,False,False
hybrid_m1.2_q90_e10,dcopf_hybrid_v001,hybrid,1.2,90.0,10.0,0,val_per_lop,0.014000000432133675,1000,133,0.133,1.0,1.0,133,867,0.37593984962406013,1.0,0.7518796992481203,1.0,1.0,0.665,1.0,0.266,200,200,250,50,0,0,True,none,False,1.0,False,False
hybrid_m1.2_q90_e10,dcopf_hybrid_v001,hybrid,1.2,90.0,10.0,0,val_per_lop,0.017000000923871994,1000,158,0.158,1.0,1.0,158,842,0.31645569620253167,1.0,0.6329113924050633,1.0,1.0,0.79,1.0,0.316,200,200,250,50,0,0,True,none,False,1.0,False,False
hybrid_m1.2_q90_e10,dcopf_hybrid_v001,hybrid,1.2,90.0,10.0,0,val_per_lop,0.019999999552965164,1000,184,0.184,1.0,1.0,184,816,0.2717391304347826,1.0,0.5434782608695652,1.0,1.0,0.92,1.0,0.368,200,200,250,50,0,0,True,none,False,1.0,False,False
hybrid_m1.2_q95_e10,dcopf_hybrid_v001,hybrid,1.2,95.0,10.0,0,train_global,,24000,3063,0.127625,0.9982317176799743,0.9943746113202703,3043,20957,0.01632386549134835,1.0,0.03232125367286973,0.99,0.06464250734573947,0.99,0.16193274567417565,0.992,200,24000,24000,200,199,199,False,rank_inversion_guard_exceeded,True,1.0,False,False
hybrid_m1.2_q95_e10,dcopf_hybrid_v001,hybrid,1.2,95.0,10.0,0,val_global,,6000,727,0.12116666666666667,1.0,1.0,727,5273,0.0687757909215956,1.0,0.1375515818431912,1.0,0.2751031636863824,1.0,0.687757909215956,1.0,200,6000,6000,200,200,200,False,rank_inversion_guard_exceeded,True,1.0,False,False
hybrid_m1.2_q95_e10,dcopf_hybrid_v001,hybrid,1.2,95.0,10.0,0,val_per_lop,0.004999999888241291,1000,52,0.052,1.0,1.0,52,948,0.9615384615384616,1.0,1.0,0.52,1.0,0.26,1.0,0.104,200,200,250,50,0,0,True,none,False,1.0,False,False
hybrid_m1.2_q95_e10,dcopf_hybrid_v001,hybrid,1.2,95.0,10.0,0,val_per_lop,0.00800000037997961,1000,84,0.084,1.0,1.0,84,916,0.5952380952380952,1.0,1.0,0.84,1.0,0.42,1.0,0.168,200,200,250,50,0,0,True,none,False,1.0,False,False
hybrid_m1.2_q95_e10,dcopf_hybrid_v001,hybrid,1.2,95.0,10.0,0,val_per_lop,0.010999999940395355,1000,116,0.116,1.0,1.0,116,884,0.43103448275862066,1.0,0.8620689655172413,1.0,1.0,0.58,1.0,0.232,200,200,250,50,0,0,True,none,False,1.0,False,False
hybrid_m1.2_q95_e10,dcopf_hybrid_v001,hybrid,1.2,95.0,10.0,0,val_per_lop,0.014000000432133675,1000,133,0.133,1.0,1.0,133,867,0.37593984962406013,1.0,0.7518796992481203,1.0,1.0,0.665,1.0,0.266,200,200,250,50,0,0,True,none,False,1.0,False,False
hybrid_m1.2_q95_e10,dcopf_hybrid_v001,hybrid,1.2,95.0,10.0,0,val_per_lop,0.017000000923871994,1000,158,0.158,1.0,1.0,158,842,0.31645569620253167,1.0,0.6329113924050633,1.0,1.0,0.79,1.0,0.316,200,200,250,50,0,0,True,none,False,1.0,False,False
hybrid_m1.2_q95_e10,dcopf_hybrid_v001,hybrid,1.2,95.0,10.0,0,val_per_lop,0.019999999552965164,1000,184,0.184,1.0,1.0,184,816,0.2717391304347826,1.0,0.5434782608695652,1.0,1.0,0.92,1.0,0.368,200,200,250,50,0,0,True,none,False,1.0,False,False
hybrid_m1.2_q97.5_e10,dcopf_hybrid_v001,hybrid,1.2,97.5,10.0,0,train_global,,24000,3063,0.127625,0.9984771097335038,0.9944239407189565,3043,20957,0.01632386549134835,1.0,0.03232125367286973,0.99,0.06464250734573947,0.99,0.16193274567417565,0.992,200,24000,24000,200,199,199,False,rank_inversion_guard_exceeded,True,1.0,False,False
hybrid_m1.2_q97.5_e10,dcopf_hybrid_v001,hybrid,1.2,97.5,10.0,0,val_global,,6000,727,0.12116666666666667,1.0,1.0,727,5273,0.0687757909215956,1.0,0.1375515818431912,1.0,0.2751031636863824,1.0,0.687757909215956,1.0,200,6000,6000,200,200,200,False,rank_inversion_guard_exceeded,True,1.0,False,False
hybrid_m1.2_q97.5_e10,dcopf_hybrid_v001,hybrid,1.2,97.5,10.0,0,val_per_lop,0.004999999888241291,1000,52,0.052,1.0,1.0,52,948,0.9615384615384616,1.0,1.0,0.52,1.0,0.26,1.0,0.104,200,200,250,50,0,0,True,none,False,1.0,False,False
hybrid_m1.2_q97.5_e10,dcopf_hybrid_v001,hybrid,1.2,97.5,10.0,0,val_per_lop,0.00800000037997961,1000,84,0.084,1.0,1.0,84,916,0.5952380952380952,1.0,1.0,0.84,1.0,0.42,1.0,0.168,200,200,250,50,0,0,True,none,False,1.0,False,False
hybrid_m1.2_q97.5_e10,dcopf_hybrid_v001,hybrid,1.2,97.5,10.0,0,val_per_lop,0.010999999940395355,1000,116,0.116,1.0,1.0,116,884,0.43103448275862066,1.0,0.8620689655172413,1.0,1.0,0.58,1.0,0.232,200,200,250,50,0,0,True,none,False,1.0,False,False
hybrid_m1.2_q97.5_e10,dcopf_hybrid_v001,hybrid,1.2,97.5,10.0,0,val_per_lop,0.014000000432133675,1000,133,0.133,1.0,1.0,133,867,0.37593984962406013,1.0,0.7518796992481203,1.0,1.0,0.665,1.0,0.266,200,200,250,50,0,0,True,none,False,1.0,False,False
hybrid_m1.2_q97.5_e10,dcopf_hybrid_v001,hybrid,1.2,97.5,10.0,0,val_per_lop,0.017000000923871994,1000,158,0.158,1.0,1.0,158,842,0.31645569620253167,1.0,0.6329113924050633,1.0,1.0,0.79,1.0,0.316,200,200,250,50,0,0,True,none,False,1.0,False,False
hybrid_m1.2_q97.5_e10,dcopf_hybrid_v001,hybrid,1.2,97.5,10.0,0,val_per_lop,0.019999999552965164,1000,184,0.184,1.0,1.0,184,816,0.2717391304347826,1.0,0.5434782608695652,1.0,1.0,0.92,1.0,0.368,200,200,250,50,0,0,True,none,False,1.0,False,False
hybrid_m1.2_q99_e10,dcopf_hybrid_v001,hybrid,1.2,99.0,10.0,0,train_global,,24000,3063,0.127625,0.9994127868112211,0.9960662510426832,3043,20957,0.01632386549134835,1.0,0.03232125367286973,0.99,0.06464250734573947,0.99,0.16193274567417565,0.992,200,24000,24000,200,199,199,False,rank_inversion_guard_exceeded,True,1.0,False,False
hybrid_m1.2_q99_e10,dcopf_hybrid_v001,hybrid,1.2,99.0,10.0,0,val_global,,6000,727,0.12116666666666667,1.0,1.0,727,5273,0.0687757909215956,1.0,0.1375515818431912,1.0,0.2751031636863824,1.0,0.687757909215956,1.0,200,6000,6000,200,200,200,False,rank_inversion_guard_exceeded,True,1.0,False,False
hybrid_m1.2_q99_e10,dcopf_hybrid_v001,hybrid,1.2,99.0,10.0,0,val_per_lop,0.004999999888241291,1000,52,0.052,1.0,1.0,52,948,0.9615384615384616,1.0,1.0,0.52,1.0,0.26,1.0,0.104,200,200,250,50,0,0,True,none,False,1.0,False,False
hybrid_m1.2_q99_e10,dcopf_hybrid_v001,hybrid,1.2,99.0,10.0,0,val_per_lop,0.00800000037997961,1000,84,0.084,1.0,1.0,84,916,0.5952380952380952,1.0,1.0,0.84,1.0,0.42,1.0,0.168,200,200,250,50,0,0,True,none,False,1.0,False,False
hybrid_m1.2_q99_e10,dcopf_hybrid_v001,hybrid,1.2,99.0,10.0,0,val_per_lop,0.010999999940395355,1000,116,0.116,1.0,1.0,116,884,0.43103448275862066,1.0,0.8620689655172413,1.0,1.0,0.58,1.0,0.232,200,200,250,50,0,0,True,none,False,1.0,False,False
hybrid_m1.2_q99_e10,dcopf_hybrid_v001,hybrid,1.2,99.0,10.0,0,val_per_lop,0.014000000432133675,1000,133,0.133,1.0,1.0,133,867,0.37593984962406013,1.0,0.7518796992481203,1.0,1.0,0.665,1.0,0.266,200,200,250,50,0,0,True,none,False,1.0,False,False
hybrid_m1.2_q99_e10,dcopf_hybrid_v001,hybrid,1.2,99.0,10.0,0,val_per_lop,0.017000000923871994,1000,158,0.158,1.0,1.0,158,842,0.31645569620253167,1.0,0.6329113924050633,1.0,1.0,0.79,1.0,0.316,200,200,250,50,0,0,True,none,False,1.0,False,False
hybrid_m1.2_q99_e10,dcopf_hybrid_v001,hybrid,1.2,99.0,10.0,0,val_per_lop,0.019999999552965164,1000,184,0.184,1.0,1.0,184,816,0.2717391304347826,1.0,0.5434782608695652,1.0,1.0,0.92,1.0,0.368,200,200,250,50,0,0,True,none,False,1.0,False,False
hybrid_m1.5_q90_e10,dcopf_hybrid_v001,hybrid,1.5,90.0,10.0,0,train_global,,24000,3063,0.127625,0.997804741432294,0.9944500526151495,3043,20957,0.01632386549134835,1.0,0.03232125367286973,0.99,0.06464250734573947,0.99,0.16193274567417565,0.992,200,24000,24000,200,199,199,False,rank_inversion_guard_exceeded,True,1.0,False,False
hybrid_m1.5_q90_e10,dcopf_hybrid_v001,hybrid,1.5,90.0,10.0,0,val_global,,6000,727,0.12116666666666667,1.0,1.0,727,5273,0.0687757909215956,1.0,0.1375515818431912,1.0,0.2751031636863824,1.0,0.687757909215956,1.0,200,6000,6000,200,200,200,False,rank_inversion_guard_exceeded,True,1.0,False,False
hybrid_m1.5_q90_e10,dcopf_hybrid_v001,hybrid,1.5,90.0,10.0,0,val_per_lop,0.004999999888241291,1000,52,0.052,1.0,1.0,52,948,0.9615384615384616,1.0,1.0,0.52,1.0,0.26,1.0,0.104,200,200,250,50,0,0,True,none,False,1.0,False,False
hybrid_m1.5_q90_e10,dcopf_hybrid_v001,hybrid,1.5,90.0,10.0,0,val_per_lop,0.00800000037997961,1000,84,0.084,1.0,1.0,84,916,0.5952380952380952,1.0,1.0,0.84,1.0,0.42,1.0,0.168,200,200,250,50,0,0,True,none,False,1.0,False,False
hybrid_m1.5_q90_e10,dcopf_hybrid_v001,hybrid,1.5,90.0,10.0,0,val_per_lop,0.010999999940395355,1000,116,0.116,1.0,1.0,116,884,0.43103448275862066,1.0,0.8620689655172413,1.0,1.0,0.58,1.0,0.232,200,200,250,50,0,0,True,none,False,1.0,False,False
hybrid_m1.5_q90_e10,dcopf_hybrid_v001,hybrid,1.5,90.0,10.0,0,val_per_lop,0.014000000432133675,1000,133,0.133,1.0,1.0,133,867,0.37593984962406013,1.0,0.7518796992481203,1.0,1.0,0.665,1.0,0.266,200,200,250,50,0,0,True,none,False,1.0,False,False
hybrid_m1.5_q90_e10,dcopf_hybrid_v001,hybrid,1.5,90.0,10.0,0,val_per_lop,0.017000000923871994,1000,158,0.158,1.0,1.0,158,842,0.31645569620253167,1.0,0.6329113924050633,1.0,1.0,0.79,1.0,0.316,200,200,250,50,0,0,True,none,False,1.0,False,False
hybrid_m1.5_q90_e10,dcopf_hybrid_v001,hybrid,1.5,90.0,10.0,0,val_per_lop,0.019999999552965164,1000,184,0.184,1.0,1.0,184,816,0.2717391304347826,1.0,0.5434782608695652,1.0,1.0,0.92,1.0,0.368,200,200,250,50,0,0,True,none,False,1.0,False,False
hybrid_m1.5_q95_e10,dcopf_hybrid_v001,hybrid,1.5,95.0,10.0,0,train_global,,24000,3063,0.127625,0.9980007494460748,0.9943107528663259,3043,20957,0.01632386549134835,1.0,0.03232125367286973,0.99,0.06464250734573947,0.99,0.16193274567417565,0.992,200,24000,24000,200,199,199,False,rank_inversion_guard_exceeded,True,1.0,False,False
hybrid_m1.5_q95_e10,dcopf_hybrid_v001,hybrid,1.5,95.0,10.0,0,val_global,,6000,727,0.12116666666666667,0.9999999999999999,1.0,727,5273,0.0687757909215956,1.0,0.1375515818431912,1.0,0.2751031636863824,1.0,0.687757909215956,1.0,200,6000,6000,200,200,200,False,rank_inversion_guard_exceeded,True,1.0,False,False
hybrid_m1.5_q95_e10,dcopf_hybrid_v001,hybrid,1.5,95.0,10.0,0,val_per_lop,0.004999999888241291,1000,52,0.052,1.0,1.0,52,948,0.9615384615384616,1.0,1.0,0.52,1.0,0.26,1.0,0.104,200,200,250,50,0,0,True,none,False,1.0,False,False
hybrid_m1.5_q95_e10,dcopf_hybrid_v001,hybrid,1.5,95.0,10.0,0,val_per_lop,0.00800000037997961,1000,84,0.084,1.0,1.0,84,916,0.5952380952380952,1.0,1.0,0.84,1.0,0.42,1.0,0.168,200,200,250,50,0,0,True,none,False,1.0,False,False
hybrid_m1.5_q95_e10,dcopf_hybrid_v001,hybrid,1.5,95.0,10.0,0,val_per_lop,0.010999999940395355,1000,116,0.116,1.0,1.0,116,884,0.43103448275862066,1.0,0.8620689655172413,1.0,1.0,0.58,1.0,0.232,200,200,250,50,0,0,True,none,False,1.0,False,False
hybrid_m1.5_q95_e10,dcopf_hybrid_v001,hybrid,1.5,95.0,10.0,0,val_per_lop,0.014000000432133675,1000,133,0.133,1.0,1.0,133,867,0.37593984962406013,1.0,0.7518796992481203,1.0,1.0,0.665,1.0,0.266,200,200,250,50,0,0,True,none,False,1.0,False,False
hybrid_m1.5_q95_e10,dcopf_hybrid_v001,hybrid,1.5,95.0,10.0,0,val_per_lop,0.017000000923871994,1000,158,0.158,1.0,1.0,158,842,0.31645569620253167,1.0,0.6329113924050633,1.0,1.0,0.79,1.0,0.316,200,200,250,50,0,0,True,none,False,1.0,False,False
hybrid_m1.5_q95_e10,dcopf_hybrid_v001,hybrid,1.5,95.0,10.0,0,val_per_lop,0.019999999552965164,1000,184,0.184,1.0,1.0,184,816,0.2717391304347826,1.0,0.5434782608695652,1.0,1.0,0.92,1.0,0.368,200,200,250,50,0,0,True,none,False,1.0,False,False
hybrid_m1.5_q97.5_e10,dcopf_hybrid_v001,hybrid,1.5,97.5,10.0,0,train_global,,24000,3063,0.127625,0.9983589279724503,0.9944092962722973,3043,20957,0.01632386549134835,1.0,0.03232125367286973,0.99,0.06464250734573947,0.99,0.16193274567417565,0.992,200,24000,24000,200,199,199,False,rank_inversion_guard_exceeded,True,1.0,False,False
hybrid_m1.5_q97.5_e10,dcopf_hybrid_v001,hybrid,1.5,97.5,10.0,0,val_global,,6000,727,0.12116666666666667,1.0,1.0,727,5273,0.0687757909215956,1.0,0.1375515818431912,1.0,0.2751031636863824,1.0,0.687757909215956,1.0,200,6000,6000,200,200,200,False,rank_inversion_guard_exceeded,True,1.0,False,False
hybrid_m1.5_q97.5_e10,dcopf_hybrid_v001,hybrid,1.5,97.5,10.0,0,val_per_lop,0.004999999888241291,1000,52,0.052,1.0,1.0,52,948,0.9615384615384616,1.0,1.0,0.52,1.0,0.26,1.0,0.104,200,200,250,50,0,0,True,none,False,1.0,False,False
hybrid_m1.5_q97.5_e10,dcopf_hybrid_v001,hybrid,1.5,97.5,10.0,0,val_per_lop,0.00800000037997961,1000,84,0.084,1.0,1.0,84,916,0.5952380952380952,1.0,1.0,0.84,1.0,0.42,1.0,0.168,200,200,250,50,0,0,True,none,False,1.0,False,False
hybrid_m1.5_q97.5_e10,dcopf_hybrid_v001,hybrid,1.5,97.5,10.0,0,val_per_lop,0.010999999940395355,1000,116,0.116,1.0,1.0,116,884,0.43103448275862066,1.0,0.8620689655172413,1.0,1.0,0.58,1.0,0.232,200,200,250,50,0,0,True,none,False,1.0,False,False
hybrid_m1.5_q97.5_e10,dcopf_hybrid_v001,hybrid,1.5,97.5,10.0,0,val_per_lop,0.014000000432133675,1000,133,0.133,1.0,1.0,133,867,0.37593984962406013,1.0,0.7518796992481203,1.0,1.0,0.665,1.0,0.266,200,200,250,50,0,0,True,none,False,1.0,False,False
hybrid_m1.5_q97.5_e10,dcopf_hybrid_v001,hybrid,1.5,97.5,10.0,0,val_per_lop,0.017000000923871994,1000,158,0.158,1.0,1.0,158,842,0.31645569620253167,1.0,0.6329113924050633,1.0,1.0,0.79,1.0,0.316,200,200,250,50,0,0,True,none,False,1.0,False,False
hybrid_m1.5_q97.5_e10,dcopf_hybrid_v001,hybrid,1.5,97.5,10.0,0,val_per_lop,0.019999999552965164,1000,184,0.184,1.0,1.0,184,816,0.2717391304347826,1.0,0.5434782608695652,1.0,1.0,0.92,1.0,0.368,200,200,250,50,0,0,True,none,False,1.0,False,False
hybrid_m1.5_q99_e10,dcopf_hybrid_v001,hybrid,1.5,99.0,10.0,0,train_global,,24000,3063,0.127625,0.999444347687903,0.9961257768583884,3043,20957,0.01632386549134835,1.0,0.03232125367286973,0.99,0.06464250734573947,0.99,0.16193274567417565,0.992,200,24000,24000,200,199,199,False,rank_inversion_guard_exceeded,True,1.0,False,False
hybrid_m1.5_q99_e10,dcopf_hybrid_v001,hybrid,1.5,99.0,10.0,0,val_global,,6000,727,0.12116666666666667,1.0,1.0,727,5273,0.0687757909215956,1.0,0.1375515818431912,1.0,0.2751031636863824,1.0,0.687757909215956,1.0,200,6000,6000,200,200,200,False,rank_inversion_guard_exceeded,True,1.0,False,False
hybrid_m1.5_q99_e10,dcopf_hybrid_v001,hybrid,1.5,99.0,10.0,0,val_per_lop,0.004999999888241291,1000,52,0.052,1.0,1.0,52,948,0.9615384615384616,1.0,1.0,0.52,1.0,0.26,1.0,0.104,200,200,250,50,0,0,True,none,False,1.0,False,False
hybrid_m1.5_q99_e10,dcopf_hybrid_v001,hybrid,1.5,99.0,10.0,0,val_per_lop,0.00800000037997961,1000,84,0.084,1.0,1.0,84,916,0.5952380952380952,1.0,1.0,0.84,1.0,0.42,1.0,0.168,200,200,250,50,0,0,True,none,False,1.0,False,False
hybrid_m1.5_q99_e10,dcopf_hybrid_v001,hybrid,1.5,99.0,10.0,0,val_per_lop,0.010999999940395355,1000,116,0.116,1.0,1.0,116,884,0.43103448275862066,1.0,0.8620689655172413,1.0,1.0,0.58,1.0,0.232,200,200,250,50,0,0,True,none,False,1.0,False,False
hybrid_m1.5_q99_e10,dcopf_hybrid_v001,hybrid,1.5,99.0,10.0,0,val_per_lop,0.014000000432133675,1000,133,0.133,0.9999999999999999,1.0,133,867,0.37593984962406013,1.0,0.7518796992481203,1.0,1.0,0.665,1.0,0.266,200,200,250,50,0,0,True,none,False,1.0,False,False
hybrid_m1.5_q99_e10,dcopf_hybrid_v001,hybrid,1.5,99.0,10.0,0,val_per_lop,0.017000000923871994,1000,158,0.158,1.0,1.0,158,842,0.31645569620253167,1.0,0.6329113924050633,1.0,1.0,0.79,1.0,0.316,200,200,250,50,0,0,True,none,False,1.0,False,False
hybrid_m1.5_q99_e10,dcopf_hybrid_v001,hybrid,1.5,99.0,10.0,0,val_per_lop,0.019999999552965164,1000,184,0.184,1.0,1.0,184,816,0.2717391304347826,1.0,0.5434782608695652,1.0,1.0,0.92,1.0,0.368,200,200,250,50,0,0,True,none,False,1.0,False,False
hybrid_m2_q90_e10,dcopf_hybrid_v001,hybrid,2.0,90.0,10.0,0,train_global,,24000,3063,0.127625,0.9976891013821589,0.9943680919549895,3043,20957,0.01632386549134835,1.0,0.03232125367286973,0.99,0.06464250734573947,0.99,0.16193274567417565,0.992,200,24000,24000,200,199,199,False,rank_inversion_guard_exceeded,True,1.0,False,False
hybrid_m2_q90_e10,dcopf_hybrid_v001,hybrid,2.0,90.0,10.0,0,val_global,,6000,727,0.12116666666666667,1.0,1.0,727,5273,0.0687757909215956,1.0,0.1375515818431912,1.0,0.2751031636863824,1.0,0.687757909215956,1.0,200,6000,6000,200,200,200,False,rank_inversion_guard_exceeded,True,1.0,False,False
hybrid_m2_q90_e10,dcopf_hybrid_v001,hybrid,2.0,90.0,10.0,0,val_per_lop,0.004999999888241291,1000,52,0.052,1.0,1.0,52,948,0.9615384615384616,1.0,1.0,0.52,1.0,0.26,1.0,0.104,200,200,250,50,0,0,True,none,False,1.0,False,False
hybrid_m2_q90_e10,dcopf_hybrid_v001,hybrid,2.0,90.0,10.0,0,val_per_lop,0.00800000037997961,1000,84,0.084,1.0,1.0,84,916,0.5952380952380952,1.0,1.0,0.84,1.0,0.42,1.0,0.168,200,200,250,50,0,0,True,none,False,1.0,False,False
hybrid_m2_q90_e10,dcopf_hybrid_v001,hybrid,2.0,90.0,10.0,0,val_per_lop,0.010999999940395355,1000,116,0.116,1.0,1.0,116,884,0.43103448275862066,1.0,0.8620689655172413,1.0,1.0,0.58,1.0,0.232,200,200,250,50,0,0,True,none,False,1.0,False,False
hybrid_m2_q90_e10,dcopf_hybrid_v001,hybrid,2.0,90.0,10.0,0,val_per_lop,0.014000000432133675,1000,133,0.133,1.0,1.0,133,867,0.37593984962406013,1.0,0.7518796992481203,1.0,1.0,0.665,1.0,0.266,200,200,250,50,0,0,True,none,False,1.0,False,False
hybrid_m2_q90_e10,dcopf_hybrid_v001,hybrid,2.0,90.0,10.0,0,val_per_lop,0.017000000923871994,1000,158,0.158,1.0,1.0,158,842,0.31645569620253167,1.0,0.6329113924050633,1.0,1.0,0.79,1.0,0.316,200,200,250,50,0,0,True,none,False,1.0,False,False
hybrid_m2_q90_e10,dcopf_hybrid_v001,hybrid,2.0,90.0,10.0,0,val_per_lop,0.019999999552965164,1000,184,0.184,0.9999999999999999,1.0,184,816,0.2717391304347826,1.0,0.5434782608695652,1.0,1.0,0.92,1.0,0.368,200,200,250,50,0,0,True,none,False,1.0,False,False
hybrid_m2_q95_e10,dcopf_hybrid_v001,hybrid,2.0,95.0,10.0,0,train_global,,24000,3063,0.127625,0.9978364894287982,0.9944879059610167,3043,20957,0.01632386549134835,1.0,0.03232125367286973,0.99,0.06464250734573947,0.99,0.16193274567417565,0.992,200,24000,24000,200,199,199,False,rank_inversion_guard_exceeded,True,1.0,False,False
hybrid_m2_q95_e10,dcopf_hybrid_v001,hybrid,2.0,95.0,10.0,0,val_global,,6000,727,0.12116666666666667,1.0,1.0,727,5273,0.0687757909215956,1.0,0.1375515818431912,1.0,0.2751031636863824,1.0,0.687757909215956,1.0,200,6000,6000,200,200,200,False,rank_inversion_guard_exceeded,True,1.0,False,False
hybrid_m2_q95_e10,dcopf_hybrid_v001,hybrid,2.0,95.0,10.0,0,val_per_lop,0.004999999888241291,1000,52,0.052,1.0,1.0,52,948,0.9615384615384616,1.0,1.0,0.52,1.0,0.26,1.0,0.104,200,200,250,50,0,0,True,none,False,1.0,False,False
hybrid_m2_q95_e10,dcopf_hybrid_v001,hybrid,2.0,95.0,10.0,0,val_per_lop,0.00800000037997961,1000,84,0.084,1.0,1.0,84,916,0.5952380952380952,1.0,1.0,0.84,1.0,0.42,1.0,0.168,200,200,250,50,0,0,True,none,False,1.0,False,False
hybrid_m2_q95_e10,dcopf_hybrid_v001,hybrid,2.0,95.0,10.0,0,val_per_lop,0.010999999940395355,1000,116,0.116,0.9999999999999999,1.0,116,884,0.43103448275862066,1.0,0.8620689655172413,1.0,1.0,0.58,1.0,0.232,200,200,250,50,0,0,True,none,False,1.0,False,False
hybrid_m2_q95_e10,dcopf_hybrid_v001,hybrid,2.0,95.0,10.0,0,val_per_lop,0.014000000432133675,1000,133,0.133,1.0,1.0,133,867,0.37593984962406013,1.0,0.7518796992481203,1.0,1.0,0.665,1.0,0.266,200,200,250,50,0,0,True,none,False,1.0,False,False
hybrid_m2_q95_e10,dcopf_hybrid_v001,hybrid,2.0,95.0,10.0,0,val_per_lop,0.017000000923871994,1000,158,0.158,1.0,1.0,158,842,0.31645569620253167,1.0,0.6329113924050633,1.0,1.0,0.79,1.0,0.316,200,200,250,50,0,0,True,none,False,1.0,False,False
hybrid_m2_q95_e10,dcopf_hybrid_v001,hybrid,2.0,95.0,10.0,0,val_per_lop,0.019999999552965164,1000,184,0.184,1.0,1.0,184,816,0.2717391304347826,1.0,0.5434782608695652,1.0,1.0,0.92,1.0,0.368,200,200,250,50,0,0,True,none,False,1.0,False,False
hybrid_m2_q97.5_e10,dcopf_hybrid_v001,hybrid,2.0,97.5,10.0,0,train_global,,24000,3063,0.127625,0.9979821310237633,0.9943091072085616,3043,20957,0.01632386549134835,1.0,0.03232125367286973,0.99,0.06464250734573947,0.99,0.16193274567417565,0.992,200,24000,24000,200,199,199,False,rank_inversion_guard_exceeded,True,1.0,False,False
hybrid_m2_q97.5_e10,dcopf_hybrid_v001,hybrid,2.0,97.5,10.0,0,val_global,,6000,727,0.12116666666666667,1.0,1.0,727,5273,0.0687757909215956,1.0,0.1375515818431912,1.0,0.2751031636863824,1.0,0.687757909215956,1.0,200,6000,6000,200,200,200,False,rank_inversion_guard_exceeded,True,1.0,False,False
hybrid_m2_q97.5_e10,dcopf_hybrid_v001,hybrid,2.0,97.5,10.0,0,val_per_lop,0.004999999888241291,1000,52,0.052,1.0,1.0,52,948,0.9615384615384616,1.0,1.0,0.52,1.0,0.26,1.0,0.104,200,200,250,50,0,0,True,none,False,1.0,False,False
hybrid_m2_q97.5_e10,dcopf_hybrid_v001,hybrid,2.0,97.5,10.0,0,val_per_lop,0.00800000037997961,1000,84,0.084,1.0,1.0,84,916,0.5952380952380952,1.0,1.0,0.84,1.0,0.42,1.0,0.168,200,200,250,50,0,0,True,none,False,1.0,False,False
hybrid_m2_q97.5_e10,dcopf_hybrid_v001,hybrid,2.0,97.5,10.0,0,val_per_lop,0.010999999940395355,1000,116,0.116,1.0,1.0,116,884,0.43103448275862066,1.0,0.8620689655172413,1.0,1.0,0.58,1.0,0.232,200,200,250,50,0,0,True,none,False,1.0,False,False
hybrid_m2_q97.5_e10,dcopf_hybrid_v001,hybrid,2.0,97.5,10.0,0,val_per_lop,0.014000000432133675,1000,133,0.133,1.0,1.0,133,867,0.37593984962406013,1.0,0.7518796992481203,1.0,1.0,0.665,1.0,0.266,200,200,250,50,0,0,True,none,False,1.0,False,False
hybrid_m2_q97.5_e10,dcopf_hybrid_v001,hybrid,2.0,97.5,10.0,0,val_per_lop,0.017000000923871994,1000,158,0.158,1.0,1.0,158,842,0.31645569620253167,1.0,0.6329113924050633,1.0,1.0,0.79,1.0,0.316,200,200,250,50,0,0,True,none,False,1.0,False,False
hybrid_m2_q97.5_e10,dcopf_hybrid_v001,hybrid,2.0,97.5,10.0,0,val_per_lop,0.019999999552965164,1000,184,0.184,1.0,1.0,184,816,0.2717391304347826,1.0,0.5434782608695652,1.0,1.0,0.92,1.0,0.368,200,200,250,50,0,0,True,none,False,1.0,False,False
hybrid_m2_q99_e10,dcopf_hybrid_v001,hybrid,2.0,99.0,10.0,0,train_global,,24000,3063,0.127625,0.9984324036893106,0.9953053923743815,3043,20957,0.01632386549134835,1.0,0.03232125367286973,0.99,0.06464250734573947,0.99,0.16193274567417565,0.992,200,24000,24000,200,199,199,False,rank_inversion_guard_exceeded,True,1.0,False,False
hybrid_m2_q99_e10,dcopf_hybrid_v001,hybrid,2.0,99.0,10.0,0,val_global,,6000,727,0.12116666666666667,1.0,1.0,727,5273,0.0687757909215956,1.0,0.1375515818431912,1.0,0.2751031636863824,1.0,0.687757909215956,1.0,200,6000,6000,200,200,200,False,rank_inversion_guard_exceeded,True,1.0,False,False
hybrid_m2_q99_e10,dcopf_hybrid_v001,hybrid,2.0,99.0,10.0,0,val_per_lop,0.004999999888241291,1000,52,0.052,1.0,1.0,52,948,0.9615384615384616,1.0,1.0,0.52,1.0,0.26,1.0,0.104,200,200,250,50,0,0,True,none,False,1.0,False,False
hybrid_m2_q99_e10,dcopf_hybrid_v001,hybrid,2.0,99.0,10.0,0,val_per_lop,0.00800000037997961,1000,84,0.084,1.0,1.0,84,916,0.5952380952380952,1.0,1.0,0.84,1.0,0.42,1.0,0.168,200,200,250,50,0,0,True,none,False,1.0,False,False
hybrid_m2_q99_e10,dcopf_hybrid_v001,hybrid,2.0,99.0,10.0,0,val_per_lop,0.010999999940395355,1000,116,0.116,1.0,1.0,116,884,0.43103448275862066,1.0,0.8620689655172413,1.0,1.0,0.58,1.0,0.232,200,200,250,50,0,0,True,none,False,1.0,False,False
hybrid_m2_q99_e10,dcopf_hybrid_v001,hybrid,2.0,99.0,10.0,0,val_per_lop,0.014000000432133675,1000,133,0.133,1.0,1.0,133,867,0.37593984962406013,1.0,0.7518796992481203,1.0,1.0,0.665,1.0,0.266,200,200,250,50,0,0,True,none,False,1.0,False,False
hybrid_m2_q99_e10,dcopf_hybrid_v001,hybrid,2.0,99.0,10.0,0,val_per_lop,0.017000000923871994,1000,158,0.158,1.0,1.0,158,842,0.31645569620253167,1.0,0.6329113924050633,1.0,1.0,0.79,1.0,0.316,200,200,250,50,0,0,True,none,False,1.0,False,False
hybrid_m2_q99_e10,dcopf_hybrid_v001,hybrid,2.0,99.0,10.0,0,val_per_lop,0.019999999552965164,1000,184,0.184,1.0,1.0,184,816,0.2717391304347826,1.0,0.5434782608695652,1.0,1.0,0.92,1.0,0.368,200,200,250,50,0,0,True,none,False,1.0,False,False
hybrid_m3_q90_e10,dcopf_hybrid_v001,hybrid,3.0,90.0,10.0,0,train_global,,24000,3063,0.127625,0.9975328251439642,0.9939441478513921,3043,20957,0.01632386549134835,1.0,0.03232125367286973,0.99,0.06464250734573947,0.99,0.16193274567417565,0.992,200,24000,24000,200,199,199,False,rank_inversion_guard_exceeded,True,1.0,False,False
hybrid_m3_q90_e10,dcopf_hybrid_v001,hybrid,3.0,90.0,10.0,0,val_global,,6000,727,0.12116666666666667,1.0,1.0,727,5273,0.0687757909215956,1.0,0.1375515818431912,1.0,0.2751031636863824,1.0,0.687757909215956,1.0,200,6000,6000,200,200,200,False,rank_inversion_guard_exceeded,True,1.0,False,False
hybrid_m3_q90_e10,dcopf_hybrid_v001,hybrid,3.0,90.0,10.0,0,val_per_lop,0.004999999888241291,1000,52,0.052,1.0,1.0,52,948,0.9615384615384616,1.0,1.0,0.52,1.0,0.26,1.0,0.104,200,200,250,50,0,0,True,none,False,1.0,False,False
hybrid_m3_q90_e10,dcopf_hybrid_v001,hybrid,3.0,90.0,10.0,0,val_per_lop,0.00800000037997961,1000,84,0.084,1.0,1.0,84,916,0.5952380952380952,1.0,1.0,0.84,1.0,0.42,1.0,0.168,200,200,250,50,0,0,True,none,False,1.0,False,False
hybrid_m3_q90_e10,dcopf_hybrid_v001,hybrid,3.0,90.0,10.0,0,val_per_lop,0.010999999940395355,1000,116,0.116,1.0,1.0,116,884,0.43103448275862066,1.0,0.8620689655172413,1.0,1.0,0.58,1.0,0.232,200,200,250,50,0,0,True,none,False,1.0,False,False
hybrid_m3_q90_e10,dcopf_hybrid_v001,hybrid,3.0,90.0,10.0,0,val_per_lop,0.014000000432133675,1000,133,0.133,1.0,1.0,133,867,0.37593984962406013,1.0,0.7518796992481203,1.0,1.0,0.665,1.0,0.266,200,200,250,50,0,0,True,none,False,1.0,False,False
hybrid_m3_q90_e10,dcopf_hybrid_v001,hybrid,3.0,90.0,10.0,0,val_per_lop,0.017000000923871994,1000,158,0.158,1.0,1.0,158,842,0.31645569620253167,1.0,0.6329113924050633,1.0,1.0,0.79,1.0,0.316,200,200,250,50,0,0,True,none,False,1.0,False,False
hybrid_m3_q90_e10,dcopf_hybrid_v001,hybrid,3.0,90.0,10.0,0,val_per_lop,0.019999999552965164,1000,184,0.184,1.0,1.0,184,816,0.2717391304347826,1.0,0.5434782608695652,1.0,1.0,0.92,1.0,0.368,200,200,250,50,0,0,True,none,False,1.0,False,False
hybrid_m3_q95_e10,dcopf_hybrid_v001,hybrid,3.0,95.0,10.0,0,train_global,,24000,3063,0.127625,0.9977077198044704,0.9944378148555291,3043,20957,0.01632386549134835,1.0,0.03232125367286973,0.99,0.06464250734573947,0.99,0.16193274567417565,0.992,200,24000,24000,200,199,199,False,rank_inversion_guard_exceeded,True,1.0,False,False
hybrid_m3_q95_e10,dcopf_hybrid_v001,hybrid,3.0,95.0,10.0,0,val_global,,6000,727,0.12116666666666667,1.0,1.0,727,5273,0.0687757909215956,1.0,0.1375515818431912,1.0,0.2751031636863824,1.0,0.687757909215956,1.0,200,6000,6000,200,200,200,False,rank_inversion_guard_exceeded,True,1.0,False,False
hybrid_m3_q95_e10,dcopf_hybrid_v001,hybrid,3.0,95.0,10.0,0,val_per_lop,0.004999999888241291,1000,52,0.052,1.0,1.0,52,948,0.9615384615384616,1.0,1.0,0.52,1.0,0.26,1.0,0.104,200,200,250,50,0,0,True,none,False,1.0,False,False
hybrid_m3_q95_e10,dcopf_hybrid_v001,hybrid,3.0,95.0,10.0,0,val_per_lop,0.00800000037997961,1000,84,0.084,1.0,1.0,84,916,0.5952380952380952,1.0,1.0,0.84,1.0,0.42,1.0,0.168,200,200,250,50,0,0,True,none,False,1.0,False,False
hybrid_m3_q95_e10,dcopf_hybrid_v001,hybrid,3.0,95.0,10.0,0,val_per_lop,0.010999999940395355,1000,116,0.116,1.0,1.0,116,884,0.43103448275862066,1.0,0.8620689655172413,1.0,1.0,0.58,1.0,0.232,200,200,250,50,0,0,True,none,False,1.0,False,False
hybrid_m3_q95_e10,dcopf_hybrid_v001,hybrid,3.0,95.0,10.0,0,val_per_lop,0.014000000432133675,1000,133,0.133,1.0,1.0,133,867,0.37593984962406013,1.0,0.7518796992481203,1.0,1.0,0.665,1.0,0.266,200,200,250,50,0,0,True,none,False,1.0,False,False
hybrid_m3_q95_e10,dcopf_hybrid_v001,hybrid,3.0,95.0,10.0,0,val_per_lop,0.017000000923871994,1000,158,0.158,1.0,1.0,158,842,0.31645569620253167,1.0,0.6329113924050633,1.0,1.0,0.79,1.0,0.316,200,200,250,50,0,0,True,none,False,1.0,False,False
hybrid_m3_q95_e10,dcopf_hybrid_v001,hybrid,3.0,95.0,10.0,0,val_per_lop,0.019999999552965164,1000,184,0.184,1.0,1.0,184,816,0.2717391304347826,1.0,0.5434782608695652,1.0,1.0,0.92,1.0,0.368,200,200,250,50,0,0,True,none,False,1.0,False,False
hybrid_m3_q97.5_e10,dcopf_hybrid_v001,hybrid,3.0,97.5,10.0,0,train_global,,24000,3063,0.127625,0.9977719174968122,0.9942469761514608,3043,20957,0.01632386549134835,1.0,0.03232125367286973,0.99,0.06464250734573947,0.99,0.16193274567417565,0.992,200,24000,24000,200,199,199,False,rank_inversion_guard_exceeded,True,1.0,False,False
hybrid_m3_q97.5_e10,dcopf_hybrid_v001,hybrid,3.0,97.5,10.0,0,val_global,,6000,727,0.12116666666666667,1.0,1.0,727,5273,0.0687757909215956,1.0,0.1375515818431912,1.0,0.2751031636863824,1.0,0.687757909215956,1.0,200,6000,6000,200,200,200,False,rank_inversion_guard_exceeded,True,1.0,False,False
hybrid_m3_q97.5_e10,dcopf_hybrid_v001,hybrid,3.0,97.5,10.0,0,val_per_lop,0.004999999888241291,1000,52,0.052,1.0,1.0,52,948,0.9615384615384616,1.0,1.0,0.52,1.0,0.26,1.0,0.104,200,200,250,50,0,0,True,none,False,1.0,False,False
hybrid_m3_q97.5_e10,dcopf_hybrid_v001,hybrid,3.0,97.5,10.0,0,val_per_lop,0.00800000037997961,1000,84,0.084,1.0,1.0,84,916,0.5952380952380952,1.0,1.0,0.84,1.0,0.42,1.0,0.168,200,200,250,50,0,0,True,none,False,1.0,False,False
hybrid_m3_q97.5_e10,dcopf_hybrid_v001,hybrid,3.0,97.5,10.0,0,val_per_lop,0.010999999940395355,1000,116,0.116,0.9999999999999999,1.0,116,884,0.43103448275862066,1.0,0.8620689655172413,1.0,1.0,0.58,1.0,0.232,200,200,250,50,0,0,True,none,False,1.0,False,False
hybrid_m3_q97.5_e10,dcopf_hybrid_v001,hybrid,3.0,97.5,10.0,0,val_per_lop,0.014000000432133675,1000,133,0.133,1.0,1.0,133,867,0.37593984962406013,1.0,0.7518796992481203,1.0,1.0,0.665,1.0,0.266,200,200,250,50,0,0,True,none,False,1.0,False,False
hybrid_m3_q97.5_e10,dcopf_hybrid_v001,hybrid,3.0,97.5,10.0,0,val_per_lop,0.017000000923871994,1000,158,0.158,1.0,1.0,158,842,0.31645569620253167,1.0,0.6329113924050633,1.0,1.0,0.79,1.0,0.316,200,200,250,50,0,0,True,none,False,1.0,False,False
hybrid_m3_q97.5_e10,dcopf_hybrid_v001,hybrid,3.0,97.5,10.0,0,val_per_lop,0.019999999552965164,1000,184,0.184,1.0,1.0,184,816,0.2717391304347826,1.0,0.5434782608695652,1.0,1.0,0.92,1.0,0.368,200,200,250,50,0,0,True,none,False,1.0,False,False
hybrid_m3_q99_e10,dcopf_hybrid_v001,hybrid,3.0,99.0,10.0,0,train_global,,24000,3063,0.127625,0.9981934672696477,0.9952537468028853,3043,20957,0.01632386549134835,1.0,0.03232125367286973,0.99,0.06464250734573947,0.99,0.16193274567417565,0.992,200,24000,24000,200,199,199,False,rank_inversion_guard_exceeded,True,1.0,False,False
hybrid_m3_q99_e10,dcopf_hybrid_v001,hybrid,3.0,99.0,10.0,0,val_global,,6000,727,0.12116666666666667,1.0,1.0,727,5273,0.0687757909215956,1.0,0.1375515818431912,1.0,0.2751031636863824,1.0,0.687757909215956,1.0,200,6000,6000,200,200,200,False,rank_inversion_guard_exceeded,True,1.0,False,False
hybrid_m3_q99_e10,dcopf_hybrid_v001,hybrid,3.0,99.0,10.0,0,val_per_lop,0.004999999888241291,1000,52,0.052,1.0,1.0,52,948,0.9615384615384616,1.0,1.0,0.52,1.0,0.26,1.0,0.104,200,200,250,50,0,0,True,none,False,1.0,False,False
hybrid_m3_q99_e10,dcopf_hybrid_v001,hybrid,3.0,99.0,10.0,0,val_per_lop,0.00800000037997961,1000,84,0.084,1.0,1.0,84,916,0.5952380952380952,1.0,1.0,0.84,1.0,0.42,1.0,0.168,200,200,250,50,0,0,True,none,False,1.0,False,False
hybrid_m3_q99_e10,dcopf_hybrid_v001,hybrid,3.0,99.0,10.0,0,val_per_lop,0.010999999940395355,1000,116,0.116,1.0,1.0,116,884,0.43103448275862066,1.0,0.8620689655172413,1.0,1.0,0.58,1.0,0.232,200,200,250,50,0,0,True,none,False,1.0,False,False
hybrid_m3_q99_e10,dcopf_hybrid_v001,hybrid,3.0,99.0,10.0,0,val_per_lop,0.014000000432133675,1000,133,0.133,1.0,1.0,133,867,0.37593984962406013,1.0,0.7518796992481203,1.0,1.0,0.665,1.0,0.266,200,200,250,50,0,0,True,none,False,1.0,False,False
hybrid_m3_q99_e10,dcopf_hybrid_v001,hybrid,3.0,99.0,10.0,0,val_per_lop,0.017000000923871994,1000,158,0.158,1.0,1.0,158,842,0.31645569620253167,1.0,0.6329113924050633,1.0,1.0,0.79,1.0,0.316,200,200,250,50,0,0,True,none,False,1.0,False,False
hybrid_m3_q99_e10,dcopf_hybrid_v001,hybrid,3.0,99.0,10.0,0,val_per_lop,0.019999999552965164,1000,184,0.184,1.0,1.0,184,816,0.2717391304347826,1.0,0.5434782608695652,1.0,1.0,0.92,1.0,0.368,200,200,250,50,0,0,True,none,False,1.0,False,False
hybrid_m1_q90_e20,dcopf_hybrid_v001,hybrid,1.0,90.0,20.0,0,train_global,,24000,3063,0.127625,0.9979731960522521,0.9937370170844055,3043,20957,0.01632386549134835,1.0,0.03232125367286973,0.99,0.06464250734573947,0.99,0.16193274567417565,0.992,200,24000,24000,200,199,199,False,rank_inversion_guard_exceeded,True,1.0,False,False
hybrid_m1_q90_e20,dcopf_hybrid_v001,hybrid,1.0,90.0,20.0,0,val_global,,6000,727,0.12116666666666667,1.0,1.0,727,5273,0.0687757909215956,1.0,0.1375515818431912,1.0,0.2751031636863824,1.0,0.687757909215956,1.0,200,6000,6000,200,200,200,False,rank_inversion_guard_exceeded,True,1.0,False,False
hybrid_m1_q90_e20,dcopf_hybrid_v001,hybrid,1.0,90.0,20.0,0,val_per_lop,0.004999999888241291,1000,52,0.052,1.0,1.0,52,948,0.9615384615384616,1.0,1.0,0.52,1.0,0.26,1.0,0.104,200,200,250,50,0,0,True,none,False,1.0,False,False
hybrid_m1_q90_e20,dcopf_hybrid_v001,hybrid,1.0,90.0,20.0,0,val_per_lop,0.00800000037997961,1000,84,0.084,1.0,1.0,84,916,0.5952380952380952,1.0,1.0,0.84,1.0,0.42,1.0,0.168,200,200,250,50,0,0,True,none,False,1.0,False,False
hybrid_m1_q90_e20,dcopf_hybrid_v001,hybrid,1.0,90.0,20.0,0,val_per_lop,0.010999999940395355,1000,116,0.116,1.0,1.0,116,884,0.43103448275862066,1.0,0.8620689655172413,1.0,1.0,0.58,1.0,0.232,200,200,250,50,0,0,True,none,False,1.0,False,False
hybrid_m1_q90_e20,dcopf_hybrid_v001,hybrid,1.0,90.0,20.0,0,val_per_lop,0.014000000432133675,1000,133,0.133,1.0,1.0,133,867,0.37593984962406013,1.0,0.7518796992481203,1.0,1.0,0.665,1.0,0.266,200,200,250,50,0,0,True,none,False,1.0,False,False
hybrid_m1_q90_e20,dcopf_hybrid_v001,hybrid,1.0,90.0,20.0,0,val_per_lop,0.017000000923871994,1000,158,0.158,1.0,1.0,158,842,0.31645569620253167,1.0,0.6329113924050633,1.0,1.0,0.79,1.0,0.316,200,200,250,50,0,0,True,none,False,1.0,False,False
hybrid_m1_q90_e20,dcopf_hybrid_v001,hybrid,1.0,90.0,20.0,0,val_per_lop,0.019999999552965164,1000,184,0.184,1.0,1.0,184,816,0.2717391304347826,1.0,0.5434782608695652,1.0,1.0,0.92,1.0,0.368,200,200,250,50,0,0,True,none,False,1.0,False,False
hybrid_m1_q95_e20,dcopf_hybrid_v001,hybrid,1.0,95.0,20.0,0,train_global,,24000,3063,0.127625,0.9982208179503297,0.9942447115509009,3043,20957,0.01632386549134835,1.0,0.03232125367286973,0.99,0.06464250734573947,0.99,0.16193274567417565,0.992,200,24000,24000,200,199,199,False,rank_inversion_guard_exceeded,True,1.0,False,False
hybrid_m1_q95_e20,dcopf_hybrid_v001,hybrid,1.0,95.0,20.0,0,val_global,,6000,727,0.12116666666666667,1.0,1.0,727,5273,0.0687757909215956,1.0,0.1375515818431912,1.0,0.2751031636863824,1.0,0.687757909215956,1.0,200,6000,6000,200,200,200,False,rank_inversion_guard_exceeded,True,1.0,False,False
hybrid_m1_q95_e20,dcopf_hybrid_v001,hybrid,1.0,95.0,20.0,0,val_per_lop,0.004999999888241291,1000,52,0.052,1.0,1.0,52,948,0.9615384615384616,1.0,1.0,0.52,1.0,0.26,1.0,0.104,200,200,250,50,0,0,True,none,False,1.0,False,False
hybrid_m1_q95_e20,dcopf_hybrid_v001,hybrid,1.0,95.0,20.0,0,val_per_lop,0.00800000037997961,1000,84,0.084,1.0,1.0,84,916,0.5952380952380952,1.0,1.0,0.84,1.0,0.42,1.0,0.168,200,200,250,50,0,0,True,none,False,1.0,False,False
hybrid_m1_q95_e20,dcopf_hybrid_v001,hybrid,1.0,95.0,20.0,0,val_per_lop,0.010999999940395355,1000,116,0.116,1.0,1.0,116,884,0.43103448275862066,1.0,0.8620689655172413,1.0,1.0,0.58,1.0,0.232,200,200,250,50,0,0,True,none,False,1.0,False,False
hybrid_m1_q95_e20,dcopf_hybrid_v001,hybrid,1.0,95.0,20.0,0,val_per_lop,0.014000000432133675,1000,133,0.133,0.9999999999999999,1.0,133,867,0.37593984962406013,1.0,0.7518796992481203,1.0,1.0,0.665,1.0,0.266,200,200,250,50,0,0,True,none,False,1.0,False,False
hybrid_m1_q95_e20,dcopf_hybrid_v001,hybrid,1.0,95.0,20.0,0,val_per_lop,0.017000000923871994,1000,158,0.158,1.0,1.0,158,842,0.31645569620253167,1.0,0.6329113924050633,1.0,1.0,0.79,1.0,0.316,200,200,250,50,0,0,True,none,False,1.0,False,False
hybrid_m1_q95_e20,dcopf_hybrid_v001,hybrid,1.0,95.0,20.0,0,val_per_lop,0.019999999552965164,1000,184,0.184,1.0,1.0,184,816,0.2717391304347826,1.0,0.5434782608695652,1.0,1.0,0.92,1.0,0.368,200,200,250,50,0,0,True,none,False,1.0,False,False
hybrid_m1_q97.5_e20,dcopf_hybrid_v001,hybrid,1.0,97.5,20.0,0,train_global,,24000,3063,0.127625,0.9984702486733554,0.9943399091646253,3043,20957,0.01632386549134835,1.0,0.03232125367286973,0.99,0.06464250734573947,0.99,0.16193274567417565,0.992,200,24000,24000,200,199,199,False,rank_inversion_guard_exceeded,True,1.0,False,False
hybrid_m1_q97.5_e20,dcopf_hybrid_v001,hybrid,1.0,97.5,20.0,0,val_global,,6000,727,0.12116666666666667,1.0,1.0,727,5273,0.0687757909215956,1.0,0.1375515818431912,1.0,0.2751031636863824,1.0,0.687757909215956,1.0,200,6000,6000,200,200,200,False,rank_inversion_guard_exceeded,True,1.0,False,False
hybrid_m1_q97.5_e20,dcopf_hybrid_v001,hybrid,1.0,97.5,20.0,0,val_per_lop,0.004999999888241291,1000,52,0.052,1.0,1.0,52,948,0.9615384615384616,1.0,1.0,0.52,1.0,0.26,1.0,0.104,200,200,250,50,0,0,True,none,False,1.0,False,False
hybrid_m1_q97.5_e20,dcopf_hybrid_v001,hybrid,1.0,97.5,20.0,0,val_per_lop,0.00800000037997961,1000,84,0.084,1.0,1.0,84,916,0.5952380952380952,1.0,1.0,0.84,1.0,0.42,1.0,0.168,200,200,250,50,0,0,True,none,False,1.0,False,False
hybrid_m1_q97.5_e20,dcopf_hybrid_v001,hybrid,1.0,97.5,20.0,0,val_per_lop,0.010999999940395355,1000,116,0.116,1.0,1.0,116,884,0.43103448275862066,1.0,0.8620689655172413,1.0,1.0,0.58,1.0,0.232,200,200,250,50,0,0,True,none,False,1.0,False,False
hybrid_m1_q97.5_e20,dcopf_hybrid_v001,hybrid,1.0,97.5,20.0,0,val_per_lop,0.014000000432133675,1000,133,0.133,1.0,1.0,133,867,0.37593984962406013,1.0,0.7518796992481203,1.0,1.0,0.665,1.0,0.266,200,200,250,50,0,0,True,none,False,1.0,False,False
hybrid_m1_q97.5_e20,dcopf_hybrid_v001,hybrid,1.0,97.5,20.0,0,val_per_lop,0.017000000923871994,1000,158,0.158,1.0,1.0,158,842,0.31645569620253167,1.0,0.6329113924050633,1.0,1.0,0.79,1.0,0.316,200,200,250,50,0,0,True,none,False,1.0,False,False
hybrid_m1_q97.5_e20,dcopf_hybrid_v001,hybrid,1.0,97.5,20.0,0,val_per_lop,0.019999999552965164,1000,184,0.184,1.0,1.0,184,816,0.2717391304347826,1.0,0.5434782608695652,1.0,1.0,0.92,1.0,0.368,200,200,250,50,0,0,True,none,False,1.0,False,False
hybrid_m1_q99_e20,dcopf_hybrid_v001,hybrid,1.0,99.0,20.0,0,train_global,,24000,3063,0.127625,0.999412786811221,0.9960662510426832,3043,20957,0.01632386549134835,1.0,0.03232125367286973,0.99,0.06464250734573947,0.99,0.16193274567417565,0.992,200,24000,24000,200,199,199,False,rank_inversion_guard_exceeded,True,1.0,False,False
hybrid_m1_q99_e20,dcopf_hybrid_v001,hybrid,1.0,99.0,20.0,0,val_global,,6000,727,0.12116666666666667,1.0,1.0,727,5273,0.0687757909215956,1.0,0.1375515818431912,1.0,0.2751031636863824,1.0,0.687757909215956,1.0,200,6000,6000,200,200,200,False,rank_inversion_guard_exceeded,True,1.0,False,False
hybrid_m1_q99_e20,dcopf_hybrid_v001,hybrid,1.0,99.0,20.0,0,val_per_lop,0.004999999888241291,1000,52,0.052,1.0,1.0,52,948,0.9615384615384616,1.0,1.0,0.52,1.0,0.26,1.0,0.104,200,200,250,50,0,0,True,none,False,1.0,False,False
hybrid_m1_q99_e20,dcopf_hybrid_v001,hybrid,1.0,99.0,20.0,0,val_per_lop,0.00800000037997961,1000,84,0.084,1.0,1.0,84,916,0.5952380952380952,1.0,1.0,0.84,1.0,0.42,1.0,0.168,200,200,250,50,0,0,True,none,False,1.0,False,False
hybrid_m1_q99_e20,dcopf_hybrid_v001,hybrid,1.0,99.0,20.0,0,val_per_lop,0.010999999940395355,1000,116,0.116,1.0,1.0,116,884,0.43103448275862066,1.0,0.8620689655172413,1.0,1.0,0.58,1.0,0.232,200,200,250,50,0,0,True,none,False,1.0,False,False
hybrid_m1_q99_e20,dcopf_hybrid_v001,hybrid,1.0,99.0,20.0,0,val_per_lop,0.014000000432133675,1000,133,0.133,1.0,1.0,133,867,0.37593984962406013,1.0,0.7518796992481203,1.0,1.0,0.665,1.0,0.266,200,200,250,50,0,0,True,none,False,1.0,False,False
hybrid_m1_q99_e20,dcopf_hybrid_v001,hybrid,1.0,99.0,20.0,0,val_per_lop,0.017000000923871994,1000,158,0.158,0.9999999999999999,1.0,158,842,0.31645569620253167,1.0,0.6329113924050633,1.0,1.0,0.79,1.0,0.316,200,200,250,50,0,0,True,none,False,1.0,False,False
hybrid_m1_q99_e20,dcopf_hybrid_v001,hybrid,1.0,99.0,20.0,0,val_per_lop,0.019999999552965164,1000,184,0.184,1.0,1.0,184,816,0.2717391304347826,1.0,0.5434782608695652,1.0,1.0,0.92,1.0,0.368,200,200,250,50,0,0,True,none,False,1.0,False,False
hybrid_m1.2_q90_e20,dcopf_hybrid_v001,hybrid,1.2,90.0,20.0,0,train_global,,24000,3063,0.127625,0.9978766890039394,0.9937112243485563,3043,20957,0.01632386549134835,1.0,0.03232125367286973,0.99,0.06464250734573947,0.99,0.16193274567417565,0.992,200,24000,24000,200,199,199,False,rank_inversion_guard_exceeded,True,1.0,False,False
hybrid_m1.2_q90_e20,dcopf_hybrid_v001,hybrid,1.2,90.0,20.0,0,val_global,,6000,727,0.12116666666666667,1.0,1.0,727,5273,0.0687757909215956,1.0,0.1375515818431912,1.0,0.2751031636863824,1.0,0.687757909215956,1.0,200,6000,6000,200,200,200,False,rank_inversion_guard_exceeded,True,1.0,False,False
hybrid_m1.2_q90_e20,dcopf_hybrid_v001,hybrid,1.2,90.0,20.0,0,val_per_lop,0.004999999888241291,1000,52,0.052,1.0,1.0,52,948,0.9615384615384616,1.0,1.0,0.52,1.0,0.26,1.0,0.104,200,200,250,50,0,0,True,none,False,1.0,False,False
hybrid_m1.2_q90_e20,dcopf_hybrid_v001,hybrid,1.2,90.0,20.0,0,val_per_lop,0.00800000037997961,1000,84,0.084,1.0,1.0,84,916,0.5952380952380952,1.0,1.0,0.84,1.0,0.42,1.0,0.168,200,200,250,50,0,0,True,none,False,1.0,False,False
hybrid_m1.2_q90_e20,dcopf_hybrid_v001,hybrid,1.2,90.0,20.0,0,val_per_lop,0.010999999940395355,1000,116,0.116,1.0,1.0,116,884,0.43103448275862066,1.0,0.8620689655172413,1.0,1.0,0.58,1.0,0.232,200,200,250,50,0,0,True,none,False,1.0,False,False
hybrid_m1.2_q90_e20,dcopf_hybrid_v001,hybrid,1.2,90.0,20.0,0,val_per_lop,0.014000000432133675,1000,133,0.133,0.9999999999999999,1.0,133,867,0.37593984962406013,1.0,0.7518796992481203,1.0,1.0,0.665,1.0,0.266,200,200,250,50,0,0,True,none,False,1.0,False,False
hybrid_m1.2_q90_e20,dcopf_hybrid_v001,hybrid,1.2,90.0,20.0,0,val_per_lop,0.017000000923871994,1000,158,0.158,1.0,1.0,158,842,0.31645569620253167,1.0,0.6329113924050633,1.0,1.0,0.79,1.0,0.316,200,200,250,50,0,0,True,none,False,1.0,False,False
hybrid_m1.2_q90_e20,dcopf_hybrid_v001,hybrid,1.2,90.0,20.0,0,val_per_lop,0.019999999552965164,1000,184,0.184,1.0,1.0,184,816,0.2717391304347826,1.0,0.5434782608695652,1.0,1.0,0.92,1.0,0.368,200,200,250,50,0,0,True,none,False,1.0,False,False
hybrid_m1.2_q95_e20,dcopf_hybrid_v001,hybrid,1.2,95.0,20.0,0,train_global,,24000,3063,0.127625,0.9982323881926707,0.9942519690324366,3043,20957,0.01632386549134835,1.0,0.03232125367286973,0.99,0.06464250734573947,0.99,0.16193274567417565,0.992,200,24000,24000,200,199,199,False,rank_inversion_guard_exceeded,True,1.0,False,False
hybrid_m1.2_q95_e20,dcopf_hybrid_v001,hybrid,1.2,95.0,20.0,0,val_global,,6000,727,0.12116666666666667,1.0,1.0,727,5273,0.0687757909215956,1.0,0.1375515818431912,1.0,0.2751031636863824,1.0,0.687757909215956,1.0,200,6000,6000,200,200,200,False,rank_inversion_guard_exceeded,True,1.0,False,False
hybrid_m1.2_q95_e20,dcopf_hybrid_v001,hybrid,1.2,95.0,20.0,0,val_per_lop,0.004999999888241291,1000,52,0.052,1.0,1.0,52,948,0.9615384615384616,1.0,1.0,0.52,1.0,0.26,1.0,0.104,200,200,250,50,0,0,True,none,False,1.0,False,False
hybrid_m1.2_q95_e20,dcopf_hybrid_v001,hybrid,1.2,95.0,20.0,0,val_per_lop,0.00800000037997961,1000,84,0.084,0.9999999999999999,1.0,84,916,0.5952380952380952,1.0,1.0,0.84,1.0,0.42,1.0,0.168,200,200,250,50,0,0,True,none,False,1.0,False,False
hybrid_m1.2_q95_e20,dcopf_hybrid_v001,hybrid,1.2,95.0,20.0,0,val_per_lop,0.010999999940395355,1000,116,0.116,1.0,1.0,116,884,0.43103448275862066,1.0,0.8620689655172413,1.0,1.0,0.58,1.0,0.232,200,200,250,50,0,0,True,none,False,1.0,False,False
hybrid_m1.2_q95_e20,dcopf_hybrid_v001,hybrid,1.2,95.0,20.0,0,val_per_lop,0.014000000432133675,1000,133,0.133,1.0,1.0,133,867,0.37593984962406013,1.0,0.7518796992481203,1.0,1.0,0.665,1.0,0.266,200,200,250,50,0,0,True,none,False,1.0,False,False
hybrid_m1.2_q95_e20,dcopf_hybrid_v001,hybrid,1.2,95.0,20.0,0,val_per_lop,0.017000000923871994,1000,158,0.158,1.0,1.0,158,842,0.31645569620253167,1.0,0.6329113924050633,1.0,1.0,0.79,1.0,0.316,200,200,250,50,0,0,True,none,False,1.0,False,False
hybrid_m1.2_q95_e20,dcopf_hybrid_v001,hybrid,1.2,95.0,20.0,0,val_per_lop,0.019999999552965164,1000,184,0.184,1.0,1.0,184,816,0.2717391304347826,1.0,0.5434782608695652,1.0,1.0,0.92,1.0,0.368,200,200,250,50,0,0,True,none,False,1.0,False,False
hybrid_m1.2_q97.5_e20,dcopf_hybrid_v001,hybrid,1.2,97.5,20.0,0,train_global,,24000,3063,0.127625,0.9984842826600224,0.9943901791247436,3043,20957,0.01632386549134835,1.0,0.03232125367286973,0.99,0.06464250734573947,0.99,0.16193274567417565,0.992,200,24000,24000,200,199,199,False,rank_inversion_guard_exceeded,True,1.0,False,False
hybrid_m1.2_q97.5_e20,dcopf_hybrid_v001,hybrid,1.2,97.5,20.0,0,val_global,,6000,727,0.12116666666666667,1.0,1.0,727,5273,0.0687757909215956,1.0,0.1375515818431912,1.0,0.2751031636863824,1.0,0.687757909215956,1.0,200,6000,6000,200,200,200,False,rank_inversion_guard_exceeded,True,1.0,False,False
hybrid_m1.2_q97.5_e20,dcopf_hybrid_v001,hybrid,1.2,97.5,20.0,0,val_per_lop,0.004999999888241291,1000,52,0.052,1.0,1.0,52,948,0.9615384615384616,1.0,1.0,0.52,1.0,0.26,1.0,0.104,200,200,250,50,0,0,True,none,False,1.0,False,False
hybrid_m1.2_q97.5_e20,dcopf_hybrid_v001,hybrid,1.2,97.5,20.0,0,val_per_lop,0.00800000037997961,1000,84,0.084,1.0,1.0,84,916,0.5952380952380952,1.0,1.0,0.84,1.0,0.42,1.0,0.168,200,200,250,50,0,0,True,none,False,1.0,False,False
hybrid_m1.2_q97.5_e20,dcopf_hybrid_v001,hybrid,1.2,97.5,20.0,0,val_per_lop,0.010999999940395355,1000,116,0.116,1.0,1.0,116,884,0.43103448275862066,1.0,0.8620689655172413,1.0,1.0,0.58,1.0,0.232,200,200,250,50,0,0,True,none,False,1.0,False,False
hybrid_m1.2_q97.5_e20,dcopf_hybrid_v001,hybrid,1.2,97.5,20.0,0,val_per_lop,0.014000000432133675,1000,133,0.133,1.0,1.0,133,867,0.37593984962406013,1.0,0.7518796992481203,1.0,1.0,0.665,1.0,0.266,200,200,250,50,0,0,True,none,False,1.0,False,False
hybrid_m1.2_q97.5_e20,dcopf_hybrid_v001,hybrid,1.2,97.5,20.0,0,val_per_lop,0.017000000923871994,1000,158,0.158,1.0,1.0,158,842,0.31645569620253167,1.0,0.6329113924050633,1.0,1.0,0.79,1.0,0.316,200,200,250,50,0,0,True,none,False,1.0,False,False
hybrid_m1.2_q97.5_e20,dcopf_hybrid_v001,hybrid,1.2,97.5,20.0,0,val_per_lop,0.019999999552965164,1000,184,0.184,1.0,1.0,184,816,0.2717391304347826,1.0,0.5434782608695652,1.0,1.0,0.92,1.0,0.368,200,200,250,50,0,0,True,none,False,1.0,False,False
hybrid_m1.2_q99_e20,dcopf_hybrid_v001,hybrid,1.2,99.0,20.0,0,train_global,,24000,3063,0.127625,0.9994127868112211,0.9960662510426832,3043,20957,0.01632386549134835,1.0,0.03232125367286973,0.99,0.06464250734573947,0.99,0.16193274567417565,0.992,200,24000,24000,200,199,199,False,rank_inversion_guard_exceeded,True,1.0,False,False
hybrid_m1.2_q99_e20,dcopf_hybrid_v001,hybrid,1.2,99.0,20.0,0,val_global,,6000,727,0.12116666666666667,1.0,1.0,727,5273,0.0687757909215956,1.0,0.1375515818431912,1.0,0.2751031636863824,1.0,0.687757909215956,1.0,200,6000,6000,200,200,200,False,rank_inversion_guard_exceeded,True,1.0,False,False
hybrid_m1.2_q99_e20,dcopf_hybrid_v001,hybrid,1.2,99.0,20.0,0,val_per_lop,0.004999999888241291,1000,52,0.052,1.0,1.0,52,948,0.9615384615384616,1.0,1.0,0.52,1.0,0.26,1.0,0.104,200,200,250,50,0,0,True,none,False,1.0,False,False
hybrid_m1.2_q99_e20,dcopf_hybrid_v001,hybrid,1.2,99.0,20.0,0,val_per_lop,0.00800000037997961,1000,84,0.084,1.0,1.0,84,916,0.5952380952380952,1.0,1.0,0.84,1.0,0.42,1.0,0.168,200,200,250,50,0,0,True,none,False,1.0,False,False
hybrid_m1.2_q99_e20,dcopf_hybrid_v001,hybrid,1.2,99.0,20.0,0,val_per_lop,0.010999999940395355,1000,116,0.116,1.0,1.0,116,884,0.43103448275862066,1.0,0.8620689655172413,1.0,1.0,0.58,1.0,0.232,200,200,250,50,0,0,True,none,False,1.0,False,False
hybrid_m1.2_q99_e20,dcopf_hybrid_v001,hybrid,1.2,99.0,20.0,0,val_per_lop,0.014000000432133675,1000,133,0.133,1.0,1.0,133,867,0.37593984962406013,1.0,0.7518796992481203,1.0,1.0,0.665,1.0,0.266,200,200,250,50,0,0,True,none,False,1.0,False,False
hybrid_m1.2_q99_e20,dcopf_hybrid_v001,hybrid,1.2,99.0,20.0,0,val_per_lop,0.017000000923871994,1000,158,0.158,1.0,1.0,158,842,0.31645569620253167,1.0,0.6329113924050633,1.0,1.0,0.79,1.0,0.316,200,200,250,50,0,0,True,none,False,1.0,False,False
hybrid_m1.2_q99_e20,dcopf_hybrid_v001,hybrid,1.2,99.0,20.0,0,val_per_lop,0.019999999552965164,1000,184,0.184,1.0,1.0,184,816,0.2717391304347826,1.0,0.5434782608695652,1.0,1.0,0.92,1.0,0.368,200,200,250,50,0,0,True,none,False,1.0,False,False
hybrid_m1.5_q90_e20,dcopf_hybrid_v001,hybrid,1.5,90.0,20.0,0,train_global,,24000,3063,0.127625,0.9977511160099082,0.9937741480185978,3043,20957,0.01632386549134835,1.0,0.03232125367286973,0.99,0.06464250734573947,0.99,0.16193274567417565,0.992,200,24000,24000,200,199,199,False,rank_inversion_guard_exceeded,True,1.0,False,False
hybrid_m1.5_q90_e20,dcopf_hybrid_v001,hybrid,1.5,90.0,20.0,0,val_global,,6000,727,0.12116666666666667,1.0,1.0,727,5273,0.0687757909215956,1.0,0.1375515818431912,1.0,0.2751031636863824,1.0,0.687757909215956,1.0,200,6000,6000,200,200,200,False,rank_inversion_guard_exceeded,True,1.0,False,False
hybrid_m1.5_q90_e20,dcopf_hybrid_v001,hybrid,1.5,90.0,20.0,0,val_per_lop,0.004999999888241291,1000,52,0.052,1.0,1.0,52,948,0.9615384615384616,1.0,1.0,0.52,1.0,0.26,1.0,0.104,200,200,250,50,0,0,True,none,False,1.0,False,False
hybrid_m1.5_q90_e20,dcopf_hybrid_v001,hybrid,1.5,90.0,20.0,0,val_per_lop,0.00800000037997961,1000,84,0.084,1.0,1.0,84,916,0.5952380952380952,1.0,1.0,0.84,1.0,0.42,1.0,0.168,200,200,250,50,0,0,True,none,False,1.0,False,False
hybrid_m1.5_q90_e20,dcopf_hybrid_v001,hybrid,1.5,90.0,20.0,0,val_per_lop,0.010999999940395355,1000,116,0.116,1.0,1.0,116,884,0.43103448275862066,1.0,0.8620689655172413,1.0,1.0,0.58,1.0,0.232,200,200,250,50,0,0,True,none,False,1.0,False,False
hybrid_m1.5_q90_e20,dcopf_hybrid_v001,hybrid,1.5,90.0,20.0,0,val_per_lop,0.014000000432133675,1000,133,0.133,1.0,1.0,133,867,0.37593984962406013,1.0,0.7518796992481203,1.0,1.0,0.665,1.0,0.266,200,200,250,50,0,0,True,none,False,1.0,False,False
hybrid_m1.5_q90_e20,dcopf_hybrid_v001,hybrid,1.5,90.0,20.0,0,val_per_lop,0.017000000923871994,1000,158,0.158,1.0,1.0,158,842,0.31645569620253167,1.0,0.6329113924050633,1.0,1.0,0.79,1.0,0.316,200,200,250,50,0,0,True,none,False,1.0,False,False
hybrid_m1.5_q90_e20,dcopf_hybrid_v001,hybrid,1.5,90.0,20.0,0,val_per_lop,0.019999999552965164,1000,184,0.184,1.0,1.0,184,816,0.2717391304347826,1.0,0.5434782608695652,1.0,1.0,0.92,1.0,0.368,200,200,250,50,0,0,True,none,False,1.0,False,False
hybrid_m1.5_q95_e20,dcopf_hybrid_v001,hybrid,1.5,95.0,20.0,0,train_global,,24000,3063,0.127625,0.9980438805650974,0.99432053711376,3043,20957,0.01632386549134835,1.0,0.03232125367286973,0.99,0.06464250734573947,0.99,0.16193274567417565,0.992,200,24000,24000,200,199,199,False,rank_inversion_guard_exceeded,True,1.0,False,False
hybrid_m1.5_q95_e20,dcopf_hybrid_v001,hybrid,1.5,95.0,20.0,0,val_global,,6000,727,0.12116666666666667,1.0,1.0,727,5273,0.0687757909215956,1.0,0.1375515818431912,1.0,0.2751031636863824,1.0,0.687757909215956,1.0,200,6000,6000,200,200,200,False,rank_inversion_guard_exceeded,True,1.0,False,False
hybrid_m1.5_q95_e20,dcopf_hybrid_v001,hybrid,1.5,95.0,20.0,0,val_per_lop,0.004999999888241291,1000,52,0.052,1.0,1.0,52,948,0.9615384615384616,1.0,1.0,0.52,1.0,0.26,1.0,0.104,200,200,250,50,0,0,True,none,False,1.0,False,False
hybrid_m1.5_q95_e20,dcopf_hybrid_v001,hybrid,1.5,95.0,20.0,0,val_per_lop,0.00800000037997961,1000,84,0.084,1.0,1.0,84,916,0.5952380952380952,1.0,1.0,0.84,1.0,0.42,1.0,0.168,200,200,250,50,0,0,True,none,False,1.0,False,False
hybrid_m1.5_q95_e20,dcopf_hybrid_v001,hybrid,1.5,95.0,20.0,0,val_per_lop,0.010999999940395355,1000,116,0.116,1.0,1.0,116,884,0.43103448275862066,1.0,0.8620689655172413,1.0,1.0,0.58,1.0,0.232,200,200,250,50,0,0,True,none,False,1.0,False,False
hybrid_m1.5_q95_e20,dcopf_hybrid_v001,hybrid,1.5,95.0,20.0,0,val_per_lop,0.014000000432133675,1000,133,0.133,1.0,1.0,133,867,0.37593984962406013,1.0,0.7518796992481203,1.0,1.0,0.665,1.0,0.266,200,200,250,50,0,0,True,none,False,1.0,False,False
hybrid_m1.5_q95_e20,dcopf_hybrid_v001,hybrid,1.5,95.0,20.0,0,val_per_lop,0.017000000923871994,1000,158,0.158,1.0,1.0,158,842,0.31645569620253167,1.0,0.6329113924050633,1.0,1.0,0.79,1.0,0.316,200,200,250,50,0,0,True,none,False,1.0,False,False
hybrid_m1.5_q95_e20,dcopf_hybrid_v001,hybrid,1.5,95.0,20.0,0,val_per_lop,0.019999999552965164,1000,184,0.184,1.0,1.0,184,816,0.2717391304347826,1.0,0.5434782608695652,1.0,1.0,0.92,1.0,0.368,200,200,250,50,0,0,True,none,False,1.0,False,False
hybrid_m1.5_q97.5_e20,dcopf_hybrid_v001,hybrid,1.5,97.5,20.0,0,train_global,,24000,3063,0.127625,0.9983948549783175,0.9943861405253915,3043,20957,0.01632386549134835,1.0,0.03232125367286973,0.99,0.06464250734573947,0.99,0.16193274567417565,0.992,200,24000,24000,200,199,199,False,rank_inversion_guard_exceeded,True,1.0,False,False
hybrid_m1.5_q97.5_e20,dcopf_hybrid_v001,hybrid,1.5,97.5,20.0,0,val_global,,6000,727,0.12116666666666667,1.0,1.0,727,5273,0.0687757909215956,1.0,0.1375515818431912,1.0,0.2751031636863824,1.0,0.687757909215956,1.0,200,6000,6000,200,200,200,False,rank_inversion_guard_exceeded,True,1.0,False,False
hybrid_m1.5_q97.5_e20,dcopf_hybrid_v001,hybrid,1.5,97.5,20.0,0,val_per_lop,0.004999999888241291,1000,52,0.052,1.0,1.0,52,948,0.9615384615384616,1.0,1.0,0.52,1.0,0.26,1.0,0.104,200,200,250,50,0,0,True,none,False,1.0,False,False
hybrid_m1.5_q97.5_e20,dcopf_hybrid_v001,hybrid,1.5,97.5,20.0,0,val_per_lop,0.00800000037997961,1000,84,0.084,1.0,1.0,84,916,0.5952380952380952,1.0,1.0,0.84,1.0,0.42,1.0,0.168,200,200,250,50,0,0,True,none,False,1.0,False,False
hybrid_m1.5_q97.5_e20,dcopf_hybrid_v001,hybrid,1.5,97.5,20.0,0,val_per_lop,0.010999999940395355,1000,116,0.116,1.0,1.0,116,884,0.43103448275862066,1.0,0.8620689655172413,1.0,1.0,0.58,1.0,0.232,200,200,250,50,0,0,True,none,False,1.0,False,False
hybrid_m1.5_q97.5_e20,dcopf_hybrid_v001,hybrid,1.5,97.5,20.0,0,val_per_lop,0.014000000432133675,1000,133,0.133,1.0,1.0,133,867,0.37593984962406013,1.0,0.7518796992481203,1.0,1.0,0.665,1.0,0.266,200,200,250,50,0,0,True,none,False,1.0,False,False
hybrid_m1.5_q97.5_e20,dcopf_hybrid_v001,hybrid,1.5,97.5,20.0,0,val_per_lop,0.017000000923871994,1000,158,0.158,1.0,1.0,158,842,0.31645569620253167,1.0,0.6329113924050633,1.0,1.0,0.79,1.0,0.316,200,200,250,50,0,0,True,none,False,1.0,False,False
hybrid_m1.5_q97.5_e20,dcopf_hybrid_v001,hybrid,1.5,97.5,20.0,0,val_per_lop,0.019999999552965164,1000,184,0.184,1.0,1.0,184,816,0.2717391304347826,1.0,0.5434782608695652,1.0,1.0,0.92,1.0,0.368,200,200,250,50,0,0,True,none,False,1.0,False,False
hybrid_m1.5_q99_e20,dcopf_hybrid_v001,hybrid,1.5,99.0,20.0,0,train_global,,24000,3063,0.127625,0.999444347687903,0.9961257768583884,3043,20957,0.01632386549134835,1.0,0.03232125367286973,0.99,0.06464250734573947,0.99,0.16193274567417565,0.992,200,24000,24000,200,199,199,False,rank_inversion_guard_exceeded,True,1.0,False,False
hybrid_m1.5_q99_e20,dcopf_hybrid_v001,hybrid,1.5,99.0,20.0,0,val_global,,6000,727,0.12116666666666667,1.0,1.0,727,5273,0.0687757909215956,1.0,0.1375515818431912,1.0,0.2751031636863824,1.0,0.687757909215956,1.0,200,6000,6000,200,200,200,False,rank_inversion_guard_exceeded,True,1.0,False,False
hybrid_m1.5_q99_e20,dcopf_hybrid_v001,hybrid,1.5,99.0,20.0,0,val_per_lop,0.004999999888241291,1000,52,0.052,1.0,1.0,52,948,0.9615384615384616,1.0,1.0,0.52,1.0,0.26,1.0,0.104,200,200,250,50,0,0,True,none,False,1.0,False,False
hybrid_m1.5_q99_e20,dcopf_hybrid_v001,hybrid,1.5,99.0,20.0,0,val_per_lop,0.00800000037997961,1000,84,0.084,1.0,1.0,84,916,0.5952380952380952,1.0,1.0,0.84,1.0,0.42,1.0,0.168,200,200,250,50,0,0,True,none,False,1.0,False,False
hybrid_m1.5_q99_e20,dcopf_hybrid_v001,hybrid,1.5,99.0,20.0,0,val_per_lop,0.010999999940395355,1000,116,0.116,1.0,1.0,116,884,0.43103448275862066,1.0,0.8620689655172413,1.0,1.0,0.58,1.0,0.232,200,200,250,50,0,0,True,none,False,1.0,False,False
hybrid_m1.5_q99_e20,dcopf_hybrid_v001,hybrid,1.5,99.0,20.0,0,val_per_lop,0.014000000432133675,1000,133,0.133,0.9999999999999999,1.0,133,867,0.37593984962406013,1.0,0.7518796992481203,1.0,1.0,0.665,1.0,0.266,200,200,250,50,0,0,True,none,False,1.0,False,False
hybrid_m1.5_q99_e20,dcopf_hybrid_v001,hybrid,1.5,99.0,20.0,0,val_per_lop,0.017000000923871994,1000,158,0.158,1.0,1.0,158,842,0.31645569620253167,1.0,0.6329113924050633,1.0,1.0,0.79,1.0,0.316,200,200,250,50,0,0,True,none,False,1.0,False,False
hybrid_m1.5_q99_e20,dcopf_hybrid_v001,hybrid,1.5,99.0,20.0,0,val_per_lop,0.019999999552965164,1000,184,0.184,1.0,1.0,184,816,0.2717391304347826,1.0,0.5434782608695652,1.0,1.0,0.92,1.0,0.368,200,200,250,50,0,0,True,none,False,1.0,False,False
hybrid_m2_q90_e20,dcopf_hybrid_v001,hybrid,2.0,90.0,20.0,0,train_global,,24000,3063,0.127625,0.9976235002911505,0.99377900544911,3043,20957,0.01632386549134835,1.0,0.03232125367286973,0.99,0.06464250734573947,0.99,0.16193274567417565,0.992,200,24000,24000,200,199,199,False,rank_inversion_guard_exceeded,True,1.0,False,False
hybrid_m2_q90_e20,dcopf_hybrid_v001,hybrid,2.0,90.0,20.0,0,val_global,,6000,727,0.12116666666666667,1.0,1.0,727,5273,0.0687757909215956,1.0,0.1375515818431912,1.0,0.2751031636863824,1.0,0.687757909215956,1.0,200,6000,6000,200,200,200,False,rank_inversion_guard_exceeded,True,1.0,False,False
hybrid_m2_q90_e20,dcopf_hybrid_v001,hybrid,2.0,90.0,20.0,0,val_per_lop,0.004999999888241291,1000,52,0.052,1.0,1.0,52,948,0.9615384615384616,1.0,1.0,0.52,1.0,0.26,1.0,0.104,200,200,250,50,0,0,True,none,False,1.0,False,False
hybrid_m2_q90_e20,dcopf_hybrid_v001,hybrid,2.0,90.0,20.0,0,val_per_lop,0.00800000037997961,1000,84,0.084,1.0,1.0,84,916,0.5952380952380952,1.0,1.0,0.84,1.0,0.42,1.0,0.168,200,200,250,50,0,0,True,none,False,1.0,False,False
hybrid_m2_q90_e20,dcopf_hybrid_v001,hybrid,2.0,90.0,20.0,0,val_per_lop,0.010999999940395355,1000,116,0.116,1.0,1.0,116,884,0.43103448275862066,1.0,0.8620689655172413,1.0,1.0,0.58,1.0,0.232,200,200,250,50,0,0,True,none,False,1.0,False,False
hybrid_m2_q90_e20,dcopf_hybrid_v001,hybrid,2.0,90.0,20.0,0,val_per_lop,0.014000000432133675,1000,133,0.133,1.0,1.0,133,867,0.37593984962406013,1.0,0.7518796992481203,1.0,1.0,0.665,1.0,0.266,200,200,250,50,0,0,True,none,False,1.0,False,False
hybrid_m2_q90_e20,dcopf_hybrid_v001,hybrid,2.0,90.0,20.0,0,val_per_lop,0.017000000923871994,1000,158,0.158,1.0,1.0,158,842,0.31645569620253167,1.0,0.6329113924050633,1.0,1.0,0.79,1.0,0.316,200,200,250,50,0,0,True,none,False,1.0,False,False
hybrid_m2_q90_e20,dcopf_hybrid_v001,hybrid,2.0,90.0,20.0,0,val_per_lop,0.019999999552965164,1000,184,0.184,1.0,1.0,184,816,0.2717391304347826,1.0,0.5434782608695652,1.0,1.0,0.92,1.0,0.368,200,200,250,50,0,0,True,none,False,1.0,False,False
hybrid_m2_q95_e20,dcopf_hybrid_v001,hybrid,2.0,95.0,20.0,0,train_global,,24000,3063,0.127625,0.9978041644795088,0.99427386331368,3043,20957,0.01632386549134835,1.0,0.03232125367286973,0.99,0.06464250734573947,0.99,0.16193274567417565,0.992,200,24000,24000,200,199,199,False,rank_inversion_guard_exceeded,True,1.0,False,False
hybrid_m2_q95_e20,dcopf_hybrid_v001,hybrid,2.0,95.0,20.0,0,val_global,,6000,727,0.12116666666666667,1.0,1.0,727,5273,0.0687757909215956,1.0,0.1375515818431912,1.0,0.2751031636863824,1.0,0.687757909215956,1.0,200,6000,6000,200,200,200,False,rank_inversion_guard_exceeded,True,1.0,False,False
hybrid_m2_q95_e20,dcopf_hybrid_v001,hybrid,2.0,95.0,20.0,0,val_per_lop,0.004999999888241291,1000,52,0.052,0.9999999999999999,1.0,52,948,0.9615384615384616,1.0,1.0,0.52,1.0,0.26,1.0,0.104,200,200,250,50,0,0,True,none,False,1.0,False,False
hybrid_m2_q95_e20,dcopf_hybrid_v001,hybrid,2.0,95.0,20.0,0,val_per_lop,0.00800000037997961,1000,84,0.084,1.0,1.0,84,916,0.5952380952380952,1.0,1.0,0.84,1.0,0.42,1.0,0.168,200,200,250,50,0,0,True,none,False,1.0,False,False
hybrid_m2_q95_e20,dcopf_hybrid_v001,hybrid,2.0,95.0,20.0,0,val_per_lop,0.010999999940395355,1000,116,0.116,1.0,1.0,116,884,0.43103448275862066,1.0,0.8620689655172413,1.0,1.0,0.58,1.0,0.232,200,200,250,50,0,0,True,none,False,1.0,False,False
hybrid_m2_q95_e20,dcopf_hybrid_v001,hybrid,2.0,95.0,20.0,0,val_per_lop,0.014000000432133675,1000,133,0.133,1.0,1.0,133,867,0.37593984962406013,1.0,0.7518796992481203,1.0,1.0,0.665,1.0,0.266,200,200,250,50,0,0,True,none,False,1.0,False,False
hybrid_m2_q95_e20,dcopf_hybrid_v001,hybrid,2.0,95.0,20.0,0,val_per_lop,0.017000000923871994,1000,158,0.158,1.0,1.0,158,842,0.31645569620253167,1.0,0.6329113924050633,1.0,1.0,0.79,1.0,0.316,200,200,250,50,0,0,True,none,False,1.0,False,False
hybrid_m2_q95_e20,dcopf_hybrid_v001,hybrid,2.0,95.0,20.0,0,val_per_lop,0.019999999552965164,1000,184,0.184,1.0,1.0,184,816,0.2717391304347826,1.0,0.5434782608695652,1.0,1.0,0.92,1.0,0.368,200,200,250,50,0,0,True,none,False,1.0,False,False
hybrid_m2_q97.5_e20,dcopf_hybrid_v001,hybrid,2.0,97.5,20.0,0,train_global,,24000,3063,0.127625,0.9979847195146374,0.9942710538931554,3043,20957,0.01632386549134835,1.0,0.03232125367286973,0.99,0.06464250734573947,0.99,0.16193274567417565,0.992,200,24000,24000,200,199,199,False,rank_inversion_guard_exceeded,True,1.0,False,False
hybrid_m2_q97.5_e20,dcopf_hybrid_v001,hybrid,2.0,97.5,20.0,0,val_global,,6000,727,0.12116666666666667,1.0,1.0,727,5273,0.0687757909215956,1.0,0.1375515818431912,1.0,0.2751031636863824,1.0,0.687757909215956,1.0,200,6000,6000,200,200,200,False,rank_inversion_guard_exceeded,True,1.0,False,False
hybrid_m2_q97.5_e20,dcopf_hybrid_v001,hybrid,2.0,97.5,20.0,0,val_per_lop,0.004999999888241291,1000,52,0.052,1.0,1.0,52,948,0.9615384615384616,1.0,1.0,0.52,1.0,0.26,1.0,0.104,200,200,250,50,0,0,True,none,False,1.0,False,False
hybrid_m2_q97.5_e20,dcopf_hybrid_v001,hybrid,2.0,97.5,20.0,0,val_per_lop,0.00800000037997961,1000,84,0.084,1.0,1.0,84,916,0.5952380952380952,1.0,1.0,0.84,1.0,0.42,1.0,0.168,200,200,250,50,0,0,True,none,False,1.0,False,False
hybrid_m2_q97.5_e20,dcopf_hybrid_v001,hybrid,2.0,97.5,20.0,0,val_per_lop,0.010999999940395355,1000,116,0.116,1.0,1.0,116,884,0.43103448275862066,1.0,0.8620689655172413,1.0,1.0,0.58,1.0,0.232,200,200,250,50,0,0,True,none,False,1.0,False,False
hybrid_m2_q97.5_e20,dcopf_hybrid_v001,hybrid,2.0,97.5,20.0,0,val_per_lop,0.014000000432133675,1000,133,0.133,1.0,1.0,133,867,0.37593984962406013,1.0,0.7518796992481203,1.0,1.0,0.665,1.0,0.266,200,200,250,50,0,0,True,none,False,1.0,False,False
hybrid_m2_q97.5_e20,dcopf_hybrid_v001,hybrid,2.0,97.5,20.0,0,val_per_lop,0.017000000923871994,1000,158,0.158,1.0,1.0,158,842,0.31645569620253167,1.0,0.6329113924050633,1.0,1.0,0.79,1.0,0.316,200,200,250,50,0,0,True,none,False,1.0,False,False
hybrid_m2_q97.5_e20,dcopf_hybrid_v001,hybrid,2.0,97.5,20.0,0,val_per_lop,0.019999999552965164,1000,184,0.184,1.0,1.0,184,816,0.2717391304347826,1.0,0.5434782608695652,1.0,1.0,0.92,1.0,0.368,200,200,250,50,0,0,True,none,False,1.0,False,False
hybrid_m2_q99_e20,dcopf_hybrid_v001,hybrid,2.0,99.0,20.0,0,train_global,,24000,3063,0.127625,0.9984324036893106,0.9953053923743815,3043,20957,0.01632386549134835,1.0,0.03232125367286973,0.99,0.06464250734573947,0.99,0.16193274567417565,0.992,200,24000,24000,200,199,199,False,rank_inversion_guard_exceeded,True,1.0,False,False
hybrid_m2_q99_e20,dcopf_hybrid_v001,hybrid,2.0,99.0,20.0,0,val_global,,6000,727,0.12116666666666667,1.0,1.0,727,5273,0.0687757909215956,1.0,0.1375515818431912,1.0,0.2751031636863824,1.0,0.687757909215956,1.0,200,6000,6000,200,200,200,False,rank_inversion_guard_exceeded,True,1.0,False,False
hybrid_m2_q99_e20,dcopf_hybrid_v001,hybrid,2.0,99.0,20.0,0,val_per_lop,0.004999999888241291,1000,52,0.052,1.0,1.0,52,948,0.9615384615384616,1.0,1.0,0.52,1.0,0.26,1.0,0.104,200,200,250,50,0,0,True,none,False,1.0,False,False
hybrid_m2_q99_e20,dcopf_hybrid_v001,hybrid,2.0,99.0,20.0,0,val_per_lop,0.00800000037997961,1000,84,0.084,1.0,1.0,84,916,0.5952380952380952,1.0,1.0,0.84,1.0,0.42,1.0,0.168,200,200,250,50,0,0,True,none,False,1.0,False,False
hybrid_m2_q99_e20,dcopf_hybrid_v001,hybrid,2.0,99.0,20.0,0,val_per_lop,0.010999999940395355,1000,116,0.116,1.0,1.0,116,884,0.43103448275862066,1.0,0.8620689655172413,1.0,1.0,0.58,1.0,0.232,200,200,250,50,0,0,True,none,False,1.0,False,False
hybrid_m2_q99_e20,dcopf_hybrid_v001,hybrid,2.0,99.0,20.0,0,val_per_lop,0.014000000432133675,1000,133,0.133,1.0,1.0,133,867,0.37593984962406013,1.0,0.7518796992481203,1.0,1.0,0.665,1.0,0.266,200,200,250,50,0,0,True,none,False,1.0,False,False
hybrid_m2_q99_e20,dcopf_hybrid_v001,hybrid,2.0,99.0,20.0,0,val_per_lop,0.017000000923871994,1000,158,0.158,1.0,1.0,158,842,0.31645569620253167,1.0,0.6329113924050633,1.0,1.0,0.79,1.0,0.316,200,200,250,50,0,0,True,none,False,1.0,False,False
hybrid_m2_q99_e20,dcopf_hybrid_v001,hybrid,2.0,99.0,20.0,0,val_per_lop,0.019999999552965164,1000,184,0.184,1.0,1.0,184,816,0.2717391304347826,1.0,0.5434782608695652,1.0,1.0,0.92,1.0,0.368,200,200,250,50,0,0,True,none,False,1.0,False,False
hybrid_m3_q90_e20,dcopf_hybrid_v001,hybrid,3.0,90.0,20.0,0,train_global,,24000,3063,0.127625,0.997720178865967,0.9941119985673199,3043,20957,0.01632386549134835,1.0,0.03232125367286973,0.99,0.06464250734573947,0.99,0.16193274567417565,0.992,200,24000,24000,200,199,199,False,rank_inversion_guard_exceeded,True,1.0,False,False
hybrid_m3_q90_e20,dcopf_hybrid_v001,hybrid,3.0,90.0,20.0,0,val_global,,6000,727,0.12116666666666667,1.0,1.0,727,5273,0.0687757909215956,1.0,0.1375515818431912,1.0,0.2751031636863824,1.0,0.687757909215956,1.0,200,6000,6000,200,200,200,False,rank_inversion_guard_exceeded,True,1.0,False,False
hybrid_m3_q90_e20,dcopf_hybrid_v001,hybrid,3.0,90.0,20.0,0,val_per_lop,0.004999999888241291,1000,52,0.052,1.0,1.0,52,948,0.9615384615384616,1.0,1.0,0.52,1.0,0.26,1.0,0.104,200,200,250,50,0,0,True,none,False,1.0,False,False
hybrid_m3_q90_e20,dcopf_hybrid_v001,hybrid,3.0,90.0,20.0,0,val_per_lop,0.00800000037997961,1000,84,0.084,1.0,1.0,84,916,0.5952380952380952,1.0,1.0,0.84,1.0,0.42,1.0,0.168,200,200,250,50,0,0,True,none,False,1.0,False,False
hybrid_m3_q90_e20,dcopf_hybrid_v001,hybrid,3.0,90.0,20.0,0,val_per_lop,0.010999999940395355,1000,116,0.116,1.0,1.0,116,884,0.43103448275862066,1.0,0.8620689655172413,1.0,1.0,0.58,1.0,0.232,200,200,250,50,0,0,True,none,False,1.0,False,False
hybrid_m3_q90_e20,dcopf_hybrid_v001,hybrid,3.0,90.0,20.0,0,val_per_lop,0.014000000432133675,1000,133,0.133,1.0,1.0,133,867,0.37593984962406013,1.0,0.7518796992481203,1.0,1.0,0.665,1.0,0.266,200,200,250,50,0,0,True,none,False,1.0,False,False
hybrid_m3_q90_e20,dcopf_hybrid_v001,hybrid,3.0,90.0,20.0,0,val_per_lop,0.017000000923871994,1000,158,0.158,1.0,1.0,158,842,0.31645569620253167,1.0,0.6329113924050633,1.0,1.0,0.79,1.0,0.316,200,200,250,50,0,0,True,none,False,1.0,False,False
hybrid_m3_q90_e20,dcopf_hybrid_v001,hybrid,3.0,90.0,20.0,0,val_per_lop,0.019999999552965164,1000,184,0.184,1.0,1.0,184,816,0.2717391304347826,1.0,0.5434782608695652,1.0,1.0,0.92,1.0,0.368,200,200,250,50,0,0,True,none,False,1.0,False,False
hybrid_m3_q95_e20,dcopf_hybrid_v001,hybrid,3.0,95.0,20.0,0,train_global,,24000,3063,0.127625,0.9977578211368711,0.9945715794912898,3043,20957,0.01632386549134835,1.0,0.03232125367286973,0.99,0.06464250734573947,0.99,0.16193274567417565,0.992,200,24000,24000,200,199,199,False,rank_inversion_guard_exceeded,True,1.0,False,False
hybrid_m3_q95_e20,dcopf_hybrid_v001,hybrid,3.0,95.0,20.0,0,val_global,,6000,727,0.12116666666666667,0.9999999999999999,1.0,727,5273,0.0687757909215956,1.0,0.1375515818431912,1.0,0.2751031636863824,1.0,0.687757909215956,1.0,200,6000,6000,200,200,200,False,rank_inversion_guard_exceeded,True,1.0,False,False
hybrid_m3_q95_e20,dcopf_hybrid_v001,hybrid,3.0,95.0,20.0,0,val_per_lop,0.004999999888241291,1000,52,0.052,1.0,1.0,52,948,0.9615384615384616,1.0,1.0,0.52,1.0,0.26,1.0,0.104,200,200,250,50,0,0,True,none,False,1.0,False,False
hybrid_m3_q95_e20,dcopf_hybrid_v001,hybrid,3.0,95.0,20.0,0,val_per_lop,0.00800000037997961,1000,84,0.084,1.0,1.0,84,916,0.5952380952380952,1.0,1.0,0.84,1.0,0.42,1.0,0.168,200,200,250,50,0,0,True,none,False,1.0,False,False
hybrid_m3_q95_e20,dcopf_hybrid_v001,hybrid,3.0,95.0,20.0,0,val_per_lop,0.010999999940395355,1000,116,0.116,1.0,1.0,116,884,0.43103448275862066,1.0,0.8620689655172413,1.0,1.0,0.58,1.0,0.232,200,200,250,50,0,0,True,none,False,1.0,False,False
hybrid_m3_q95_e20,dcopf_hybrid_v001,hybrid,3.0,95.0,20.0,0,val_per_lop,0.014000000432133675,1000,133,0.133,1.0,1.0,133,867,0.37593984962406013,1.0,0.7518796992481203,1.0,1.0,0.665,1.0,0.266,200,200,250,50,0,0,True,none,False,1.0,False,False
hybrid_m3_q95_e20,dcopf_hybrid_v001,hybrid,3.0,95.0,20.0,0,val_per_lop,0.017000000923871994,1000,158,0.158,1.0,1.0,158,842,0.31645569620253167,1.0,0.6329113924050633,1.0,1.0,0.79,1.0,0.316,200,200,250,50,0,0,True,none,False,1.0,False,False
hybrid_m3_q95_e20,dcopf_hybrid_v001,hybrid,3.0,95.0,20.0,0,val_per_lop,0.019999999552965164,1000,184,0.184,1.0,1.0,184,816,0.2717391304347826,1.0,0.5434782608695652,1.0,1.0,0.92,1.0,0.368,200,200,250,50,0,0,True,none,False,1.0,False,False
hybrid_m3_q97.5_e20,dcopf_hybrid_v001,hybrid,3.0,97.5,20.0,0,train_global,,24000,3063,0.127625,0.9977719174968122,0.9942469761514608,3043,20957,0.01632386549134835,1.0,0.03232125367286973,0.99,0.06464250734573947,0.99,0.16193274567417565,0.992,200,24000,24000,200,199,199,False,rank_inversion_guard_exceeded,True,1.0,False,False
hybrid_m3_q97.5_e20,dcopf_hybrid_v001,hybrid,3.0,97.5,20.0,0,val_global,,6000,727,0.12116666666666667,1.0,1.0,727,5273,0.0687757909215956,1.0,0.1375515818431912,1.0,0.2751031636863824,1.0,0.687757909215956,1.0,200,6000,6000,200,200,200,False,rank_inversion_guard_exceeded,True,1.0,False,False
hybrid_m3_q97.5_e20,dcopf_hybrid_v001,hybrid,3.0,97.5,20.0,0,val_per_lop,0.004999999888241291,1000,52,0.052,1.0,1.0,52,948,0.9615384615384616,1.0,1.0,0.52,1.0,0.26,1.0,0.104,200,200,250,50,0,0,True,none,False,1.0,False,False
hybrid_m3_q97.5_e20,dcopf_hybrid_v001,hybrid,3.0,97.5,20.0,0,val_per_lop,0.00800000037997961,1000,84,0.084,1.0,1.0,84,916,0.5952380952380952,1.0,1.0,0.84,1.0,0.42,1.0,0.168,200,200,250,50,0,0,True,none,False,1.0,False,False
hybrid_m3_q97.5_e20,dcopf_hybrid_v001,hybrid,3.0,97.5,20.0,0,val_per_lop,0.010999999940395355,1000,116,0.116,0.9999999999999999,1.0,116,884,0.43103448275862066,1.0,0.8620689655172413,1.0,1.0,0.58,1.0,0.232,200,200,250,50,0,0,True,none,False,1.0,False,False
hybrid_m3_q97.5_e20,dcopf_hybrid_v001,hybrid,3.0,97.5,20.0,0,val_per_lop,0.014000000432133675,1000,133,0.133,1.0,1.0,133,867,0.37593984962406013,1.0,0.7518796992481203,1.0,1.0,0.665,1.0,0.266,200,200,250,50,0,0,True,none,False,1.0,False,False
hybrid_m3_q97.5_e20,dcopf_hybrid_v001,hybrid,3.0,97.5,20.0,0,val_per_lop,0.017000000923871994,1000,158,0.158,1.0,1.0,158,842,0.31645569620253167,1.0,0.6329113924050633,1.0,1.0,0.79,1.0,0.316,200,200,250,50,0,0,True,none,False,1.0,False,False
hybrid_m3_q97.5_e20,dcopf_hybrid_v001,hybrid,3.0,97.5,20.0,0,val_per_lop,0.019999999552965164,1000,184,0.184,1.0,1.0,184,816,0.2717391304347826,1.0,0.5434782608695652,1.0,1.0,0.92,1.0,0.368,200,200,250,50,0,0,True,none,False,1.0,False,False
hybrid_m3_q99_e20,dcopf_hybrid_v001,hybrid,3.0,99.0,20.0,0,train_global,,24000,3063,0.127625,0.9981934672696477,0.9952537468028853,3043,20957,0.01632386549134835,1.0,0.03232125367286973,0.99,0.06464250734573947,0.99,0.16193274567417565,0.992,200,24000,24000,200,199,199,False,rank_inversion_guard_exceeded,True,1.0,False,False
hybrid_m3_q99_e20,dcopf_hybrid_v001,hybrid,3.0,99.0,20.0,0,val_global,,6000,727,0.12116666666666667,1.0,1.0,727,5273,0.0687757909215956,1.0,0.1375515818431912,1.0,0.2751031636863824,1.0,0.687757909215956,1.0,200,6000,6000,200,200,200,False,rank_inversion_guard_exceeded,True,1.0,False,False
hybrid_m3_q99_e20,dcopf_hybrid_v001,hybrid,3.0,99.0,20.0,0,val_per_lop,0.004999999888241291,1000,52,0.052,1.0,1.0,52,948,0.9615384615384616,1.0,1.0,0.52,1.0,0.26,1.0,0.104,200,200,250,50,0,0,True,none,False,1.0,False,False
hybrid_m3_q99_e20,dcopf_hybrid_v001,hybrid,3.0,99.0,20.0,0,val_per_lop,0.00800000037997961,1000,84,0.084,1.0,1.0,84,916,0.5952380952380952,1.0,1.0,0.84,1.0,0.42,1.0,0.168,200,200,250,50,0,0,True,none,False,1.0,False,False
hybrid_m3_q99_e20,dcopf_hybrid_v001,hybrid,3.0,99.0,20.0,0,val_per_lop,0.010999999940395355,1000,116,0.116,1.0,1.0,116,884,0.43103448275862066,1.0,0.8620689655172413,1.0,1.0,0.58,1.0,0.232,200,200,250,50,0,0,True,none,False,1.0,False,False
hybrid_m3_q99_e20,dcopf_hybrid_v001,hybrid,3.0,99.0,20.0,0,val_per_lop,0.014000000432133675,1000,133,0.133,1.0,1.0,133,867,0.37593984962406013,1.0,0.7518796992481203,1.0,1.0,0.665,1.0,0.266,200,200,250,50,0,0,True,none,False,1.0,False,False
hybrid_m3_q99_e20,dcopf_hybrid_v001,hybrid,3.0,99.0,20.0,0,val_per_lop,0.017000000923871994,1000,158,0.158,1.0,1.0,158,842,0.31645569620253167,1.0,0.6329113924050633,1.0,1.0,0.79,1.0,0.316,200,200,250,50,0,0,True,none,False,1.0,False,False
hybrid_m3_q99_e20,dcopf_hybrid_v001,hybrid,3.0,99.0,20.0,0,val_per_lop,0.019999999552965164,1000,184,0.184,1.0,1.0,184,816,0.2717391304347826,1.0,0.5434782608695652,1.0,1.0,0.92,1.0,0.368,200,200,250,50,0,0,True,none,False,1.0,False,False
