run_id	arm_name	seed	run_seed	rng_seed_internal	level	proposal_index	current_sample_id	proposal_sample_id	proxy_mode	l0_guard_mode	proxy_score_current	proxy_score_proposal	reverse_proxy_score	reverse_proxy_success	truth_score_current	truth_score_proposal	truth_success_current	truth_success_proposal	truth_failed_current	truth_failed_proposal	stage1_accept	final_accept	reverse_proxy_reject	truth_evaluated	proxy_evaluated	wall_time_proxy	wall_time_truth	current_damage_state_hash	damage_state_hash	n_line_out_current	n_line_out	dcopf_success	l0_score	da_score	flow_score	proxy_success_current	proxy_success_proposal
case118_corrected_da_dcopf_seed901_N1000_lop0008	corrected_da_dcopf	901	901	902	1	1			dcopf	failure_label		inf	inf	False	inf	inf	False	False	True	True	True	True	False	True	True	0.058873820991721004	0.025390102004166692	8881e42e87e6339994c61371f29dcb3bacb2492c	a133cbb75a9bcbe2271cac8dfb5b932d630d6660	3	3	False					False
case118_corrected_da_dcopf_seed901_N1000_lop0008	corrected_da_dcopf	901	901	902	1	2			dcopf	failure_label		inf	inf	False	inf	inf	False	False	True	True	True	True	False	True	True	0.05365965099190362	0.019912672010832466	c0bf4b0ce29660d841905f5ebb7546c50196fc8b	f340c3147bc0f347c9960ca223e90667d51aa6fb	1	2	False					False
case118_corrected_da_dcopf_seed901_N1000_lop0008	corrected_da_dcopf	901	901	902	1	3			dcopf	failure_label		inf	inf	False	inf	inf	False	False	True	True	True	True	False	True	True	0.05173622799338773	0.020807381995837204	2cd29fcadd205b9929628bbc2f29d03294c15c1a	f909b09481a05f04cd211bf06e6123c1dabbf6f4	4	3	False					False
case118_corrected_da_dcopf_seed901_N1000_lop0008	corrected_da_dcopf	901	901	902	1	4			dcopf	failure_label		inf	inf	False	inf	inf	False	False	True	True	True	False	False	True	True	0.046210469998186454	0.01923880699905567	3df1bd1df2d7f390623cac526847aaa5008060fe	453ceb37e7e2560710384aa178b2f81152ccb33a	2	3	False					False
case118_corrected_da_dcopf_seed901_N1000_lop0008	corrected_da_dcopf	901	901	902	1	5			dcopf	failure_label		-0.06000000000000005			inf		False		True		False	False	False	False	True	0.02941944499616511	0.0	4e4c35954118b19acd43d2529716a50684a8fbb0	d8237aa469187b1435779003332c9da21098eb4a	2	1	True					True
case118_corrected_da_dcopf_seed901_N1000_lop0008	corrected_da_dcopf	901	901	902	1	6			dcopf	failure_label		inf	inf	False	inf	inf	False	False	True	True	True	False	False	True	True	0.045259896985953674	0.01929120199929457	e58de1cc463deacf2d2e0ac22619676ea8d899df	8af8908c0aac70d6e54b4b1f427f2fdf200b9670	3	4	False					False
case118_corrected_da_dcopf_seed901_N1000_lop0008	corrected_da_dcopf	901	901	902	1	7			dcopf	failure_label		inf	inf	False	inf	inf	False	False	True	True	True	False	False	True	True	0.04562311101472005	0.02175566100049764	ede6810e5f99334cdd15bc676082ee4b2b568fcb	8919a689a6e17ee192fda6a4a169d7108162ecd0	3	4	False					False
case118_corrected_da_dcopf_seed901_N1000_lop0008	corrected_da_dcopf	901	901	902	1	8			dcopf	failure_label		inf	inf	False	inf	inf	False	False	True	True	True	True	False	True	True	0.04344205299275927	0.01903016900178045	3ace208a075207ef6df66f082e1d2fd359709e8e	c8b356db186cee0719bbb4951e73d722fe166384	5	5	False					False
case118_corrected_da_dcopf_seed901_N1000_lop0008	corrected_da_dcopf	901	901	902	1	9			dcopf	failure_label		inf	inf	False	inf	inf	False	False	True	True	True	True	False	True	True	0.04743954000878148	0.02042823399824556	88fd3c85d066f616d1dbdf151fb69c13c76361ec	fc9d2cac0b754b065bfa75b2ffccc8ab5cc73454	3	2	False					False
case118_corrected_da_dcopf_seed901_N1000_lop0008	corrected_da_dcopf	901	901	902	1	10			dcopf	failure_label		-0.06000000000000005			inf		False		True		False	False	False	False	True	0.030779458000324667	0.0	2a1ee623e823b70db6535f92e7684003bc4303e5	1c02bbf3dea292304a4514af98d28ebce1b7d4aa	1	1	True					True
case118_corrected_da_dcopf_seed901_N1000_lop0008	corrected_da_dcopf	901	901	902	1	11			dcopf	failure_label		inf	inf	False	inf	inf	False	False	True	True	True	False	False	True	True	0.052122502005659044	0.020496393990470096	5763a7d9272d2e8872457e1a8d3cb7e6c52626fb	80e0f88108dc053ea10e6fe64a79df4815d4cfb0	3	4	False					False
case118_corrected_da_dcopf_seed901_N1000_lop0008	corrected_da_dcopf	901	901	902	1	12			dcopf	failure_label		inf	inf	False	inf	inf	False	False	True	True	True	True	False	True	True	0.04842232899682131	0.021235514999716543	e5102d29b86c36bcd8409ac5585d1c0c49116b8b	75924ba21eb1ce4d621af7c2603cce33f0c6b4cb	4	3	False					False
case118_corrected_da_dcopf_seed901_N1000_lop0008	corrected_da_dcopf	901	901	902	1	13			dcopf	failure_label		-0.06000000000000005			inf		False		True		False	False	False	False	True	0.030988111000624485	0.0	c1c8335e60d18f36de2f88f5fffb7b46faf1585e	a5711e9763c3bfe59721550b4daaf82f755f8c77	1	0	True					True
case118_corrected_da_dcopf_seed901_N1000_lop0008	corrected_da_dcopf	901	901	902	1	14			dcopf	failure_label		-0.06000000000000005			inf		False		True		False	False	False	False	True	0.031681698994361795	0.0	fa8ea0e4a3b06249611213013e48825cf8dc40e7	a5711e9763c3bfe59721550b4daaf82f755f8c77	1	0	True					True
case118_corrected_da_dcopf_seed901_N1000_lop0008	corrected_da_dcopf	901	901	902	1	15			dcopf	failure_label		inf	inf	False	inf	inf	False	False	True	True	True	False	False	True	True	0.04557621499407105	0.018992500990862027	ff15a32d43b4d684d6a4eeaa673bbe024c3d9b3f	509b174dda71c1dab8a057ba8fa16cec802281f9	3	4	False					False
case118_corrected_da_dcopf_seed901_N1000_lop0008	corrected_da_dcopf	901	901	902	1	16			dcopf	failure_label		inf	inf	False	inf	inf	False	False	True	True	True	True	False	True	True	0.046339047999936156	0.021700408004107885	57cd4da86d6e49591f232a11082e0d173352385b	d966aa3743a755f322ddcea5980392c023d9a782	2	2	False					False
case118_corrected_da_dcopf_seed901_N1000_lop0008	corrected_da_dcopf	901	901	902	1	17			dcopf	failure_label		inf	inf	False	inf	inf	False	False	True	True	True	True	False	True	True	0.04933250800240785	0.018582634991616942	428d4041d2aa19859d11c22326691d668931e1eb	2572e846accda710a9938b6d6cde14b0a3fcebf4	3	2	False					False
case118_corrected_da_dcopf_seed901_N1000_lop0008	corrected_da_dcopf	901	901	902	1	18			dcopf	failure_label		inf	inf	False	inf	inf	False	False	True	True	True	True	False	True	True	0.04800635599531233	0.02010078499733936	4f7e41e08e4efee8a272f50d1fc5095fcea5e16b	83812d29cbe4a70c243cd510d41acd5f86f48600	1	1	False					False
case118_corrected_da_dcopf_seed901_N1000_lop0008	corrected_da_dcopf	901	901	902	1	19			dcopf	failure_label		inf	inf	False	inf	inf	False	False	True	True	True	True	False	True	True	0.04833375399175566	0.01969123700109776	32755f08fa76620703596c570dd19e13959ee4eb	d8f20d6f19d549c87857ba8a6e6c2c3702b85e09	2	1	False					False
case118_corrected_da_dcopf_seed901_N1000_lop0008	corrected_da_dcopf	901	901	902	1	20			dcopf	failure_label		inf	inf	False	inf	inf	False	False	True	True	True	True	False	True	True	0.04671387201233301	0.01829881500452757	fa8ea0e4a3b06249611213013e48825cf8dc40e7	34481d0d868d4132cf83a34f11a0b7cf988933d5	1	2	False					False
case118_corrected_da_dcopf_seed901_N1000_lop0008	corrected_da_dcopf	901	901	902	1	21			dcopf	failure_label		inf	inf	False	inf	inf	False	False	True	True	True	True	False	True	True	0.04323397199914325	0.018793633993482217	1b15f427875e5e10ccfb3689bbd40e8b2951b1fd	b84dc307f149db00a7f0dcf4b06f29623eec1e79	2	3	False					False
case118_corrected_da_dcopf_seed901_N1000_lop0008	corrected_da_dcopf	901	901	902	1	22			dcopf	failure_label		inf	inf	False	inf	inf	False	False	True	True	True	False	False	True	True	0.04396135899878573	0.018167699003242888	3be99dd1e9e26750c3a278cc5b361f06e5d703c2	f558997c8fd567f4f4020dd36c71bf122736c0d1	5	6	False					False
case118_corrected_da_dcopf_seed901_N1000_lop0008	corrected_da_dcopf	901	901	902	1	23			dcopf	failure_label		inf	inf	False	inf	inf	False	False	True	True	True	True	False	True	True	0.04159346599772107	0.016789148998213932	c0bf4b0ce29660d841905f5ebb7546c50196fc8b	bd186b102cf66e270b2ad06ab39d43e0166bdba9	1	2	False					False
case118_corrected_da_dcopf_seed901_N1000_lop0008	corrected_da_dcopf	901	901	902	1	24			dcopf	failure_label		inf	inf	False	inf	inf	False	False	True	True	True	True	False	True	True	0.04925709399685729	0.023788965001585893	e3f231e790543facc00a3641dfa0994903c77aeb	45f50a99f22eeae3b6e94183e6d54ea4c4819939	3	3	False					False
case118_corrected_da_dcopf_seed901_N1000_lop0008	corrected_da_dcopf	901	901	902	1	25			dcopf	failure_label		-0.06000000000000005			inf		False		True		False	False	False	False	True	0.030219214997487143	0.0	01dad8141939bc92ed3cf9e003b95b6be9c3e235	3364f1db52c4bdb9dafe9db114e01fe4f7dfed61	4	3	True					True
case118_corrected_da_dcopf_seed901_N1000_lop0008	corrected_da_dcopf	901	901	902	1	26			dcopf	failure_label		inf	inf	False	inf	inf	False	False	True	True	True	True	False	True	True	0.048518534007598646	0.021847461990546435	689b9fe554f4a3aa3c87548eecc07b9ff351ab1d	81fc620cdcfec4835639fe36dcaeb056beb423b6	2	2	False					False
case118_corrected_da_dcopf_seed901_N1000_lop0008	corrected_da_dcopf	901	901	902	1	27			dcopf	failure_label		-0.06000000000000005			inf		False		True		False	False	False	False	True	0.03062511900498066	0.0	7ddc7563ebeb54eeefa73641f045277551103a92	f1bddffd47fc7257aedf9e7396798b03cfb0813d	2	1	True					True
case118_corrected_da_dcopf_seed901_N1000_lop0008	corrected_da_dcopf	901	901	902	1	28			dcopf	failure_label		inf	inf	False	inf	inf	False	False	True	True	True	True	False	True	True	0.053950615008943714	0.02151135099120438	76fc83e272eff9fa3d6fc23db55060dcbdf63d32	2a868470aee0f5f34df507fcb40e92d9f5817ce3	5	5	False					False
case118_corrected_da_dcopf_seed901_N1000_lop0008	corrected_da_dcopf	901	901	902	1	29			dcopf	failure_label		inf	inf	False	inf	inf	False	False	True	True	True	True	False	True	True	0.05099054200400133	0.021023427994805388	ea8127464e18d78091249c9d4d2df3f8c4950173	3e9ead49f578b0f0663a232b5506f95efa588aca	3	4	False					False
case118_corrected_da_dcopf_seed901_N1000_lop0008	corrected_da_dcopf	901	901	902	1	30			dcopf	failure_label		inf	inf	False	inf	inf	False	False	True	True	True	True	False	True	True	0.04222531399864238	0.01810911101347301	7b9063749cc1bebf5439e5a13d6a2b27febb2c09	09e2de1c32d732888f7cef2d3b7d90436c36085d	2	2	False					False
case118_corrected_da_dcopf_seed901_N1000_lop0008	corrected_da_dcopf	901	901	902	1	31			dcopf	failure_label		inf	inf	False	inf	inf	False	False	True	True	True	True	False	True	True	0.04226518400537316	0.018847262996132486	c2bcb2077f4a243bc4a389e1c993e8e68367ae7a	6a4e35737ec6eb177163c8a250123adf250d3656	3	2	False					False
case118_corrected_da_dcopf_seed901_N1000_lop0008	corrected_da_dcopf	901	901	902	1	32			dcopf	failure_label		inf	inf	False	inf	inf	False	False	True	True	True	False	False	True	True	0.043781364016467705	0.019846979004796594	a9509161315950d47353a66efd7d7cc5ad5cf9f8	0f8c76eebd35c577bf6000c881135bcc29721e95	3	4	False					False
case118_corrected_da_dcopf_seed901_N1000_lop0008	corrected_da_dcopf	901	901	902	1	33			dcopf	failure_label		-0.06000000000000005			inf		False		True		False	False	False	False	True	0.029851936997147277	0.0	da0e4bdc42a0ef9ca1459700547906b261e12cac	3a15ecab3c9a33c90b88112170c4f3e47eb68366	2	2	True					True
case118_corrected_da_dcopf_seed901_N1000_lop0008	corrected_da_dcopf	901	901	902	1	34			dcopf	failure_label		inf	inf	False	inf	inf	False	False	True	True	True	False	False	True	True	0.04400568798882887	0.01877351399161853	ea8ff01afc167449d90c092ac583caddc99a2878	e79906559f7ce473151389960a0089fd6a915338	2	3	False					False
case118_corrected_da_dcopf_seed901_N1000_lop0008	corrected_da_dcopf	901	901	902	1	35			dcopf	failure_label		inf	inf	False	inf	inf	False	False	True	True	True	True	False	True	True	0.04570149700157344	0.017762622999725863	b2017b6c24c66db6e14f140e82d3f8ebeedd0347	8811476d6f7eceda549d54b3bb2563b4bbc697ad	4	4	False					False
case118_corrected_da_dcopf_seed901_N1000_lop0008	corrected_da_dcopf	901	901	902	1	36			dcopf	failure_label		inf	inf	False	inf	inf	False	False	True	True	True	False	False	True	True	0.045166670010075904	0.019128972009639256	af0d311a96af87aea8afaf34c77a4c09cd19f8b1	8966031bf5dd58dc6cf4c66dcdf457ff9300d339	4	5	False					False
case118_corrected_da_dcopf_seed901_N1000_lop0008	corrected_da_dcopf	901	901	902	1	37			dcopf	failure_label		inf	inf	False	inf	inf	False	False	True	True	True	False	False	True	True	0.04176601801009383	0.0179847300023539	971336e2e12be848b07032e5c4c572309166e5b2	76db52e7406c5d7e19c741390cf5273e41b2529d	7	8	False					False
case118_corrected_da_dcopf_seed901_N1000_lop0008	corrected_da_dcopf	901	901	902	1	38			dcopf	failure_label		-0.06000000000000005			inf		False		True		False	False	False	False	True	0.028689404993201606	0.0	485964b6038666585d8d63139f85d1501585fe1c	19e19e0122e9755a3831a39840c3bc2a8e168408	4	4	True					True
case118_corrected_da_dcopf_seed901_N1000_lop0008	corrected_da_dcopf	901	901	902	1	39			dcopf	failure_label		inf	inf	False	inf	inf	False	False	True	True	True	False	False	True	True	0.042745939004817046	0.01848442098707892	bcd31b7740f9679a36dae1ff4864b83a864e7077	6dd56caa533c67cc920fa1e4be4514da2860eaa6	2	3	False					False
case118_corrected_da_dcopf_seed901_N1000_lop0008	corrected_da_dcopf	901	901	902	1	40			dcopf	failure_label		inf	inf	False	inf	inf	False	False	True	True	True	False	False	True	True	0.042582365989801474	0.0185864780069096	88b750e2f597aa31906fc259206bdd239418096b	b24fa0455a922fef9d260796151592dd988e13dd	1	2	False					False
case118_corrected_da_dcopf_seed901_N1000_lop0008	corrected_da_dcopf	901	901	902	1	41			dcopf	failure_label		-0.06000000000000005			inf		False		True		False	False	False	False	True	0.027904516013222747	0.0	7da289cb0809404fc23a574119692a5e55e53d42	724a920d7f00401b8a5eccefcc0ca37dd11bf2ad	2	1	True					True
case118_corrected_da_dcopf_seed901_N1000_lop0008	corrected_da_dcopf	901	901	902	1	42			dcopf	failure_label		-0.06000000000000005			inf		False		True		False	False	False	False	True	0.028044730992405675	0.0	b07fba9702a73b9e01c8e2db3254947480e4022e	a5711e9763c3bfe59721550b4daaf82f755f8c77	1	0	True					True
case118_corrected_da_dcopf_seed901_N1000_lop0008	corrected_da_dcopf	901	901	902	1	43			dcopf	failure_label		-0.06000000000000005			inf		False		True		False	False	False	False	True	0.026983612013282254	0.0	2ee97731c1314c91ec9c4d37d4ef6ddf7777043e	e2d47077812d760ca898900d3213e1a5320b54dd	3	2	True					True
case118_corrected_da_dcopf_seed901_N1000_lop0008	corrected_da_dcopf	901	901	902	1	44			dcopf	failure_label		inf	inf	False	inf	inf	False	False	True	True	True	True	False	True	True	0.047570519978762604	0.0247854329936672	a97c73a371cf280afb515c987ae2167bf457704c	1edee6f62debc91c945f623c5ed2d3602f81d285	3	2	False					False
case118_corrected_da_dcopf_seed901_N1000_lop0008	corrected_da_dcopf	901	901	902	1	45			dcopf	failure_label		inf	inf	False	inf	inf	False	False	True	True	True	True	False	True	True	0.043308872016496025	0.01823619099741336	4c33162541637b99f7b3b69a83f5b50b357f2d6d	50503a3770faef811d5cc319574107eb51189cd2	2	3	False					False
case118_corrected_da_dcopf_seed901_N1000_lop0008	corrected_da_dcopf	901	901	902	1	46			dcopf	failure_label		-0.06000000000000005			inf		False		True		False	False	False	False	True	0.026295423012925312	0.0	83812d29cbe4a70c243cd510d41acd5f86f48600	a5711e9763c3bfe59721550b4daaf82f755f8c77	1	0	True					True
case118_corrected_da_dcopf_seed901_N1000_lop0008	corrected_da_dcopf	901	901	902	1	47			dcopf	failure_label		inf	inf	False	inf	inf	False	False	True	True	True	False	False	True	True	0.04164630000013858	0.017796288011595607	88b750e2f597aa31906fc259206bdd239418096b	dfbc77dd2aa4a379db90b168ee60868c17b7d05f	1	2	False					False
case118_corrected_da_dcopf_seed901_N1000_lop0008	corrected_da_dcopf	901	901	902	1	48			dcopf	failure_label		-0.06000000000000005			inf		False		True		False	False	False	False	True	0.029498998002964072	0.0	3d11db35aba920cc4e9f9375d005238d99047669	04a88264f4ceb906acfbc5f94bbb3ddf70505455	3	2	True					True
case118_corrected_da_dcopf_seed901_N1000_lop0008	corrected_da_dcopf	901	901	902	1	49			dcopf	failure_label		inf	inf	False	inf	inf	False	False	True	True	True	True	False	True	True	0.051308613998116925	0.02171955800440628	a98f0eee070abc27dbf3aa289f879f0e2cdc2aa7	cb0b0bd6336bbc1c409b83dfd9dd62f60f8cc841	3	2	False					False
case118_corrected_da_dcopf_seed901_N1000_lop0008	corrected_da_dcopf	901	901	902	1	50			dcopf	failure_label		inf	inf	False	inf	inf	False	False	True	True	True	False	False	True	True	0.04429711699776817	0.01865557899873238	4f7e41e08e4efee8a272f50d1fc5095fcea5e16b	57228e1cdf11ad1b29d91e03242dd6fc644f744d	1	2	False					False
case118_corrected_da_dcopf_seed901_N1000_lop0008	corrected_da_dcopf	901	901	902	1	51			dcopf	failure_label		inf	inf	False	inf	inf	False	False	True	True	True	False	False	True	True	0.045756831983453594	0.02263792800658848	c9cad06bef88fb53f4274c68f9338490a6103a4b	8c57763f98b6ae1dc5cc6ceddf96d48cd721ecea	4	5	False					False
case118_corrected_da_dcopf_seed901_N1000_lop0008	corrected_da_dcopf	901	901	902	1	52			dcopf	failure_label		inf	inf	False	inf	inf	False	False	True	True	True	True	False	True	True	0.04760786199767608	0.036713566005346365	65e524611ae8ff35d4215a3fb9638cddba83095c	f5d725123d3ae9befc951dc3c5ca091ecf0ce9aa	2	2	False					False
case118_corrected_da_dcopf_seed901_N1000_lop0008	corrected_da_dcopf	901	901	902	1	53			dcopf	failure_label		inf	inf	False	inf	inf	False	False	True	True	True	True	False	True	True	0.047382054981426336	0.019369667003047653	b929ba23860c834a781c61d77cfdad8c5ced129c	d1656278b13cb818564148179a96522e2b310480	3	4	False					False
case118_corrected_da_dcopf_seed901_N1000_lop0008	corrected_da_dcopf	901	901	902	1	54			dcopf	failure_label		inf	inf	False	inf	inf	False	False	True	True	True	True	False	True	True	0.0462730799918063	0.01905000400438439	97213f93d8ed89db65bb15c670e281f7c3337616	e0ca4f3bdb5562853fcc18c054ce840de6c1bf16	3	2	False					False
case118_corrected_da_dcopf_seed901_N1000_lop0008	corrected_da_dcopf	901	901	902	1	55			dcopf	failure_label		inf	inf	False	inf	inf	False	False	True	True	True	True	False	True	True	0.04119322200131137	0.01811296799860429	ecb7866913c59f35c8409af7854c2f4997ccf58d	141ba8e51543f6e0050443dddeb17125cfbcca74	3	4	False					False
case118_corrected_da_dcopf_seed901_N1000_lop0008	corrected_da_dcopf	901	901	902	1	56			dcopf	failure_label		inf	inf	False	inf	inf	False	False	True	True	True	True	False	True	True	0.04231984600482974	0.01896349000162445	f5b548c5640e2ea6330b9241595066adaf0dcf9c	46ca7831a4e8446aa152bb677ecffae2d5dbc1af	5	4	False					False
case118_corrected_da_dcopf_seed901_N1000_lop0008	corrected_da_dcopf	901	901	902	1	57			dcopf	failure_label		inf	inf	False	inf	inf	False	False	True	True	True	True	False	True	True	0.04515126600745134	0.017867091999505647	9060ff0e132f6e4ea6b90d29605c6f63347a88b9	663a5de65e1922b05f0a3b9a3c5aad32190eeb96	2	2	False					False
case118_corrected_da_dcopf_seed901_N1000_lop0008	corrected_da_dcopf	901	901	902	1	58			dcopf	failure_label		inf	inf	False	inf	inf	False	False	True	True	True	True	False	True	True	0.045311136986128986	0.01956487400457263	364f4b9ec890f9b4999dc2ff0c33f4966d2ab574	f163a4ba09247af301e6b4f216519ffa0aae2701	8	9	False					False
case118_corrected_da_dcopf_seed901_N1000_lop0008	corrected_da_dcopf	901	901	902	1	59			dcopf	failure_label		inf	inf	False	inf	inf	False	False	True	True	True	False	False	True	True	0.047120973002165556	0.021170976004214026	88b750e2f597aa31906fc259206bdd239418096b	8fe1f34b8c4cf6cdb2cbb1289bfa633dddaeae33	1	2	False					False
case118_corrected_da_dcopf_seed901_N1000_lop0008	corrected_da_dcopf	901	901	902	1	60			dcopf	failure_label		inf	inf	False	inf	inf	False	False	True	True	True	False	False	True	True	0.05108634597854689	0.020007876999443397	0c749cbfecc6d660791a8e0c884020591e6c6fca	9e95ad0b3918885b5c5d602fcec7b9cce39c6c03	2	3	False					False
case118_corrected_da_dcopf_seed901_N1000_lop0008	corrected_da_dcopf	901	901	902	1	61			dcopf	failure_label		-0.06000000000000005			inf		False		True		False	False	False	False	True	0.028109058999689296	0.0	c5d0f499b82aee5a390b687dfc79cfdf483c036f	b2115ce239e31f3c4385a543af9bc7c082334d6d	2	1	True					True
case118_corrected_da_dcopf_seed901_N1000_lop0008	corrected_da_dcopf	901	901	902	1	62			dcopf	failure_label		inf	inf	False	inf	inf	False	False	True	True	True	True	False	True	True	0.044945431014639325	0.019314452991238795	e501f00a7477b628e29381eb4bf5af221951f195	54500f66c0a8fb385862502bed72a5cd9f0ba3bc	2	2	False					False
case118_corrected_da_dcopf_seed901_N1000_lop0008	corrected_da_dcopf	901	901	902	1	63			dcopf	failure_label		-0.06000000000000005			inf		False		True		False	False	False	False	True	0.02694473600422498	0.0	c0bf4b0ce29660d841905f5ebb7546c50196fc8b	02df3c5a8d82d446ecadb41af68bbd1e00950d8f	1	1	True					True
case118_corrected_da_dcopf_seed901_N1000_lop0008	corrected_da_dcopf	901	901	902	1	64			dcopf	failure_label		inf	inf	False	inf	inf	False	False	True	True	True	True	False	True	True	0.04440462100319564	0.018518979995860718	7543f32aabe17d7bd0ebfb5f5001d00984a5bd5c	c0bf4b0ce29660d841905f5ebb7546c50196fc8b	2	1	False					False
case118_corrected_da_dcopf_seed901_N1000_lop0008	corrected_da_dcopf	901	901	902	1	65			dcopf	failure_label		-0.06000000000000005			inf		False		True		False	False	False	False	True	0.028971153995371424	0.0	fa8ea0e4a3b06249611213013e48825cf8dc40e7	79c03e648a55b10f70d5ed1299eff551550b638f	1	1	True					True
case118_corrected_da_dcopf_seed901_N1000_lop0008	corrected_da_dcopf	901	901	902	1	66			dcopf	failure_label		-0.06000000000000005			-8.447316401927196e-09		True		False		False	False	False	False	True	0.028350171007332392	0.0	f21df2deac5c2c5470631ace59cc1bcce3957a97	c3221d7e6da8019569156080c8dd7d86b6e3a264	1	1	True					True
case118_corrected_da_dcopf_seed901_N1000_lop0008	corrected_da_dcopf	901	901	902	1	67			dcopf	failure_label		-0.06000000000000005			-8.992997013734794e-09		True		False		False	False	False	False	True	0.026267245004419237	0.0	b0f14e8dcc508b7e314c03faec41bd04c763fc05	6218a441a83d27f129780ca6882f88f2e7cd463d	3	2	True					True
case118_corrected_da_dcopf_seed901_N1000_lop0008	corrected_da_dcopf	901	901	902	1	68			dcopf	failure_label		-0.06000000000000005			-9.576032633518139e-09		True		False		False	False	False	False	True	0.027627403003862128	0.0	c432d3a067615148e350b038a48e5d89b0fd99cc	d27f5cfda6730d25a9ed260e17c032fb2367550b	2	1	True					True
case118_corrected_da_dcopf_seed901_N1000_lop0008	corrected_da_dcopf	901	901	902	1	69			dcopf	failure_label		inf	-0.06000000000000005	True	-9.744608009398803e-09	inf	True	False	False	True	True	False	True	True	True	0.05001692999212537	0.019881724001606926	96be00633911b8da49861b97da01834f0053140d	0f961bc49221513f7aee798dc10b1d05409c313e	3	3	False					False
case118_corrected_da_dcopf_seed901_N1000_lop0008	corrected_da_dcopf	901	901	902	1	70			dcopf	failure_label		-0.06000000000000005			-9.757303853774602e-09		True		False		False	False	False	False	True	0.030166320997523144	0.0	a7d509227fa2514bc6f2ad5c87669fba5b50db51	ea79c8415e32c0fb49df86db906e3554c71a914a	2	2	True					True
case118_corrected_da_dcopf_seed901_N1000_lop0008	corrected_da_dcopf	901	901	902	1	71			dcopf	failure_label		-0.06000000000000005			-1.0080948742441365e-08		True		False		False	False	False	False	True	0.030116227993858047	0.0	31b4290b746a6ba5702eae478856ffa9fd756345	905d4e6d873cfe0fc9b7641aaf1db42222248845	2	3	True					True
case118_corrected_da_dcopf_seed901_N1000_lop0008	corrected_da_dcopf	901	901	902	1	72			dcopf	failure_label		-0.06000000000000005			-1.1582442560609252e-08		True		False		False	False	False	False	True	0.03137484600301832	0.0	28f5fec4df7997a242ef30cca1248e735a675180	b2cdb3630154800d1e70de6c327b26a102e28bb0	2	2	True					True
case118_corrected_da_dcopf_seed901_N1000_lop0008	corrected_da_dcopf	901	901	902	1	73			dcopf	failure_label		-0.06000000000000005			-1.2236550661626211e-08		True		False		False	False	False	False	True	0.02999407499737572	0.0	4c046ea6eeb2dac1266e75a02fdb79b36172e30c	b1aeac06807ba0cc51304e53735dba78ce020ca1	2	1	True					True
case118_corrected_da_dcopf_seed901_N1000_lop0008	corrected_da_dcopf	901	901	902	1	74			dcopf	failure_label		-0.06000000000000005			-1.2336584198635592e-08		True		False		False	False	False	False	True	0.029899376997491345	0.0	d688a48bb91efc67fd0be207bba91ea872fa3719	e7192b138559865b1cf0fc258572b92730117b20	4	5	True					True
case118_corrected_da_dcopf_seed901_N1000_lop0008	corrected_da_dcopf	901	901	902	1	75			dcopf	failure_label		-0.06000000000000005			-1.4440176387964243e-08		True		False		False	False	False	False	True	0.030887305008945987	0.0	bfb145f247b780c8ac7a9c5c321947b5d3068058	a8a380635736ba995db6ca8b14ab023758d0c079	2	2	True					True
case118_corrected_da_dcopf_seed901_N1000_lop0008	corrected_da_dcopf	901	901	902	1	76			dcopf	failure_label		inf	-0.06000000000000005	True	-1.460037513112411e-08	inf	True	False	False	True	True	False	True	True	True	0.05760619499778841	0.036629490001359954	1f31d79f8046f83a327e2eeec998fe1b264f38d7	73ecb71487cfa090dd0c7cf37b8c38808614f923	2	2	False					False
case118_corrected_da_dcopf_seed901_N1000_lop0008	corrected_da_dcopf	901	901	902	1	77			dcopf	failure_label		-0.06000000000000005			-1.577177588529821e-08		True		False		False	False	False	False	True	0.026701669004978612	0.0	02de28396aae69a4df9a721d1591b6a4a9fbd378	ded191f1368d4dda2400a092b83937e10428f638	2	1	True					True
case118_corrected_da_dcopf_seed901_N1000_lop0008	corrected_da_dcopf	901	901	902	1	78			dcopf	failure_label		-0.06000000000000005			-1.6029168881104283e-08		True		False		False	False	False	False	True	0.03338156999961939	0.0	ff27949f833d63d988a4d1c52d74b34607b89112	658d41818ec9defc692fd37a76e1a5838780d36c	2	2	True					True
case118_corrected_da_dcopf_seed901_N1000_lop0008	corrected_da_dcopf	901	901	902	1	79			dcopf	failure_label		inf	-0.06000000000000005	True	-1.690827988731769e-08	inf	True	False	False	True	True	False	True	True	True	0.04867949499748647	0.0185402290080674	67957080805fb0b7db19faa554a070fbed84a0dd	d5043291a7749e151144f2aad26ecc2449cde298	3	4	False					False
case118_corrected_da_dcopf_seed901_N1000_lop0008	corrected_da_dcopf	901	901	902	1	80			dcopf	failure_label		-0.06000000000000005			-1.700364715695457e-08		True		False		False	False	False	False	True	0.028463587004807778	0.0	00374f71549b0f629e07c4072d1c74a654a5f946	1fbe26e583877811063bafe7e7ce9ed8a427d471	2	2	True					True
case118_corrected_da_dcopf_seed901_N1000_lop0008	corrected_da_dcopf	901	901	902	1	81			dcopf	failure_label		-0.06000000000000005			-1.7050555412012613e-08		True		False		False	False	False	False	True	0.02828704500279855	0.0	779736aa1be996cb9523b62f9be49a3887fc98b2	a5711e9763c3bfe59721550b4daaf82f755f8c77	1	0	True					True
case118_corrected_da_dcopf_seed901_N1000_lop0008	corrected_da_dcopf	901	901	902	1	82			dcopf	failure_label		-0.06000000000000005			-1.7050555412012613e-08		True		False		False	False	False	False	True	0.026658975999453105	0.0	779736aa1be996cb9523b62f9be49a3887fc98b2	a5711e9763c3bfe59721550b4daaf82f755f8c77	1	0	True					True
case118_corrected_da_dcopf_seed901_N1000_lop0008	corrected_da_dcopf	901	901	902	1	83			dcopf	failure_label		-0.06000000000000005			-1.717488817831736e-08		True		False		False	False	False	False	True	0.028633209003601223	0.0	3fe2535a6f69a580a60a14b0dedc22de6e35d816	a67c2af0f14b74d93cd55e57885c6e492fa34442	2	1	True					True
case118_corrected_da_dcopf_seed901_N1000_lop0008	corrected_da_dcopf	901	901	902	1	84			dcopf	failure_label		-0.06000000000000005			-1.7177267608303737e-08		True		False		False	False	False	False	True	0.029619413006003015	0.0	bda73d3361d5eda471ad67cbb8d14648668b982d	a5711e9763c3bfe59721550b4daaf82f755f8c77	1	0	True					True
case118_corrected_da_dcopf_seed901_N1000_lop0008	corrected_da_dcopf	901	901	902	1	85			dcopf	failure_label		-0.06000000000000005			-1.729247101067699e-08		True		False		False	False	False	False	True	0.03105176499229856	0.0	77db482a79bed82628d4772acfa4b1c57dcd6228	49afb6ca8b7b1488e8478530b5eb3b3d89edaf60	2	3	True					True
case118_corrected_da_dcopf_seed901_N1000_lop0008	corrected_da_dcopf	901	901	902	1	86			dcopf	failure_label		-0.06000000000000005			-1.7548009711987334e-08		True		False		False	False	False	False	True	0.032492640006239526	0.0	ff82f38a072fdd30b693de3876358c7105948753	15bf81b1c6788e920e03c21fcd92022f8c536e79	2	1	True					True
case118_corrected_da_dcopf_seed901_N1000_lop0008	corrected_da_dcopf	901	901	902	1	87			dcopf	failure_label		-0.06000000000000005			-1.7608037250482766e-08		True		False		False	False	False	False	True	0.029447395994793624	0.0	07d43061de8f8bf3cfd9fe0e1c667352d6ef0999	e775d3c0332177336bed83817a13d092f6471499	1	2	True					True
case118_corrected_da_dcopf_seed901_N1000_lop0008	corrected_da_dcopf	901	901	902	1	88			dcopf	failure_label		-0.06000000000000005			-1.7717721956245214e-08		True		False		False	False	False	False	True	0.027521960000740364	0.0	4f6113841a29c753337aca5370cc9cb4b9e1b2d3	c544e4c5b8e0874b6b91c00366774b05dff472d3	2	3	True					True
case118_corrected_da_dcopf_seed901_N1000_lop0008	corrected_da_dcopf	901	901	902	1	89			dcopf	failure_label		-0.06000000000000005			-1.7975411603643465e-08		True		False		False	False	False	False	True	0.028592984992428683	0.0	f2063c76505235c75ec5fecfb965a8424aedd473	934c699fbec5b11231bb79a6551f457a21cb0cd6	2	2	True					True
case118_corrected_da_dcopf_seed901_N1000_lop0008	corrected_da_dcopf	901	901	902	1	90			dcopf	failure_label		-0.06000000000000005			-1.8081543373682507e-08		True		False		False	False	False	False	True	0.027672084004734643	0.0	4be411374941b9593b82582e259b46e2043891a2	a8ea065947f2ac5906f9884edc0ab9dacfa203db	4	3	True					True
case118_corrected_da_dcopf_seed901_N1000_lop0008	corrected_da_dcopf	901	901	902	1	91			dcopf	failure_label		-0.06000000000000005			-1.8167667592550174e-08		True		False		False	False	False	False	True	0.028644101999816485	0.0	1fd191a48be412ba40ebab051a935813a9e0ba55	9cf6c3373f87df54769b06bf0b081aa577c4b902	4	3	True					True
case118_corrected_da_dcopf_seed901_N1000_lop0008	corrected_da_dcopf	901	901	902	1	92			dcopf	failure_label		-0.06000000000000005			-1.826657691772482e-08		True		False		False	False	False	False	True	0.02813101399806328	0.0	fd9f6c5899b434c875c2c1acae8f11e25fa9be39	cf55c26ae28c61a07c60d0f6fa9f7b424b370b85	1	2	True					True
case118_corrected_da_dcopf_seed901_N1000_lop0008	corrected_da_dcopf	901	901	902	1	93			dcopf	failure_label		-0.06000000000000005			-1.826657691772482e-08		True		False		False	False	False	False	True	0.02618826700199861	0.0	fd9f6c5899b434c875c2c1acae8f11e25fa9be39	a5711e9763c3bfe59721550b4daaf82f755f8c77	1	0	True					True
case118_corrected_da_dcopf_seed901_N1000_lop0008	corrected_da_dcopf	901	901	902	1	94			dcopf	failure_label		-0.06000000000000005			-1.8287154013307827e-08		True		False		False	False	False	False	True	0.02792018100444693	0.0	a6bb6949d6d6421daf2fa61415943d0c9c6175ce	54c11a71c9853fe37e9a6ce68a3f6983e3ef3067	1	2	True					True
case118_corrected_da_dcopf_seed901_N1000_lop0008	corrected_da_dcopf	901	901	902	1	95			dcopf	failure_label		-0.06000000000000005			-1.8365736931258425e-08		True		False		False	False	False	False	True	0.029083276996971108	0.0	01da1fa216ae7c5df70cb30bd510c157c22da890	bad4ef58e9e742e70b47e3642ecdc94071b1bf26	1	2	True					True
case118_corrected_da_dcopf_seed901_N1000_lop0008	corrected_da_dcopf	901	901	902	1	96			dcopf	failure_label		-0.06000000000000005			-1.8365736931258425e-08		True		False		False	False	False	False	True	0.027144697989569977	0.0	01da1fa216ae7c5df70cb30bd510c157c22da890	106ede050a10e7f352fb6161203080211610a9a9	1	1	True					True
case118_corrected_da_dcopf_seed901_N1000_lop0008	corrected_da_dcopf	901	901	902	1	97			dcopf	failure_label		-0.06000000000000005			-1.8429252124363416e-08		True		False		False	False	False	False	True	0.03055386598862242	0.0	3a0c13848e35436b3332af463ea8ce0e14a4d6a2	dded3cbeb6fb72efc2e48f406ce9a21c6b118e3f	1	1	True					True
case118_corrected_da_dcopf_seed901_N1000_lop0008	corrected_da_dcopf	901	901	902	1	98			dcopf	failure_label		-0.06000000000000005			-1.863304377458519e-08		True		False		False	False	False	False	True	0.030427880003117025	0.0	92fbfb6dc19d0fe2973456e3a5a4080588f5f8a4	43d843be28be3d6af2638f6bf3a6f9a63e035763	1	1	True					True
case118_corrected_da_dcopf_seed901_N1000_lop0008	corrected_da_dcopf	901	901	902	1	99			dcopf	failure_label		-0.06000000000000005			-1.864733523149198e-08		True		False		False	False	False	False	True	0.028926846003741957	0.0	da8328a6ee0965b06742c8c0dc9ed8ea6b585068	737a26d41f577a42d0d7715dad7795deebab0e25	2	2	True					True
case118_corrected_da_dcopf_seed901_N1000_lop0008	corrected_da_dcopf	901	901	902	1	100			dcopf	failure_label		-0.06000000000000005			-1.8703526505348123e-08		True		False		False	False	False	False	True	0.03025612499914132	0.0	f8ba21dc009d62ed1df255ad5b8d359e915beb86	f8d7d5dde2a8f128ee176bf74ff4042d5c47bfab	1	2	True					True
case118_corrected_da_dcopf_seed901_N1000_lop0008	corrected_da_dcopf	901	901	902	1	101			dcopf	failure_label		-0.06000000000000005			-1.878252819942361e-08		True		False		False	False	False	False	True	0.030219271997339092	0.0	a8164679e99b03f7dd3ec8b584d044cf794ebd06	86896765b0af2441824fa3302df9148db7e3bed1	1	1	True					True
case118_corrected_da_dcopf_seed901_N1000_lop0008	corrected_da_dcopf	901	901	902	1	102			dcopf	failure_label		-0.06000000000000005			-1.878252819942361e-08		True		False		False	False	False	False	True	0.03039669599093031	0.0	a8164679e99b03f7dd3ec8b584d044cf794ebd06	b9fbb90ed74046dac6d6631ffe012d6c33046acc	1	1	True					True
case118_corrected_da_dcopf_seed901_N1000_lop0008	corrected_da_dcopf	901	901	902	1	103			dcopf	failure_label		-0.06000000000000005			-1.8834294568392806e-08		True		False		False	False	False	False	True	0.029482596000889316	0.0	2c065c95dc95b8d9412703e6fc35fc6df2ecca7c	a1041ff30ccbf5a27fa0e1b0f6d8d0f59342bed4	2	1	True					True
case118_corrected_da_dcopf_seed901_N1000_lop0008	corrected_da_dcopf	901	901	902	1	104			dcopf	failure_label		-0.06000000000000005			-1.894688073100781e-08		True		False		False	False	False	False	True	0.03025440800411161	0.0	c29b8331885874dd223475f90446a844ffca3b44	f3c72807b46fb4297025d9ed4ec3d8cd371b383c	4	4	True					True
case118_corrected_da_dcopf_seed901_N1000_lop0008	corrected_da_dcopf	901	901	902	1	105			dcopf	failure_label		-0.06000000000000005			-1.9141352058937855e-08		True		False		False	False	False	False	True	0.029939143991214223	0.0	6307a496297a3be271a2b7f758aa32240f3fd1d1	47daf3f44b4c737bb9441b728bf2f16c057654ea	4	3	True					True
case118_corrected_da_dcopf_seed901_N1000_lop0008	corrected_da_dcopf	901	901	902	1	106			dcopf	failure_label		-0.06000000000000005			-1.9435943299228597e-08		True		False		False	False	False	False	True	0.029344264999963343	0.0	1191da1b2f3b1b5f13005cd72123e82e0a5f750e	e7311f930f958634218b71642ebee0879e6454f3	2	3	True					True
case118_corrected_da_dcopf_seed901_N1000_lop0008	corrected_da_dcopf	901	901	902	1	107			dcopf	failure_label		-0.06000000000000005			-1.9540691731378956e-08		True		False		False	False	False	False	True	0.029193940994446166	0.0	09925af4bdee6816e7a0b671ad04479142175bfb	b1cedc189782dd8ffcadbb2376b2ef80777918c0	1	1	True					True
case118_corrected_da_dcopf_seed901_N1000_lop0008	corrected_da_dcopf	901	901	902	1	108			dcopf	failure_label		-0.06000000000000005			-1.9801058348534184e-08		True		False		False	False	False	False	True	0.02803663199301809	0.0	a7874a1d09f45fed0a79cd9da0af3d187ee26ccd	1b15ff65717a792bfb9d2f2a29cbd8b9c34b4ea1	1	2	True					True
case118_corrected_da_dcopf_seed901_N1000_lop0008	corrected_da_dcopf	901	901	902	1	109			dcopf	failure_label		-0.06000000000000005			-1.9991343691572183e-08		True		False		False	False	False	False	True	0.028718544999719597	0.0	dae14a430594723e1977ebf0590a8180fc5e6fa2	a5711e9763c3bfe59721550b4daaf82f755f8c77	1	0	True					True
case118_corrected_da_dcopf_seed901_N1000_lop0008	corrected_da_dcopf	901	901	902	1	110			dcopf	failure_label		-0.06000000000000005			-2.012741928680839e-08		True		False		False	False	False	False	True	0.029726541994023137	0.0	25d2ced3e6ff07e6ad99677800a0185c0234befb	a5711e9763c3bfe59721550b4daaf82f755f8c77	1	0	True					True
case118_corrected_da_dcopf_seed901_N1000_lop0008	corrected_da_dcopf	901	901	902	1	111			dcopf	failure_label		-0.06000000000000005			-2.0254885768622444e-08		True		False		False	False	False	False	True	0.02815236999595072	0.0	8275aae0a8660cb53510d9be400d1567d53fb7a4	937a29263861138b210cafe0d28532c30072e00a	2	1	True					True
case118_corrected_da_dcopf_seed901_N1000_lop0008	corrected_da_dcopf	901	901	902	1	112			dcopf	failure_label		-0.06000000000000005			-2.036274082684031e-08		True		False		False	False	False	False	True	0.030549465998774394	0.0	3e89d6c62c9f612f310df653fde04a4e1254c654	8722bf5eb2317e4f8afb187e5f4efe771eed23b7	1	1	True					True
case118_corrected_da_dcopf_seed901_N1000_lop0008	corrected_da_dcopf	901	901	902	1	113			dcopf	failure_label		-0.06000000000000005			-2.0454785198964487e-08		True		False		False	False	False	False	True	0.029426946013700217	0.0	a3b0a968a956d9c482c29d650dfbd670cb254bb0	7039b00f33c1109f61f5e0d92bcbd108a3c4c21d	2	3	True					True
case118_corrected_da_dcopf_seed901_N1000_lop0008	corrected_da_dcopf	901	901	902	1	114			dcopf	failure_label		-0.06000000000000005			-2.0485565022099195e-08		True		False		False	False	False	False	True	0.027373502001864836	0.0	81f53e465b31787c655b245af9a542a55d04a8ba	bb7dd94d4c3ee2d4e40c2148e5905e3e3fa32a56	1	2	True					True
case118_corrected_da_dcopf_seed901_N1000_lop0008	corrected_da_dcopf	901	901	902	1	115			dcopf	failure_label		-0.06000000000000005			-2.052581482558935e-08		True		False		False	False	False	False	True	0.02937282698985655	0.0	ac1ed0b798f77d106929b081dfde96993db674f3	e0729927bf04dbfb9140653bf5d30d20986be22d	1	2	True					True
case118_corrected_da_dcopf_seed901_N1000_lop0008	corrected_da_dcopf	901	901	902	1	116			dcopf	failure_label		-0.06000000000000005			-2.0556628399504007e-08		True		False		False	False	False	False	True	0.03332622798916418	0.0	a5711e9763c3bfe59721550b4daaf82f755f8c77	b339717ea27502fa4222f660cf785e074dd99eda	0	1	True					True
case118_corrected_da_dcopf_seed901_N1000_lop0008	corrected_da_dcopf	901	901	902	1	117			dcopf	failure_label		-0.06000000000000005			-2.0556628399504007e-08		True		False		False	False	False	False	True	0.03446068300399929	0.0	a5711e9763c3bfe59721550b4daaf82f755f8c77	a015517475564950c22fb90215c7be13046ecad6	0	1	True					True
case118_corrected_da_dcopf_seed901_N1000_lop0008	corrected_da_dcopf	901	901	902	1	118			dcopf	failure_label		-0.06000000000000005			-2.0556628399504007e-08		True		False		False	False	False	False	True	0.02832990301249083	0.0	a5711e9763c3bfe59721550b4daaf82f755f8c77	92fbfb6dc19d0fe2973456e3a5a4080588f5f8a4	0	1	True					True
case118_corrected_da_dcopf_seed901_N1000_lop0008	corrected_da_dcopf	901	901	902	1	119			dcopf	failure_label		-0.06000000000000005			-2.0556628399504007e-08		True		False		False	False	False	False	True	0.027706327993655577	0.0	a5711e9763c3bfe59721550b4daaf82f755f8c77	05efdd96cc44f4321e0ff03f541d6c4d7ecb219d	0	1	True					True
case118_corrected_da_dcopf_seed901_N1000_lop0008	corrected_da_dcopf	901	901	902	1	120			dcopf	failure_label		inf	-0.06000000000000005	True	-2.0556628399504007e-08	inf	True	False	False	True	True	False	True	True	True	0.04853493699920364	0.018936895008664578	a5711e9763c3bfe59721550b4daaf82f755f8c77	c0bf4b0ce29660d841905f5ebb7546c50196fc8b	0	1	False					False
case118_corrected_da_dcopf_seed901_N1000_lop0008	corrected_da_dcopf	901	901	902	1	121			dcopf	failure_label		-0.06000000000000005			-2.0556628399504007e-08		True		False		False	False	False	False	True	0.0277596289961366	0.0	a5711e9763c3bfe59721550b4daaf82f755f8c77	5c80efa894c094be32aac2b539532fbd1a8442a4	0	1	True					True
case118_corrected_da_dcopf_seed901_N1000_lop0008	corrected_da_dcopf	901	901	902	1	122			dcopf	failure_label		-0.06000000000000005			-2.0556628399504007e-08		True		False		False	False	False	False	True	0.026426342999911867	0.0	a5711e9763c3bfe59721550b4daaf82f755f8c77	8badec8e21e478a7625683bbc7c81d5b73dd72d7	0	1	True					True
case118_corrected_da_dcopf_seed901_N1000_lop0008	corrected_da_dcopf	901	901	902	1	123			dcopf	failure_label		-0.06000000000000005			-2.0556628399504007e-08		True		False		False	False	False	False	True	0.027339146996382624	0.0	a5711e9763c3bfe59721550b4daaf82f755f8c77	8ec89480a00339bb133b3b17232c46d8da496909	0	1	True					True
case118_corrected_da_dcopf_seed901_N1000_lop0008	corrected_da_dcopf	901	901	902	1	124			dcopf	failure_label		-0.06000000000000005			-2.0556628399504007e-08		True		False		False	False	False	False	True	0.026067177997902036	0.0	a5711e9763c3bfe59721550b4daaf82f755f8c77	bddf07e8a7c89a8d78809824445915777f306e5b	0	1	True					True
case118_corrected_da_dcopf_seed901_N1000_lop0008	corrected_da_dcopf	901	901	902	1	125			dcopf	failure_label		-0.06000000000000005			-2.0556628399504007e-08		True		False		False	False	False	False	True	0.026432251994265243	0.0	a5711e9763c3bfe59721550b4daaf82f755f8c77	6df2ee328626704649d4c9c53a422aefb1460bc7	0	1	True					True
case118_corrected_da_dcopf_seed901_N1000_lop0008	corrected_da_dcopf	901	901	902	1	126			dcopf	failure_label		-0.06000000000000005			-2.0556628399504007e-08		True		False		False	False	False	False	True	0.026684850003221072	0.0	a5711e9763c3bfe59721550b4daaf82f755f8c77	01da1fa216ae7c5df70cb30bd510c157c22da890	0	1	True					True
case118_corrected_da_dcopf_seed901_N1000_lop0008	corrected_da_dcopf	901	901	902	1	127			dcopf	failure_label		-0.06000000000000005			-2.0556628399504007e-08		True		False		False	False	False	False	True	0.026866567000979558	0.0	a5711e9763c3bfe59721550b4daaf82f755f8c77	d2b03ef808168cbddfc703d06b4fc8b02f0a6692	0	1	True					True
case118_corrected_da_dcopf_seed901_N1000_lop0008	corrected_da_dcopf	901	901	902	1	128			dcopf	failure_label		-0.06000000000000005			-2.0556628399504007e-08		True		False		False	False	False	False	True	0.028169757992145605	0.0	a5711e9763c3bfe59721550b4daaf82f755f8c77	09925af4bdee6816e7a0b671ad04479142175bfb	0	1	True					True
case118_corrected_da_dcopf_seed901_N1000_lop0008	corrected_da_dcopf	901	901	902	1	129			dcopf	failure_label		-0.06000000000000005			-2.0556628399504007e-08		True		False		False	False	False	False	True	0.027949240000452846	0.0	a5711e9763c3bfe59721550b4daaf82f755f8c77	ead7849a47d509cb71fc3e2af693cf5fec59d3ad	0	1	True					True
case118_corrected_da_dcopf_seed901_N1000_lop0008	corrected_da_dcopf	901	901	902	1	130			dcopf	failure_label		-0.06000000000000005			-2.0556628399504007e-08		True		False		False	False	False	False	True	0.02759831299772486	0.0	a5711e9763c3bfe59721550b4daaf82f755f8c77	db9b853e6e42f254e243acea249ec9fdfd56c210	0	1	True					True
case118_corrected_da_dcopf_seed901_N1000_lop0008	corrected_da_dcopf	901	901	902	1	131			dcopf	failure_label		-0.06000000000000005			-2.0556628399504007e-08		True		False		False	False	False	False	True	0.028298843011725694	0.0	a5711e9763c3bfe59721550b4daaf82f755f8c77	afdd1a1e3fe0fa0eb5508b640fee1288c97a1294	0	1	True					True
case118_corrected_da_dcopf_seed901_N1000_lop0008	corrected_da_dcopf	901	901	902	1	132			dcopf	failure_label		-0.06000000000000005			-2.0556628399504007e-08		True		False		False	False	False	False	True	0.0350308170018252	0.0	a5711e9763c3bfe59721550b4daaf82f755f8c77	ded191f1368d4dda2400a092b83937e10428f638	0	1	True					True
case118_corrected_da_dcopf_seed901_N1000_lop0008	corrected_da_dcopf	901	901	902	1	133			dcopf	failure_label		-0.06000000000000005			-2.0556628399504007e-08		True		False		False	False	False	False	True	0.030134065993479453	0.0	a5711e9763c3bfe59721550b4daaf82f755f8c77	3f4a1e16f50469edccf21fe05dd21f7e8c768a41	0	1	True					True
case118_corrected_da_dcopf_seed901_N1000_lop0008	corrected_da_dcopf	901	901	902	1	134			dcopf	failure_label		-0.06000000000000005			-2.0556628399504007e-08		True		False		False	False	False	False	True	0.030228388990508392	0.0	a5711e9763c3bfe59721550b4daaf82f755f8c77	014d485c936ca42ef6ada007258b02b0ee20ccdc	0	1	True					True
case118_corrected_da_dcopf_seed901_N1000_lop0008	corrected_da_dcopf	901	901	902	1	135			dcopf	failure_label		-0.06000000000000005			-2.0556628399504007e-08		True		False		False	False	False	False	True	0.029206054998212494	0.0	a5711e9763c3bfe59721550b4daaf82f755f8c77	a9f2eb2f4783306a6ce4d009b5e33a68bbf2b00a	0	1	True					True
case118_corrected_da_dcopf_seed901_N1000_lop0008	corrected_da_dcopf	901	901	902	1	136			dcopf	failure_label		-0.06000000000000005			-2.0556628399504007e-08		True		False		False	False	False	False	True	0.02838397800223902	0.0	a5711e9763c3bfe59721550b4daaf82f755f8c77	fd21a513778f6b3fababdfe67310dc5ca2f2ca89	0	1	True					True
case118_corrected_da_dcopf_seed901_N1000_lop0008	corrected_da_dcopf	901	901	902	1	137			dcopf	failure_label		-0.06000000000000005			-2.0556628399504007e-08		True		False		False	False	False	False	True	0.02652842200768646	0.0	a5711e9763c3bfe59721550b4daaf82f755f8c77	57a23e5ff69f29e278b5e5c41e0b4db6c1e980ca	0	1	True					True
case118_corrected_da_dcopf_seed901_N1000_lop0008	corrected_da_dcopf	901	901	902	1	138			dcopf	failure_label		-0.06000000000000005			-2.0556628399504007e-08		True		False		False	False	False	False	True	0.02783764099876862	0.0	a5711e9763c3bfe59721550b4daaf82f755f8c77	553227550c9d1ec7c61d1c2f9d8f1d6c27a468db	0	1	True					True
case118_corrected_da_dcopf_seed901_N1000_lop0008	corrected_da_dcopf	901	901	902	1	139			dcopf	failure_label		inf	-0.06000000000000005	True	-2.0556628399504007e-08	inf	True	False	False	True	True	False	True	True	True	0.050503827005741186	0.018248836990096606	a5711e9763c3bfe59721550b4daaf82f755f8c77	4f7e41e08e4efee8a272f50d1fc5095fcea5e16b	0	1	False					False
case118_corrected_da_dcopf_seed901_N1000_lop0008	corrected_da_dcopf	901	901	902	1	140			dcopf	failure_label		-0.06000000000000005			-2.0556628399504007e-08		True		False		False	False	False	False	True	0.03128213599848095	0.0	a5711e9763c3bfe59721550b4daaf82f755f8c77	d2b03ef808168cbddfc703d06b4fc8b02f0a6692	0	1	True					True
case118_corrected_da_dcopf_seed901_N1000_lop0008	corrected_da_dcopf	901	901	902	1	141			dcopf	failure_label		-0.06000000000000005			-2.0556628399504007e-08		True		False		False	False	False	False	True	0.030436771994573064	0.0	a5711e9763c3bfe59721550b4daaf82f755f8c77	7bf8cd26c2dc6af537bb466c7d5cb94a3c34d662	0	1	True					True
case118_corrected_da_dcopf_seed901_N1000_lop0008	corrected_da_dcopf	901	901	902	1	142			dcopf	failure_label		-0.06000000000000005			-2.0556628399504007e-08		True		False		False	False	False	False	True	0.02820388801046647	0.0	a5711e9763c3bfe59721550b4daaf82f755f8c77	3f4a1e16f50469edccf21fe05dd21f7e8c768a41	0	1	True					True
case118_corrected_da_dcopf_seed901_N1000_lop0008	corrected_da_dcopf	901	901	902	1	143			dcopf	failure_label		-0.06000000000000005			-2.0556628399504007e-08		True		False		False	False	False	False	True	0.028036745003191754	0.0	a5711e9763c3bfe59721550b4daaf82f755f8c77	f7eeaef8436b52330af23c5487b32191b12abc39	0	1	True					True
case118_corrected_da_dcopf_seed901_N1000_lop0008	corrected_da_dcopf	901	901	902	1	144			dcopf	failure_label		inf	-0.06000000000000005	True	-2.0556628399504007e-08	inf	True	False	False	True	True	False	True	True	True	0.04927686200244352	0.017839997992268763	a5711e9763c3bfe59721550b4daaf82f755f8c77	c0bf4b0ce29660d841905f5ebb7546c50196fc8b	0	1	False					False
case118_corrected_da_dcopf_seed901_N1000_lop0008	corrected_da_dcopf	901	901	902	1	145			dcopf	failure_label		-0.06000000000000005			-2.0556628399504007e-08		True		False		False	False	False	False	True	0.025795413996092975	0.0	a5711e9763c3bfe59721550b4daaf82f755f8c77	2ee16daf18d968e1bbe495ee829ad1606e7573dd	0	1	True					True
case118_corrected_da_dcopf_seed901_N1000_lop0008	corrected_da_dcopf	901	901	902	1	146			dcopf	failure_label		-0.06000000000000005			-2.0556628399504007e-08		True		False		False	False	False	False	True	0.02680560201406479	0.0	a5711e9763c3bfe59721550b4daaf82f755f8c77	b9a27cdc72a974e68f6d052bc644069ab850954d	0	1	True					True
case118_corrected_da_dcopf_seed901_N1000_lop0008	corrected_da_dcopf	901	901	902	1	147			dcopf	failure_label		-0.06000000000000005			-2.0556628399504007e-08		True		False		False	False	False	False	True	0.02724392499658279	0.0	a5711e9763c3bfe59721550b4daaf82f755f8c77	620d956a7a61abc8b2eb153452eeb6c034fe7a83	0	1	True					True
case118_corrected_da_dcopf_seed901_N1000_lop0008	corrected_da_dcopf	901	901	902	1	148			dcopf	failure_label		-0.06000000000000005			-2.0556628399504007e-08		True		False		False	False	False	False	True	0.02703550099977292	0.0	a5711e9763c3bfe59721550b4daaf82f755f8c77	920041f67f3b082428386de42dd9981148225200	0	1	True					True
case118_corrected_da_dcopf_seed901_N1000_lop0008	corrected_da_dcopf	901	901	902	1	149			dcopf	failure_label		-0.06000000000000005			-2.0556628399504007e-08		True		False		False	False	False	False	True	0.028459402004955336	0.0	a5711e9763c3bfe59721550b4daaf82f755f8c77	d8237aa469187b1435779003332c9da21098eb4a	0	1	True					True
case118_corrected_da_dcopf_seed901_N1000_lop0008	corrected_da_dcopf	901	901	902	1	150			dcopf	failure_label		-0.06000000000000005			-2.0556628399504007e-08		True		False		False	False	False	False	True	0.026952358995913528	0.0	a5711e9763c3bfe59721550b4daaf82f755f8c77	db9b853e6e42f254e243acea249ec9fdfd56c210	0	1	True					True
case118_corrected_da_dcopf_seed901_N1000_lop0008	corrected_da_dcopf	901	901	902	1	151			dcopf	failure_label		inf	inf	False	inf	inf	False	False	True	True	True	False	False	True	True	0.04404173600778449	0.01870126799622085	a133cbb75a9bcbe2271cac8dfb5b932d630d6660	e8e0dd34d2b302e9c3e068cc3c66df155983e074	3	4	False					False
case118_corrected_da_dcopf_seed901_N1000_lop0008	corrected_da_dcopf	901	901	902	1	152			dcopf	failure_label		-0.06000000000000005			inf		False		True		False	False	False	False	True	0.02649954600201454	0.0	f340c3147bc0f347c9960ca223e90667d51aa6fb	bdb327fbfdfce108b5c0798df12dcc0912eff59e	2	2	True					True
case118_corrected_da_dcopf_seed901_N1000_lop0008	corrected_da_dcopf	901	901	902	1	153			dcopf	failure_label		inf	inf	False	inf	inf	False	False	True	True	True	True	False	True	True	0.04525444100727327	0.020952228995156474	f909b09481a05f04cd211bf06e6123c1dabbf6f4	795bd2ff11d449e4a77412ea1ec81c036b9beb4d	3	2	False					False
case118_corrected_da_dcopf_seed901_N1000_lop0008	corrected_da_dcopf	901	901	902	1	154			dcopf	failure_label		inf	inf	False	inf	inf	False	False	True	True	True	True	False	True	True	0.04541478300234303	0.02109621200361289	3df1bd1df2d7f390623cac526847aaa5008060fe	e8149cc9dc2b00fc0ab458a87d06c24c97fd7eca	2	2	False					False
case118_corrected_da_dcopf_seed901_N1000_lop0008	corrected_da_dcopf	901	901	902	1	155			dcopf	failure_label		-0.06000000000000005			inf		False		True		False	False	False	False	True	0.029616207000799477	0.0	4e4c35954118b19acd43d2529716a50684a8fbb0	03ca6e823411be5864131e292e4b4190f59ce68d	2	2	True					True
case118_corrected_da_dcopf_seed901_N1000_lop0008	corrected_da_dcopf	901	901	902	1	156			dcopf	failure_label		inf	inf	False	inf	inf	False	False	True	True	True	True	False	True	True	0.04421417598496191	0.019382326005143113	e58de1cc463deacf2d2e0ac22619676ea8d899df	d569761829b749374f05d8bd4033eb1f9764a2b0	3	2	False					False
case118_corrected_da_dcopf_seed901_N1000_lop0008	corrected_da_dcopf	901	901	902	1	157			dcopf	failure_label		inf	inf	False	inf	inf	False	False	True	True	True	False	False	True	True	0.049147591009386815	0.019432847999269143	ede6810e5f99334cdd15bc676082ee4b2b568fcb	fc6d53f3255ea5dbaa02fc3524ca68b3ddbd4b05	3	4	False					False
case118_corrected_da_dcopf_seed901_N1000_lop0008	corrected_da_dcopf	901	901	902	1	158			dcopf	failure_label		inf	inf	False	inf	inf	False	False	True	True	True	True	False	True	True	0.044246680990909226	0.017778123990865424	c8b356db186cee0719bbb4951e73d722fe166384	5384f0f764f0c66c4c5a735834cf5fad2f82bb9d	5	6	False					False
case118_corrected_da_dcopf_seed901_N1000_lop0008	corrected_da_dcopf	901	901	902	1	159			dcopf	failure_label		-0.06000000000000005			inf		False		True		False	False	False	False	True	0.028050091990735382	0.0	fc9d2cac0b754b065bfa75b2ffccc8ab5cc73454	2017f8523263bbd6778f4c0a920bf23d10008cdc	2	1	True					True
case118_corrected_da_dcopf_seed901_N1000_lop0008	corrected_da_dcopf	901	901	902	1	160			dcopf	failure_label		inf	inf	False	inf	inf	False	False	True	True	True	True	False	True	True	0.043144163995748386	0.017954946000827476	2a1ee623e823b70db6535f92e7684003bc4303e5	2552a8c16d5e5604906fc80b6004bce7c4fdd741	1	2	False					False
case118_corrected_da_dcopf_seed901_N1000_lop0008	corrected_da_dcopf	901	901	902	1	161			dcopf	failure_label		inf	inf	False	inf	inf	False	False	True	True	True	True	False	True	True	0.04454388799786102	0.017973433001316153	5763a7d9272d2e8872457e1a8d3cb7e6c52626fb	7db582a12f59d58be1eac34d680353223d2d7c08	3	3	False					False
case118_corrected_da_dcopf_seed901_N1000_lop0008	corrected_da_dcopf	901	901	902	1	162			dcopf	failure_label		inf	inf	False	inf	inf	False	False	True	True	True	False	False	True	True	0.04294804400706198	0.02002097701188177	75924ba21eb1ce4d621af7c2603cce33f0c6b4cb	d2a112feabcd09cc9008c4cf37080a4ba1d519ce	3	4	False					False
case118_corrected_da_dcopf_seed901_N1000_lop0008	corrected_da_dcopf	901	901	902	1	163			dcopf	failure_label		-0.06000000000000005			inf		False		True		False	False	False	False	True	0.028777985004126094	0.0	c1c8335e60d18f36de2f88f5fffb7b46faf1585e	a5711e9763c3bfe59721550b4daaf82f755f8c77	1	0	True					True
case118_corrected_da_dcopf_seed901_N1000_lop0008	corrected_da_dcopf	901	901	902	1	164			dcopf	failure_label		-0.06000000000000005			inf		False		True		False	False	False	False	True	0.030651049004518427	0.0	fa8ea0e4a3b06249611213013e48825cf8dc40e7	67294935cb3c272bbf528c39b1f5fb05badcbf9a	1	1	True					True
case118_corrected_da_dcopf_seed901_N1000_lop0008	corrected_da_dcopf	901	901	902	1	165			dcopf	failure_label		inf	inf	False	inf	inf	False	False	True	True	True	True	False	True	True	0.04443997899943497	0.019055816999753006	ff15a32d43b4d684d6a4eeaa673bbe024c3d9b3f	f64eaef486b0731518fcde617dcd9c50484e4787	3	4	False					False
case118_corrected_da_dcopf_seed901_N1000_lop0008	corrected_da_dcopf	901	901	902	1	166			dcopf	failure_label		inf	inf	False	inf	inf	False	False	True	True	True	True	False	True	True	0.04474903200753033	0.019848427997203544	d966aa3743a755f322ddcea5980392c023d9a782	820ce6de6220d4f09d0a7c545a1b227cad81c3ea	2	3	False					False
case118_corrected_da_dcopf_seed901_N1000_lop0008	corrected_da_dcopf	901	901	902	1	167			dcopf	failure_label		inf	inf	False	inf	inf	False	False	True	True	True	True	False	True	True	0.04775761501514353	0.019596395999542437	2572e846accda710a9938b6d6cde14b0a3fcebf4	2a1ee623e823b70db6535f92e7684003bc4303e5	2	1	False					False
case118_corrected_da_dcopf_seed901_N1000_lop0008	corrected_da_dcopf	901	901	902	1	168			dcopf	failure_label		inf	inf	False	inf	inf	False	False	True	True	True	True	False	True	True	0.04286829799821135	0.01902750700537581	83812d29cbe4a70c243cd510d41acd5f86f48600	7f3708255f63dab02797383c43f8fe57e5c55c4e	1	2	False					False
case118_corrected_da_dcopf_seed901_N1000_lop0008	corrected_da_dcopf	901	901	902	1	169			dcopf	failure_label		inf	inf	False	inf	inf	False	False	True	True	True	True	False	True	True	0.046404274995438755	0.01965416400344111	d8f20d6f19d549c87857ba8a6e6c2c3702b85e09	37ceae340b41004d34de513927a299f7027ec4cc	1	2	False					False
case118_corrected_da_dcopf_seed901_N1000_lop0008	corrected_da_dcopf	901	901	902	1	170			dcopf	failure_label		inf	inf	False	inf	inf	False	False	True	True	True	True	False	True	True	0.04417643600027077	0.018334635999053717	34481d0d868d4132cf83a34f11a0b7cf988933d5	a11c1879f9478588757442538acc844b637acd12	2	3	False					False
case118_corrected_da_dcopf_seed901_N1000_lop0008	corrected_da_dcopf	901	901	902	1	171			dcopf	failure_label		inf	inf	False	inf	inf	False	False	True	True	True	False	False	True	True	0.04195538100611884	0.01790769799845293	b84dc307f149db00a7f0dcf4b06f29623eec1e79	38a1ecec95a749e5f30b458b45d438e40a84d878	3	4	False					False
case118_corrected_da_dcopf_seed901_N1000_lop0008	corrected_da_dcopf	901	901	902	1	172			dcopf	failure_label		inf	inf	False	inf	inf	False	False	True	True	True	True	False	True	True	0.04348866900545545	0.018763446001685224	3be99dd1e9e26750c3a278cc5b361f06e5d703c2	9a3bb659357547e8e332f40459c7ba35588ace1e	5	4	False					False
case118_corrected_da_dcopf_seed901_N1000_lop0008	corrected_da_dcopf	901	901	902	1	173			dcopf	failure_label		-0.06000000000000005			inf		False		True		False	False	False	False	True	0.027226446007261984	0.0	bd186b102cf66e270b2ad06ab39d43e0166bdba9	fd21a513778f6b3fababdfe67310dc5ca2f2ca89	2	1	True					True
case118_corrected_da_dcopf_seed901_N1000_lop0008	corrected_da_dcopf	901	901	902	1	174			dcopf	failure_label		inf	inf	False	inf	inf	False	False	True	True	True	True	False	True	True	0.04213365701434668	0.01844158099265769	45f50a99f22eeae3b6e94183e6d54ea4c4819939	921fa9de7476098e47383ecdd3a039750bdbce8d	3	2	False					False
case118_corrected_da_dcopf_seed901_N1000_lop0008	corrected_da_dcopf	901	901	902	1	175			dcopf	failure_label		inf	inf	False	inf	inf	False	False	True	True	True	True	False	True	True	0.04338505399937276	0.02008245000615716	01dad8141939bc92ed3cf9e003b95b6be9c3e235	4845e6d822949f6c15f99cf479812c3ed66a5523	4	5	False					False
case118_corrected_da_dcopf_seed901_N1000_lop0008	corrected_da_dcopf	901	901	902	1	176			dcopf	failure_label		inf	inf	False	inf	inf	False	False	True	True	True	True	False	True	True	0.04246252300799824	0.018965078008477576	81fc620cdcfec4835639fe36dcaeb056beb423b6	ef8a563f63c009f263454835dbb5def9111594d5	2	3	False					False
case118_corrected_da_dcopf_seed901_N1000_lop0008	corrected_da_dcopf	901	901	902	1	177			dcopf	failure_label		-0.06000000000000005			inf		False		True		False	False	False	False	True	0.030681716991239227	0.0	7ddc7563ebeb54eeefa73641f045277551103a92	046b223b380d53b0475a5f87a52c9e4409262b85	2	2	True					True
case118_corrected_da_dcopf_seed901_N1000_lop0008	corrected_da_dcopf	901	901	902	1	178			dcopf	failure_label		inf	inf	False	inf	inf	False	False	True	True	True	False	False	True	True	0.04543909098720178	0.018946026990306564	2a868470aee0f5f34df507fcb40e92d9f5817ce3	054e6a1d64a1a59245e61255ce55652d18cb6f24	5	6	False					False
case118_corrected_da_dcopf_seed901_N1000_lop0008	corrected_da_dcopf	901	901	902	1	179			dcopf	failure_label		inf	inf	False	inf	inf	False	False	True	True	True	True	False	True	True	0.04210977100592572	0.017595943994820118	3e9ead49f578b0f0663a232b5506f95efa588aca	fc0814a58ab81c0c70f634bd90863bb38b562b00	4	3	False					False
case118_corrected_da_dcopf_seed901_N1000_lop0008	corrected_da_dcopf	901	901	902	1	180			dcopf	failure_label		inf	inf	False	inf	inf	False	False	True	True	True	False	False	True	True	0.04681021798751317	0.018633802988915704	09e2de1c32d732888f7cef2d3b7d90436c36085d	f156b6f58ee6a45fc9abe69618b9bbbb894e3b46	2	3	False					False
case118_corrected_da_dcopf_seed901_N1000_lop0008	corrected_da_dcopf	901	901	902	1	181			dcopf	failure_label		inf	inf	False	inf	inf	False	False	True	True	True	True	False	True	True	0.04656363499816507	0.01855317699664738	6a4e35737ec6eb177163c8a250123adf250d3656	0ebe8362dd16803ff33f3db2f4b584ddfaf468a4	2	3	False					False
case118_corrected_da_dcopf_seed901_N1000_lop0008	corrected_da_dcopf	901	901	902	1	182			dcopf	failure_label		inf	inf	False	inf	inf	False	False	True	True	True	True	False	True	True	0.04530762600188609	0.020609322004020214	a9509161315950d47353a66efd7d7cc5ad5cf9f8	cd5c1530e570923cd39cc0ddb8a0c715ae9bd486	3	2	False					False
case118_corrected_da_dcopf_seed901_N1000_lop0008	corrected_da_dcopf	901	901	902	1	183			dcopf	failure_label		inf	inf	False	inf	inf	False	False	True	True	True	True	False	True	True	0.04191850499773864	0.028075010995962657	da0e4bdc42a0ef9ca1459700547906b261e12cac	57464a7043e60b63dfbaa667c5afe37fb6155bbd	2	3	False					False
case118_corrected_da_dcopf_seed901_N1000_lop0008	corrected_da_dcopf	901	901	902	1	184			dcopf	failure_label		-0.06000000000000005			inf		False		True		False	False	False	False	True	0.027023039001505822	0.0	ea8ff01afc167449d90c092ac583caddc99a2878	14a05dcb6a5cdd8539d90a88479f819cae4f44df	2	2	True					True
case118_corrected_da_dcopf_seed901_N1000_lop0008	corrected_da_dcopf	901	901	902	1	185			dcopf	failure_label		-0.06000000000000005			inf		False		True		False	False	False	False	True	0.026986284996382892	0.0	8811476d6f7eceda549d54b3bb2563b4bbc697ad	1b1b12f4fd766b4210bc148ccce128e8f8096094	4	3	True					True
case118_corrected_da_dcopf_seed901_N1000_lop0008	corrected_da_dcopf	901	901	902	1	186			dcopf	failure_label		inf	inf	False	inf	inf	False	False	True	True	True	True	False	True	True	0.04484361599315889	0.020600939998985268	af0d311a96af87aea8afaf34c77a4c09cd19f8b1	df0a52696e6ba58e5410b40db78d7a3fc46e59c2	4	3	False					False
case118_corrected_da_dcopf_seed901_N1000_lop0008	corrected_da_dcopf	901	901	902	1	187			dcopf	failure_label		inf	inf	False	inf	inf	False	False	True	True	True	False	False	True	True	0.04348813799151685	0.0196009299979778	971336e2e12be848b07032e5c4c572309166e5b2	6423b68aef712ef7b63b3f11fea29a335717d71f	7	8	False					False
case118_corrected_da_dcopf_seed901_N1000_lop0008	corrected_da_dcopf	901	901	902	1	188			dcopf	failure_label		inf	inf	False	inf	inf	False	False	True	True	True	True	False	True	True	0.04910707400995307	0.020916617999318987	485964b6038666585d8d63139f85d1501585fe1c	2049e75d31b7cf46e39d8b6b033f88fd1f8acb48	4	4	False					False
case118_corrected_da_dcopf_seed901_N1000_lop0008	corrected_da_dcopf	901	901	902	1	189			dcopf	failure_label		inf	inf	False	inf	inf	False	False	True	True	True	True	False	True	True	0.04899909500090871	0.020805259002372622	bcd31b7740f9679a36dae1ff4864b83a864e7077	83812d29cbe4a70c243cd510d41acd5f86f48600	2	1	False					False
case118_corrected_da_dcopf_seed901_N1000_lop0008	corrected_da_dcopf	901	901	902	1	190			dcopf	failure_label		-0.06000000000000005			inf		False		True		False	False	False	False	True	0.02600322499347385	0.0	88b750e2f597aa31906fc259206bdd239418096b	a5711e9763c3bfe59721550b4daaf82f755f8c77	1	0	True					True
case118_corrected_da_dcopf_seed901_N1000_lop0008	corrected_da_dcopf	901	901	902	1	191			dcopf	failure_label		-0.06000000000000005			inf		False		True		False	False	False	False	True	0.027415397998993285	0.0	7da289cb0809404fc23a574119692a5e55e53d42	9d12c09e91a994b787e45a5dcfeadc041a1dcf11	2	2	True					True
case118_corrected_da_dcopf_seed901_N1000_lop0008	corrected_da_dcopf	901	901	902	1	192			dcopf	failure_label		inf	inf	False	inf	inf	False	False	True	True	True	True	False	True	True	0.038883640998392366	0.01849358699109871	b07fba9702a73b9e01c8e2db3254947480e4022e	5cd5c7a2ad9264a9b3cff1f13a8436cabd13e4a6	1	2	False					False
case118_corrected_da_dcopf_seed901_N1000_lop0008	corrected_da_dcopf	901	901	902	1	193			dcopf	failure_label		inf	inf	False	inf	inf	False	False	True	True	True	False	False	True	True	0.041961444992921315	0.018083422008203343	2ee97731c1314c91ec9c4d37d4ef6ddf7777043e	e00984da3fb1c6cc0494fbed39fd4c725c6fbe18	3	4	False					False
case118_corrected_da_dcopf_seed901_N1000_lop0008	corrected_da_dcopf	901	901	902	1	194			dcopf	failure_label		inf	inf	False	inf	inf	False	False	True	True	True	True	False	True	True	0.04584608600998763	0.028836741999839433	1edee6f62debc91c945f623c5ed2d3602f81d285	b8400dd01a5bd74017aa99796b320d47496da5f2	2	3	False					False
case118_corrected_da_dcopf_seed901_N1000_lop0008	corrected_da_dcopf	901	901	902	1	195			dcopf	failure_label		inf	inf	False	inf	inf	False	False	True	True	True	True	False	True	True	0.04493975199875422	0.01819152300595306	50503a3770faef811d5cc319574107eb51189cd2	115428ea1090a6034c44c29d58c7d24c3d158270	3	3	False					False
case118_corrected_da_dcopf_seed901_N1000_lop0008	corrected_da_dcopf	901	901	902	1	196			dcopf	failure_label		inf	inf	False	inf	inf	False	False	True	True	True	True	False	True	True	0.042262174989446066	0.018679706001421437	83812d29cbe4a70c243cd510d41acd5f86f48600	bcd31b7740f9679a36dae1ff4864b83a864e7077	1	2	False					False
case118_corrected_da_dcopf_seed901_N1000_lop0008	corrected_da_dcopf	901	901	902	1	197			dcopf	failure_label		-0.06000000000000005			inf		False		True		False	False	False	False	True	0.028386356003466062	0.0	88b750e2f597aa31906fc259206bdd239418096b	a5711e9763c3bfe59721550b4daaf82f755f8c77	1	0	True					True
case118_corrected_da_dcopf_seed901_N1000_lop0008	corrected_da_dcopf	901	901	902	1	198			dcopf	failure_label		inf	inf	False	inf	inf	False	False	True	True	True	True	False	True	True	0.047733290994074196	0.023336211990681477	3d11db35aba920cc4e9f9375d005238d99047669	428f921ebd2631c2b1448687d284d5655776af46	3	4	False					False
case118_corrected_da_dcopf_seed901_N1000_lop0008	corrected_da_dcopf	901	901	902	1	199			dcopf	failure_label		-0.06000000000000005			inf		False		True		False	False	False	False	True	0.028281194987357594	0.0	cb0b0bd6336bbc1c409b83dfd9dd62f60f8cc841	6e9fa689380d1b0bdcf70e9a677b174633f2fefc	2	2	True					True
case118_corrected_da_dcopf_seed901_N1000_lop0008	corrected_da_dcopf	901	901	902	1	200			dcopf	failure_label		-0.06000000000000005			inf		False		True		False	False	False	False	True	0.03213246600353159	0.0	4f7e41e08e4efee8a272f50d1fc5095fcea5e16b	a5711e9763c3bfe59721550b4daaf82f755f8c77	1	0	True					True
case118_corrected_da_dcopf_seed901_N1000_lop0008	corrected_da_dcopf	901	901	902	1	201			dcopf	failure_label		inf	inf	False	inf	inf	False	False	True	True	True	False	False	True	True	0.043132441001944244	0.017885118009871803	c9cad06bef88fb53f4274c68f9338490a6103a4b	522ed83d090cb897c5eb9fe9311d0f9ae173ba93	4	5	False					False
case118_corrected_da_dcopf_seed901_N1000_lop0008	corrected_da_dcopf	901	901	902	1	202			dcopf	failure_label		inf	inf	False	inf	inf	False	False	True	True	True	True	False	True	True	0.04120443000283558	0.029172477006795816	f5d725123d3ae9befc951dc3c5ca091ecf0ce9aa	c1c8335e60d18f36de2f88f5fffb7b46faf1585e	2	1	False					False
case118_corrected_da_dcopf_seed901_N1000_lop0008	corrected_da_dcopf	901	901	902	1	203			dcopf	failure_label		inf	inf	False	inf	inf	False	False	True	True	True	True	False	True	True	0.042732933987281285	0.02014111499011051	d1656278b13cb818564148179a96522e2b310480	f48ae74f9a5734f7e11511846f3d7ec0045c95eb	4	5	False					False
case118_corrected_da_dcopf_seed901_N1000_lop0008	corrected_da_dcopf	901	901	902	1	204			dcopf	failure_label		inf	inf	False	inf	inf	False	False	True	True	True	False	False	True	True	0.05189067401806824	0.022470559997600503	e0ca4f3bdb5562853fcc18c054ce840de6c1bf16	e9d72fd8b023e4a54f3c1782a20a3adb9091523d	2	3	False					False
case118_corrected_da_dcopf_seed901_N1000_lop0008	corrected_da_dcopf	901	901	902	1	205			dcopf	failure_label		inf	inf	False	inf	inf	False	False	True	True	True	False	False	True	True	0.05110060299921315	0.020291359003749676	141ba8e51543f6e0050443dddeb17125cfbcca74	67bac9b377afeb892e93879748db072df55578e6	4	5	False					False
case118_corrected_da_dcopf_seed901_N1000_lop0008	corrected_da_dcopf	901	901	902	1	206			dcopf	failure_label		inf	inf	False	inf	inf	False	False	True	True	True	True	False	True	True	0.04917470600048546	0.020104930008528754	46ca7831a4e8446aa152bb677ecffae2d5dbc1af	4d525a82dd1e2dae2cc526abff9f81788dda772d	4	3	False					False
case118_corrected_da_dcopf_seed901_N1000_lop0008	corrected_da_dcopf	901	901	902	1	207			dcopf	failure_label		inf	inf	False	inf	inf	False	False	True	True	True	True	False	True	True	0.042248460013070144	0.019268972988356836	663a5de65e1922b05f0a3b9a3c5aad32190eeb96	a2a564e208fc9ab03f13ec8768f9e4ee4309e6a5	2	3	False					False
case118_corrected_da_dcopf_seed901_N1000_lop0008	corrected_da_dcopf	901	901	902	1	208			dcopf	failure_label		inf	inf	False	inf	inf	False	False	True	True	True	True	False	True	True	0.04336462198989466	0.019278047009720467	f163a4ba09247af301e6b4f216519ffa0aae2701	29cb56bc15babd883a5c0387bc4aad3f0f168d51	9	10	False					False
case118_corrected_da_dcopf_seed901_N1000_lop0008	corrected_da_dcopf	901	901	902	1	209			dcopf	failure_label		-0.06000000000000005			inf		False		True		False	False	False	False	True	0.028726899006869644	0.0	88b750e2f597aa31906fc259206bdd239418096b	a7874a1d09f45fed0a79cd9da0af3d187ee26ccd	1	1	True					True
case118_corrected_da_dcopf_seed901_N1000_lop0008	corrected_da_dcopf	901	901	902	1	210			dcopf	failure_label		inf	inf	False	inf	inf	False	False	True	True	True	True	False	True	True	0.04221979700378142	0.021678902994608507	0c749cbfecc6d660791a8e0c884020591e6c6fca	b07fba9702a73b9e01c8e2db3254947480e4022e	2	1	False					False
case118_corrected_da_dcopf_seed901_N1000_lop0008	corrected_da_dcopf	901	901	902	1	211			dcopf	failure_label		inf	inf	False	inf	inf	False	False	True	True	True	True	False	True	True	0.04498821901506744	0.02155551899340935	c5d0f499b82aee5a390b687dfc79cfdf483c036f	ae8c929dea0fddf962b0a871c675a5d63c5d86f2	2	2	False					False
case118_corrected_da_dcopf_seed901_N1000_lop0008	corrected_da_dcopf	901	901	902	1	212			dcopf	failure_label		inf	inf	False	inf	inf	False	False	True	True	True	True	False	True	True	0.04633594500774052	0.01939246099209413	54500f66c0a8fb385862502bed72a5cd9f0ba3bc	69420a4ec2762883a5ae565c021e3f69c52a70e8	2	2	False					False
case118_corrected_da_dcopf_seed901_N1000_lop0008	corrected_da_dcopf	901	901	902	1	213			dcopf	failure_label		-0.06000000000000005			inf		False		True		False	False	False	False	True	0.028553702009958215	0.0	c0bf4b0ce29660d841905f5ebb7546c50196fc8b	a5711e9763c3bfe59721550b4daaf82f755f8c77	1	0	True					True
case118_corrected_da_dcopf_seed901_N1000_lop0008	corrected_da_dcopf	901	901	902	1	214			dcopf	failure_label		-0.06000000000000005			inf		False		True		False	False	False	False	True	0.025843365991022438	0.0	c0bf4b0ce29660d841905f5ebb7546c50196fc8b	a5711e9763c3bfe59721550b4daaf82f755f8c77	1	0	True					True
case118_corrected_da_dcopf_seed901_N1000_lop0008	corrected_da_dcopf	901	901	902	1	215			dcopf	failure_label		inf	inf	False	inf	inf	False	False	True	True	True	False	False	True	True	0.042824561009183526	0.019168497005011886	fa8ea0e4a3b06249611213013e48825cf8dc40e7	563df8b06da50ea33e2401d1ac9f084e53a29f2e	1	2	False					False
case118_corrected_da_dcopf_seed901_N1000_lop0008	corrected_da_dcopf	901	901	902	1	216			dcopf	failure_label		-0.06000000000000005			-8.447316401927196e-09		True		False		False	False	False	False	True	0.029016485990723595	0.0	f21df2deac5c2c5470631ace59cc1bcce3957a97	a5711e9763c3bfe59721550b4daaf82f755f8c77	1	0	True					True
case118_corrected_da_dcopf_seed901_N1000_lop0008	corrected_da_dcopf	901	901	902	1	217			dcopf	failure_label		-0.06000000000000005			-8.992997013734794e-09		True		False		False	False	False	False	True	0.027109014001325704	0.0	b0f14e8dcc508b7e314c03faec41bd04c763fc05	b4ab026666d1adef9704171fbad4977c8c8ac150	3	4	True					True
case118_corrected_da_dcopf_seed901_N1000_lop0008	corrected_da_dcopf	901	901	902	1	218			dcopf	failure_label		-0.06000000000000005			-9.576032633518139e-09		True		False		False	False	False	False	True	0.030224457994336262	0.0	c432d3a067615148e350b038a48e5d89b0fd99cc	f1e4a59b45b3792c24e75c25deed10661243c938	2	3	True					True
case118_corrected_da_dcopf_seed901_N1000_lop0008	corrected_da_dcopf	901	901	902	1	219			dcopf	failure_label		-0.06000000000000005			-9.744608009398803e-09		True		False		False	False	False	False	True	0.03133596699626651	0.0	96be00633911b8da49861b97da01834f0053140d	f068c168d6d7f712853d39baeeaf26ed3021c808	3	3	True					True
case118_corrected_da_dcopf_seed901_N1000_lop0008	corrected_da_dcopf	901	901	902	1	220			dcopf	failure_label		-0.06000000000000005			-9.757303853774602e-09		True		False		False	False	False	False	True	0.030649496999103576	0.0	a7d509227fa2514bc6f2ad5c87669fba5b50db51	6f607b8cfcfea019dee3e2f9c29c3175e4234e66	2	1	True					True
case118_corrected_da_dcopf_seed901_N1000_lop0008	corrected_da_dcopf	901	901	902	1	221			dcopf	failure_label		-0.06000000000000005			-1.0080948742441365e-08		True		False		False	False	False	False	True	0.028829356000642292	0.0	31b4290b746a6ba5702eae478856ffa9fd756345	5d731a1c50222076c5a2e951a60da4bcf84dee9a	2	3	True					True
case118_corrected_da_dcopf_seed901_N1000_lop0008	corrected_da_dcopf	901	901	902	1	222			dcopf	failure_label		-0.06000000000000005			-1.1582442560609252e-08		True		False		False	False	False	False	True	0.028660651005338877	0.0	28f5fec4df7997a242ef30cca1248e735a675180	ff43190ca9ed5d514cb7da5363a5cd8395445935	2	2	True					True
case118_corrected_da_dcopf_seed901_N1000_lop0008	corrected_da_dcopf	901	901	902	1	223			dcopf	failure_label		-0.06000000000000005			-1.2236550661626211e-08		True		False		False	False	False	False	True	0.02543465000053402	0.0	4c046ea6eeb2dac1266e75a02fdb79b36172e30c	d372e246810d8b64cbd124cb01bee3dac1b30855	2	2	True					True
case118_corrected_da_dcopf_seed901_N1000_lop0008	corrected_da_dcopf	901	901	902	1	224			dcopf	failure_label		-0.06000000000000005			-1.2336584198635592e-08		True		False		False	False	False	False	True	0.03125236299820244	0.0	d688a48bb91efc67fd0be207bba91ea872fa3719	475c5a0889d67c41c9af88dc3bd22f853085af03	4	3	True					True
case118_corrected_da_dcopf_seed901_N1000_lop0008	corrected_da_dcopf	901	901	902	1	225			dcopf	failure_label		-0.06000000000000005			-1.4440176387964243e-08		True		False		False	False	False	False	True	0.02768504100095015	0.0	bfb145f247b780c8ac7a9c5c321947b5d3068058	ad1a5b91f8e8396aba4ba5a6162a23ad7816bbe7	2	3	True					True
case118_corrected_da_dcopf_seed901_N1000_lop0008	corrected_da_dcopf	901	901	902	1	226			dcopf	failure_label		-0.06000000000000005			-1.460037513112411e-08		True		False		False	False	False	False	True	0.02982764900662005	0.0	1f31d79f8046f83a327e2eeec998fe1b264f38d7	deecc53c1c4f3bd033ec3a6154a041b4873c968f	2	3	True					True
case118_corrected_da_dcopf_seed901_N1000_lop0008	corrected_da_dcopf	901	901	902	1	227			dcopf	failure_label		-0.06000000000000005			-1.577177588529821e-08		True		False		False	False	False	False	True	0.030782055007875897	0.0	02de28396aae69a4df9a721d1591b6a4a9fbd378	b28682cd91f1b7eaee8729c184dfe9fab612d062	2	3	True					True
case118_corrected_da_dcopf_seed901_N1000_lop0008	corrected_da_dcopf	901	901	902	1	228			dcopf	failure_label		-0.06000000000000005			-1.6029168881104283e-08		True		False		False	False	False	False	True	0.028852786010247655	0.0	ff27949f833d63d988a4d1c52d74b34607b89112	f505c0b7266467adea5a77561bc5e2af622e9d47	2	2	True					True
case118_corrected_da_dcopf_seed901_N1000_lop0008	corrected_da_dcopf	901	901	902	1	229			dcopf	failure_label		-0.06000000000000005			-1.690827988731769e-08		True		False		False	False	False	False	True	0.029538425005739555	0.0	67957080805fb0b7db19faa554a070fbed84a0dd	63d4d40ac8c99b24e3d44b57c18a7169e445b2f8	3	2	True					True
case118_corrected_da_dcopf_seed901_N1000_lop0008	corrected_da_dcopf	901	901	902	1	230			dcopf	failure_label		-0.06000000000000005			-1.700364715695457e-08		True		False		False	False	False	False	True	0.028680103991064243	0.0	00374f71549b0f629e07c4072d1c74a654a5f946	e3edd0c2569545abc02be41985cc052a49d557a9	2	2	True					True
case118_corrected_da_dcopf_seed901_N1000_lop0008	corrected_da_dcopf	901	901	902	1	231			dcopf	failure_label		-0.06000000000000005			-1.7050555412012613e-08		True		False		False	False	False	False	True	0.030865150998579338	0.0	779736aa1be996cb9523b62f9be49a3887fc98b2	aa2967fe1b663336145ea939dabbb8a9081ab00f	1	1	True					True
case118_corrected_da_dcopf_seed901_N1000_lop0008	corrected_da_dcopf	901	901	902	1	232			dcopf	failure_label		-0.06000000000000005			-1.7050555412012613e-08		True		False		False	False	False	False	True	0.030614872011938132	0.0	779736aa1be996cb9523b62f9be49a3887fc98b2	a5711e9763c3bfe59721550b4daaf82f755f8c77	1	0	True					True
case118_corrected_da_dcopf_seed901_N1000_lop0008	corrected_da_dcopf	901	901	902	1	233			dcopf	failure_label		-0.06000000000000005			-1.717488817831736e-08		True		False		False	False	False	False	True	0.030365120008355007	0.0	3fe2535a6f69a580a60a14b0dedc22de6e35d816	a5d67db4ab879bdcee2c8b005ec9db6ff348b21b	2	2	True					True
case118_corrected_da_dcopf_seed901_N1000_lop0008	corrected_da_dcopf	901	901	902	1	234			dcopf	failure_label		-0.06000000000000005			-1.7177267608303737e-08		True		False		False	False	False	False	True	0.03180232099839486	0.0	bda73d3361d5eda471ad67cbb8d14648668b982d	a5711e9763c3bfe59721550b4daaf82f755f8c77	1	0	True					True
case118_corrected_da_dcopf_seed901_N1000_lop0008	corrected_da_dcopf	901	901	902	1	235			dcopf	failure_label		-0.06000000000000005			-1.729247101067699e-08		True		False		False	False	False	False	True	0.030451020007603802	0.0	77db482a79bed82628d4772acfa4b1c57dcd6228	6bdc8c5542221a9a2b57e3d87bf801a93c2329c8	2	3	True					True
case118_corrected_da_dcopf_seed901_N1000_lop0008	corrected_da_dcopf	901	901	902	1	236			dcopf	failure_label		-0.06000000000000005			-1.7548009711987334e-08		True		False		False	False	False	False	True	0.030690068000694737	0.0	ff82f38a072fdd30b693de3876358c7105948753	9fa5a9652793a56802918f010c695328e949b406	2	3	True					True
case118_corrected_da_dcopf_seed901_N1000_lop0008	corrected_da_dcopf	901	901	902	1	237			dcopf	failure_label		-0.06000000000000005			-1.7608037250482766e-08		True		False		False	False	False	False	True	0.03196672500052955	0.0	07d43061de8f8bf3cfd9fe0e1c667352d6ef0999	a5711e9763c3bfe59721550b4daaf82f755f8c77	1	0	True					True
case118_corrected_da_dcopf_seed901_N1000_lop0008	corrected_da_dcopf	901	901	902	1	238			dcopf	failure_label		-0.06000000000000005			-1.7717721956245214e-08		True		False		False	False	False	False	True	0.030069397995248437	0.0	4f6113841a29c753337aca5370cc9cb4b9e1b2d3	d57ee59d03f3d41479f5a5a5caf1874db4c0c282	2	1	True					True
case118_corrected_da_dcopf_seed901_N1000_lop0008	corrected_da_dcopf	901	901	902	1	239			dcopf	failure_label		-0.06000000000000005			-1.7975411603643465e-08		True		False		False	False	False	False	True	0.031042311995406635	0.0	f2063c76505235c75ec5fecfb965a8424aedd473	9c09c259b03539905e0995ce1b43e3ae2374b32e	2	3	True					True
case118_corrected_da_dcopf_seed901_N1000_lop0008	corrected_da_dcopf	901	901	902	1	240			dcopf	failure_label		-0.06000000000000005			-1.8081543373682507e-08		True		False		False	False	False	False	True	0.03079371599596925	0.0	4be411374941b9593b82582e259b46e2043891a2	82b376c87a14c4dcdebba8cb8ba2a46eba245720	4	4	True					True
case118_corrected_da_dcopf_seed901_N1000_lop0008	corrected_da_dcopf	901	901	902	1	241			dcopf	failure_label		-0.06000000000000005			-1.8167667592550174e-08		True		False		False	False	False	False	True	0.03007933900516946	0.0	1fd191a48be412ba40ebab051a935813a9e0ba55	4dd1498c01befe3f1aa5ef5297180f44b10cf458	4	4	True					True
case118_corrected_da_dcopf_seed901_N1000_lop0008	corrected_da_dcopf	901	901	902	1	242			dcopf	failure_label		-0.06000000000000005			-1.826657691772482e-08		True		False		False	False	False	False	True	0.029598673994769342	0.0	fd9f6c5899b434c875c2c1acae8f11e25fa9be39	ce4134f54cc0e39e17452b499fcdf5cbc71a9e94	1	1	True					True
case118_corrected_da_dcopf_seed901_N1000_lop0008	corrected_da_dcopf	901	901	902	1	243			dcopf	failure_label		-0.06000000000000005			-1.826657691772482e-08		True		False		False	False	False	False	True	0.03239017700252589	0.0	fd9f6c5899b434c875c2c1acae8f11e25fa9be39	f11f854ce01a68e4415f2c69e1a433ef4c610710	1	2	True					True
case118_corrected_da_dcopf_seed901_N1000_lop0008	corrected_da_dcopf	901	901	902	1	244			dcopf	failure_label		-0.06000000000000005			-1.8287154013307827e-08		True		False		False	False	False	False	True	0.03356711099331733	0.0	a6bb6949d6d6421daf2fa61415943d0c9c6175ce	a5711e9763c3bfe59721550b4daaf82f755f8c77	1	0	True					True
case118_corrected_da_dcopf_seed901_N1000_lop0008	corrected_da_dcopf	901	901	902	1	245			dcopf	failure_label		-0.06000000000000005			-1.8365736931258425e-08		True		False		False	False	False	False	True	0.03378956900269259	0.0	01da1fa216ae7c5df70cb30bd510c157c22da890	b2115ce239e31f3c4385a543af9bc7c082334d6d	1	1	True					True
case118_corrected_da_dcopf_seed901_N1000_lop0008	corrected_da_dcopf	901	901	902	1	246			dcopf	failure_label		-0.06000000000000005			-1.8365736931258425e-08		True		False		False	False	False	False	True	0.035231315006967634	0.0	01da1fa216ae7c5df70cb30bd510c157c22da890	3a0c13848e35436b3332af463ea8ce0e14a4d6a2	1	1	True					True
case118_corrected_da_dcopf_seed901_N1000_lop0008	corrected_da_dcopf	901	901	902	1	247			dcopf	failure_label		-0.06000000000000005			-1.8429252124363416e-08		True		False		False	False	False	False	True	0.03383492899592966	0.0	3a0c13848e35436b3332af463ea8ce0e14a4d6a2	bc5addbfecad05951f50d741b76c97522744354b	1	2	True					True
case118_corrected_da_dcopf_seed901_N1000_lop0008	corrected_da_dcopf	901	901	902	1	248			dcopf	failure_label		-0.06000000000000005			-1.863304377458519e-08		True		False		False	False	False	False	True	0.031099336993065663	0.0	92fbfb6dc19d0fe2973456e3a5a4080588f5f8a4	0f7ca0a8eaa19e897f69452dd8ebe6b3f2d51c07	1	2	True					True
case118_corrected_da_dcopf_seed901_N1000_lop0008	corrected_da_dcopf	901	901	902	1	249			dcopf	failure_label		-0.06000000000000005			-1.864733523149198e-08		True		False		False	False	False	False	True	0.03182085200387519	0.0	da8328a6ee0965b06742c8c0dc9ed8ea6b585068	57a23e5ff69f29e278b5e5c41e0b4db6c1e980ca	2	1	True					True
case118_corrected_da_dcopf_seed901_N1000_lop0008	corrected_da_dcopf	901	901	902	1	250			dcopf	failure_label		-0.06000000000000005			-1.8703526505348123e-08		True		False		False	False	False	False	True	0.02866440700017847	0.0	f8ba21dc009d62ed1df255ad5b8d359e915beb86	caff0b74c14bd4931e9d7417235a0f12e502f185	1	2	True					True
case118_corrected_da_dcopf_seed901_N1000_lop0008	corrected_da_dcopf	901	901	902	1	251			dcopf	failure_label		-0.06000000000000005			-1.878252819942361e-08		True		False		False	False	False	False	True	0.028314450988546014	0.0	a8164679e99b03f7dd3ec8b584d044cf794ebd06	504941c4b9e61356bb2582a70b60cc6a6cba9cca	1	2	True					True
case118_corrected_da_dcopf_seed901_N1000_lop0008	corrected_da_dcopf	901	901	902	1	252			dcopf	failure_label		-0.06000000000000005			-1.878252819942361e-08		True		False		False	False	False	False	True	0.028994164007599466	0.0	a8164679e99b03f7dd3ec8b584d044cf794ebd06	a5711e9763c3bfe59721550b4daaf82f755f8c77	1	0	True					True
case118_corrected_da_dcopf_seed901_N1000_lop0008	corrected_da_dcopf	901	901	902	1	253			dcopf	failure_label		inf	-0.06000000000000005	True	-1.8834294568392806e-08	inf	True	False	False	True	True	False	True	True	True	0.052750626986380666	0.020112019003136083	2c065c95dc95b8d9412703e6fc35fc6df2ecca7c	4772fe27f67e4302d8dc40cbc5067189ab7e9220	2	2	False					False
case118_corrected_da_dcopf_seed901_N1000_lop0008	corrected_da_dcopf	901	901	902	1	254			dcopf	failure_label		-0.06000000000000005			-1.894688073100781e-08		True		False		False	False	False	False	True	0.029463550003129058	0.0	c29b8331885874dd223475f90446a844ffca3b44	0551f820960446807c574d126b94e7eec048fed6	4	4	True					True
case118_corrected_da_dcopf_seed901_N1000_lop0008	corrected_da_dcopf	901	901	902	1	255			dcopf	failure_label		-0.06000000000000005			-1.9141352058937855e-08		True		False		False	False	False	False	True	0.029877092005335726	0.0	6307a496297a3be271a2b7f758aa32240f3fd1d1	368d8fd642ed4768d6553a0561fede722cf0069d	4	3	True					True
case118_corrected_da_dcopf_seed901_N1000_lop0008	corrected_da_dcopf	901	901	902	1	256			dcopf	failure_label		-0.06000000000000005			-1.9435943299228597e-08		True		False		False	False	False	False	True	0.0277194850059459	0.0	1191da1b2f3b1b5f13005cd72123e82e0a5f750e	203e0c4d788902940d5ef31d850594733cefc292	2	1	True					True
case118_corrected_da_dcopf_seed901_N1000_lop0008	corrected_da_dcopf	901	901	902	1	257			dcopf	failure_label		inf	-0.06000000000000005	True	-1.9540691731378956e-08	inf	True	False	False	True	True	False	True	True	True	0.050814103000448085	0.01944069899036549	09925af4bdee6816e7a0b671ad04479142175bfb	83812d29cbe4a70c243cd510d41acd5f86f48600	1	1	False					False
case118_corrected_da_dcopf_seed901_N1000_lop0008	corrected_da_dcopf	901	901	902	1	258			dcopf	failure_label		-0.06000000000000005			-1.9801058348534184e-08		True		False		False	False	False	False	True	0.026627055995049886	0.0	a7874a1d09f45fed0a79cd9da0af3d187ee26ccd	a396abe65b0e26e69892cd256de19460955e7ca1	1	2	True					True
case118_corrected_da_dcopf_seed901_N1000_lop0008	corrected_da_dcopf	901	901	902	1	259			dcopf	failure_label		-0.06000000000000005			-1.9991343691572183e-08		True		False		False	False	False	False	True	0.02829575700161513	0.0	dae14a430594723e1977ebf0590a8180fc5e6fa2	f2d2a389eb52ecf46ac9985961eb6d8b1f825d62	1	1	True					True
case118_corrected_da_dcopf_seed901_N1000_lop0008	corrected_da_dcopf	901	901	902	1	260			dcopf	failure_label		-0.06000000000000005			-2.012741928680839e-08		True		False		False	False	False	False	True	0.028060543991159648	0.0	25d2ced3e6ff07e6ad99677800a0185c0234befb	bf4c98dd1ce439f63d9603d5240095fa42e94198	1	1	True					True
case118_corrected_da_dcopf_seed901_N1000_lop0008	corrected_da_dcopf	901	901	902	1	261			dcopf	failure_label		-0.06000000000000005			-2.0254885768622444e-08		True		False		False	False	False	False	True	0.02766724699176848	0.0	8275aae0a8660cb53510d9be400d1567d53fb7a4	6ea5b19ebf35bf928625383a8827246f7b29ca91	2	2	True					True
case118_corrected_da_dcopf_seed901_N1000_lop0008	corrected_da_dcopf	901	901	902	1	262			dcopf	failure_label		-0.06000000000000005			-2.036274082684031e-08		True		False		False	False	False	False	True	0.02732118200219702	0.0	3e89d6c62c9f612f310df653fde04a4e1254c654	9a27f93fafa9d7766ebab4c2066bfd2a4b7735a1	1	2	True					True
case118_corrected_da_dcopf_seed901_N1000_lop0008	corrected_da_dcopf	901	901	902	1	263			dcopf	failure_label		-0.06000000000000005			-2.0454785198964487e-08		True		False		False	False	False	False	True	0.027363192988559604	0.0	a3b0a968a956d9c482c29d650dfbd670cb254bb0	02df3c5a8d82d446ecadb41af68bbd1e00950d8f	2	1	True					True
case118_corrected_da_dcopf_seed901_N1000_lop0008	corrected_da_dcopf	901	901	902	1	264			dcopf	failure_label		-0.06000000000000005			-2.0485565022099195e-08		True		False		False	False	False	False	True	0.02693277499929536	0.0	81f53e465b31787c655b245af9a542a55d04a8ba	6aa96abc5f0e30cc80c26a6434db6b9a9af0ec9d	1	1	True					True
case118_corrected_da_dcopf_seed901_N1000_lop0008	corrected_da_dcopf	901	901	902	1	265			dcopf	failure_label		-0.06000000000000005			-2.052581482558935e-08		True		False		False	False	False	False	True	0.027760075987316668	0.0	ac1ed0b798f77d106929b081dfde96993db674f3	c702fa0323b5a27fcb68503db437997acab5214a	1	1	True					True
case118_corrected_da_dcopf_seed901_N1000_lop0008	corrected_da_dcopf	901	901	902	1	266			dcopf	failure_label		-0.06000000000000005			-2.0556628399504007e-08		True		False		False	False	False	False	True	0.028330282992101274	0.0	a5711e9763c3bfe59721550b4daaf82f755f8c77	5521654479234a00495914b779ceee51f07237fc	0	1	True					True
case118_corrected_da_dcopf_seed901_N1000_lop0008	corrected_da_dcopf	901	901	902	1	267			dcopf	failure_label		-0.06000000000000005			-2.0556628399504007e-08		True		False		False	False	False	False	True	0.02838573500048369	0.0	a5711e9763c3bfe59721550b4daaf82f755f8c77	0a576ad83d8880f4262a265afdf776724605873a	0	1	True					True
case118_corrected_da_dcopf_seed901_N1000_lop0008	corrected_da_dcopf	901	901	902	1	268			dcopf	failure_label		-0.06000000000000005			-2.0556628399504007e-08		True		False		False	False	False	False	True	0.02774135398794897	0.0	a5711e9763c3bfe59721550b4daaf82f755f8c77	049b04ddc064519d59f878b716c48b044434d8e3	0	1	True					True
case118_corrected_da_dcopf_seed901_N1000_lop0008	corrected_da_dcopf	901	901	902	1	269			dcopf	failure_label		-0.06000000000000005			-2.0556628399504007e-08		True		False		False	False	False	False	True	0.028934456990100443	0.0	a5711e9763c3bfe59721550b4daaf82f755f8c77	ea5f3cc00f19364d82790331e0d6c83c09ae4bd3	0	1	True					True
case118_corrected_da_dcopf_seed901_N1000_lop0008	corrected_da_dcopf	901	901	902	1	270			dcopf	failure_label		-0.06000000000000005			-2.0556628399504007e-08		True		False		False	False	False	False	True	0.027509890001965687	0.0	a5711e9763c3bfe59721550b4daaf82f755f8c77	7d444a5e6861a666299159878c763f858dfd0f14	0	1	True					True
case118_corrected_da_dcopf_seed901_N1000_lop0008	corrected_da_dcopf	901	901	902	1	271			dcopf	failure_label		-0.06000000000000005			-2.0556628399504007e-08		True		False		False	False	False	False	True	0.027868072997080162	0.0	a5711e9763c3bfe59721550b4daaf82f755f8c77	14822bfe194eefdb7faddd20d39f2347fa8222ad	0	1	True					True
case118_corrected_da_dcopf_seed901_N1000_lop0008	corrected_da_dcopf	901	901	902	1	272			dcopf	failure_label		-0.06000000000000005			-2.0556628399504007e-08		True		False		False	False	False	False	True	0.028283998006372713	0.0	a5711e9763c3bfe59721550b4daaf82f755f8c77	23a32114b1f1b6577f911653162f14da2e169fb2	0	1	True					True
case118_corrected_da_dcopf_seed901_N1000_lop0008	corrected_da_dcopf	901	901	902	1	273			dcopf	failure_label		-0.06000000000000005			-2.0556628399504007e-08		True		False		False	False	False	False	True	0.028087277998565696	0.0	a5711e9763c3bfe59721550b4daaf82f755f8c77	14822bfe194eefdb7faddd20d39f2347fa8222ad	0	1	True					True
case118_corrected_da_dcopf_seed901_N1000_lop0008	corrected_da_dcopf	901	901	902	1	274			dcopf	failure_label		-0.06000000000000005			-2.0556628399504007e-08		True		False		False	False	False	False	True	0.028104655008064583	0.0	a5711e9763c3bfe59721550b4daaf82f755f8c77	b1aeac06807ba0cc51304e53735dba78ce020ca1	0	1	True					True
case118_corrected_da_dcopf_seed901_N1000_lop0008	corrected_da_dcopf	901	901	902	1	275			dcopf	failure_label		-0.06000000000000005			-2.0556628399504007e-08		True		False		False	False	False	False	True	0.02850533099262975	0.0	a5711e9763c3bfe59721550b4daaf82f755f8c77	120de11d3abb1d3489b480cc025d49404b1e48f5	0	1	True					True
case118_corrected_da_dcopf_seed901_N1000_lop0008	corrected_da_dcopf	901	901	902	1	276			dcopf	failure_label		-0.06000000000000005			-2.0556628399504007e-08		True		False		False	False	False	False	True	0.02892101499310229	0.0	a5711e9763c3bfe59721550b4daaf82f755f8c77	99024955fd894e18a5eb41dece3da52c18e8f7f7	0	1	True					True
case118_corrected_da_dcopf_seed901_N1000_lop0008	corrected_da_dcopf	901	901	902	1	277			dcopf	failure_label		-0.06000000000000005			-2.0556628399504007e-08		True		False		False	False	False	False	True	0.027168166998308152	0.0	a5711e9763c3bfe59721550b4daaf82f755f8c77	3751624c3681292e7a1258892659c21fcd1d15af	0	1	True					True
case118_corrected_da_dcopf_seed901_N1000_lop0008	corrected_da_dcopf	901	901	902	1	278			dcopf	failure_label		-0.06000000000000005			-2.0556628399504007e-08		True		False		False	False	False	False	True	0.026895916991634294	0.0	a5711e9763c3bfe59721550b4daaf82f755f8c77	0992d49fc7e2321762c970fe310c3ff9b39d0354	0	1	True					True
case118_corrected_da_dcopf_seed901_N1000_lop0008	corrected_da_dcopf	901	901	902	1	279			dcopf	failure_label		inf	-0.06000000000000005	True	-2.0556628399504007e-08	inf	True	False	False	True	True	False	True	True	True	0.046890031997463666	0.01787455599696841	a5711e9763c3bfe59721550b4daaf82f755f8c77	d8f20d6f19d549c87857ba8a6e6c2c3702b85e09	0	1	False					False
case118_corrected_da_dcopf_seed901_N1000_lop0008	corrected_da_dcopf	901	901	902	1	280			dcopf	failure_label		-0.06000000000000005			-2.0556628399504007e-08		True		False		False	False	False	False	True	0.026726558004156686	0.0	a5711e9763c3bfe59721550b4daaf82f755f8c77	712099c9bcdaa17192abf0ed4dc46af81d886b2d	0	1	True					True
case118_corrected_da_dcopf_seed901_N1000_lop0008	corrected_da_dcopf	901	901	902	1	281			dcopf	failure_label		-0.06000000000000005			-2.0556628399504007e-08		True		False		False	False	False	False	True	0.026173931008088402	0.0	a5711e9763c3bfe59721550b4daaf82f755f8c77	120de11d3abb1d3489b480cc025d49404b1e48f5	0	1	True					True
case118_corrected_da_dcopf_seed901_N1000_lop0008	corrected_da_dcopf	901	901	902	1	282			dcopf	failure_label		-0.06000000000000005			-2.0556628399504007e-08		True		False		False	False	False	False	True	0.029902979003963992	0.0	a5711e9763c3bfe59721550b4daaf82f755f8c77	81f53e465b31787c655b245af9a542a55d04a8ba	0	1	True					True
case118_corrected_da_dcopf_seed901_N1000_lop0008	corrected_da_dcopf	901	901	902	1	283			dcopf	failure_label		-0.06000000000000005			-2.0556628399504007e-08		True		False		False	False	False	False	True	0.028001711994875222	0.0	a5711e9763c3bfe59721550b4daaf82f755f8c77	db9b853e6e42f254e243acea249ec9fdfd56c210	0	1	True					True
case118_corrected_da_dcopf_seed901_N1000_lop0008	corrected_da_dcopf	901	901	902	1	284			dcopf	failure_label		-0.06000000000000005			-2.0556628399504007e-08		True		False		False	False	False	False	True	0.026192392004304565	0.0	a5711e9763c3bfe59721550b4daaf82f755f8c77	ce64c90b473d069eecc4faa0585ecb1c9d8a493b	0	1	True					True
case118_corrected_da_dcopf_seed901_N1000_lop0008	corrected_da_dcopf	901	901	902	1	285			dcopf	failure_label		-0.06000000000000005			-2.0556628399504007e-08		True		False		False	False	False	False	True	0.02657300600549206	0.0	a5711e9763c3bfe59721550b4daaf82f755f8c77	05efdd96cc44f4321e0ff03f541d6c4d7ecb219d	0	1	True					True
case118_corrected_da_dcopf_seed901_N1000_lop0008	corrected_da_dcopf	901	901	902	1	286			dcopf	failure_label		-0.06000000000000005			-2.0556628399504007e-08		True		False		False	False	False	False	True	0.02753837499767542	0.0	a5711e9763c3bfe59721550b4daaf82f755f8c77	d2b03ef808168cbddfc703d06b4fc8b02f0a6692	0	1	True					True
case118_corrected_da_dcopf_seed901_N1000_lop0008	corrected_da_dcopf	901	901	902	1	287			dcopf	failure_label		-0.06000000000000005			-2.0556628399504007e-08		True		False		False	False	False	False	True	0.03059779699833598	0.0	a5711e9763c3bfe59721550b4daaf82f755f8c77	c6b4c936bb1c10fe7810893568e4479531daed8c	0	1	True					True
case118_corrected_da_dcopf_seed901_N1000_lop0008	corrected_da_dcopf	901	901	902	1	288			dcopf	failure_label		-0.06000000000000005			-2.0556628399504007e-08		True		False		False	False	False	False	True	0.02740501699736342	0.0	a5711e9763c3bfe59721550b4daaf82f755f8c77	ead7849a47d509cb71fc3e2af693cf5fec59d3ad	0	1	True					True
case118_corrected_da_dcopf_seed901_N1000_lop0008	corrected_da_dcopf	901	901	902	1	289			dcopf	failure_label		-0.06000000000000005			-2.0556628399504007e-08		True		False		False	False	False	False	True	0.03038747000391595	0.0	a5711e9763c3bfe59721550b4daaf82f755f8c77	1a4b8a09028df913eb3c4d97e124bf8b42efcc98	0	1	True					True
case118_corrected_da_dcopf_seed901_N1000_lop0008	corrected_da_dcopf	901	901	902	1	290			dcopf	failure_label		-0.06000000000000005			-2.0556628399504007e-08		True		False		False	False	False	False	True	0.028564753010869026	0.0	a5711e9763c3bfe59721550b4daaf82f755f8c77	5da5968dcf5962db23f6e44c177b4e3cd993784b	0	1	True					True
case118_corrected_da_dcopf_seed901_N1000_lop0008	corrected_da_dcopf	901	901	902	1	291			dcopf	failure_label		-0.06000000000000005			-2.0556628399504007e-08		True		False		False	False	False	False	True	0.03205289799370803	0.0	a5711e9763c3bfe59721550b4daaf82f755f8c77	2a9b9d2a7b573f47bf62cd9f7334b60a38c19b82	0	1	True					True
case118_corrected_da_dcopf_seed901_N1000_lop0008	corrected_da_dcopf	901	901	902	1	292			dcopf	failure_label		-0.06000000000000005			-2.0556628399504007e-08		True		False		False	False	False	False	True	0.02924884599633515	0.0	a5711e9763c3bfe59721550b4daaf82f755f8c77	b1aeac06807ba0cc51304e53735dba78ce020ca1	0	1	True					True
case118_corrected_da_dcopf_seed901_N1000_lop0008	corrected_da_dcopf	901	901	902	1	293			dcopf	failure_label		inf	-0.06000000000000005	True	-2.0556628399504007e-08	inf	True	False	False	True	True	False	True	True	True	0.05093598901294172	0.01988822100975085	a5711e9763c3bfe59721550b4daaf82f755f8c77	2a1ee623e823b70db6535f92e7684003bc4303e5	0	1	False					False
case118_corrected_da_dcopf_seed901_N1000_lop0008	corrected_da_dcopf	901	901	902	1	294			dcopf	failure_label		-0.06000000000000005			-2.0556628399504007e-08		True		False		False	False	False	False	True	0.02799741699709557	0.0	a5711e9763c3bfe59721550b4daaf82f755f8c77	79900396e5f252605fd29474ad4957da1f1a214c	0	1	True					True
case118_corrected_da_dcopf_seed901_N1000_lop0008	corrected_da_dcopf	901	901	902	1	295			dcopf	failure_label		inf	-0.06000000000000005	True	-2.0556628399504007e-08	inf	True	False	False	True	True	False	True	True	True	0.05285476399876643	0.020551568988594227	a5711e9763c3bfe59721550b4daaf82f755f8c77	d8f20d6f19d549c87857ba8a6e6c2c3702b85e09	0	1	False					False
case118_corrected_da_dcopf_seed901_N1000_lop0008	corrected_da_dcopf	901	901	902	1	296			dcopf	failure_label		-0.06000000000000005			-2.0556628399504007e-08		True		False		False	False	False	False	True	0.02763100599986501	0.0	a5711e9763c3bfe59721550b4daaf82f755f8c77	02df3c5a8d82d446ecadb41af68bbd1e00950d8f	0	1	True					True
case118_corrected_da_dcopf_seed901_N1000_lop0008	corrected_da_dcopf	901	901	902	1	297			dcopf	failure_label		-0.06000000000000005			-2.0556628399504007e-08		True		False		False	False	False	False	True	0.028997815999900922	0.0	a5711e9763c3bfe59721550b4daaf82f755f8c77	937a29263861138b210cafe0d28532c30072e00a	0	1	True					True
case118_corrected_da_dcopf_seed901_N1000_lop0008	corrected_da_dcopf	901	901	902	1	298			dcopf	failure_label		-0.06000000000000005			-2.0556628399504007e-08		True		False		False	False	False	False	True	0.0271950580063276	0.0	a5711e9763c3bfe59721550b4daaf82f755f8c77	044e60a910ac7b8df6ae681d3c891c4c80e1bc32	0	1	True					True
case118_corrected_da_dcopf_seed901_N1000_lop0008	corrected_da_dcopf	901	901	902	1	299			dcopf	failure_label		inf	-0.06000000000000005	True	-2.0556628399504007e-08	inf	True	False	False	True	True	False	True	True	True	0.056002549012191594	0.02027785799873527	a5711e9763c3bfe59721550b4daaf82f755f8c77	2a1ee623e823b70db6535f92e7684003bc4303e5	0	1	False					False
case118_corrected_da_dcopf_seed901_N1000_lop0008	corrected_da_dcopf	901	901	902	1	300			dcopf	failure_label		-0.06000000000000005			-2.0556628399504007e-08		True		False		False	False	False	False	True	0.02896431200497318	0.0	a5711e9763c3bfe59721550b4daaf82f755f8c77	2a88e12d50a408dfffbb58cebd08dcef676f06b1	0	1	True					True
case118_corrected_da_dcopf_seed901_N1000_lop0008	corrected_da_dcopf	901	901	902	1	301			dcopf	failure_label		inf	inf	False	inf	inf	False	False	True	True	True	True	False	True	True	0.04505978099768981	0.020026892991154455	a133cbb75a9bcbe2271cac8dfb5b932d630d6660	eb88cd2486a851a30355b1f705ad3c6260bd2125	3	3	False					False
case118_corrected_da_dcopf_seed901_N1000_lop0008	corrected_da_dcopf	901	901	902	1	302			dcopf	failure_label		inf	inf	False	inf	inf	False	False	True	True	True	True	False	True	True	0.04377300800115336	0.017721609998261556	f340c3147bc0f347c9960ca223e90667d51aa6fb	c0bf4b0ce29660d841905f5ebb7546c50196fc8b	2	1	False					False
case118_corrected_da_dcopf_seed901_N1000_lop0008	corrected_da_dcopf	901	901	902	1	303			dcopf	failure_label		inf	inf	False	inf	inf	False	False	True	True	True	False	False	True	True	0.04228062598849647	0.01805595599580556	795bd2ff11d449e4a77412ea1ec81c036b9beb4d	2a0198394897d2174fb9465e709f508308c409c1	2	3	False					False
case118_corrected_da_dcopf_seed901_N1000_lop0008	corrected_da_dcopf	901	901	902	1	304			dcopf	failure_label		inf	inf	False	inf	inf	False	False	True	True	True	True	False	True	True	0.04312323599879164	0.019110943001578562	e8149cc9dc2b00fc0ab458a87d06c24c97fd7eca	19167db0cf9c7b6942a1d10870abf581f9a4ed2f	2	3	False					False
case118_corrected_da_dcopf_seed901_N1000_lop0008	corrected_da_dcopf	901	901	902	1	305			dcopf	failure_label		-0.06000000000000005			inf		False		True		False	False	False	False	True	0.02827835499192588	0.0	4e4c35954118b19acd43d2529716a50684a8fbb0	f7280c02c9f2b499b1565e182b83015fc7df8716	2	2	True					True
case118_corrected_da_dcopf_seed901_N1000_lop0008	corrected_da_dcopf	901	901	902	1	306			dcopf	failure_label		inf	inf	False	inf	inf	False	False	True	True	True	True	False	True	True	0.041842506994726136	0.01813128500361927	d569761829b749374f05d8bd4033eb1f9764a2b0	a4385f2af9d37490706fcf3a6de3f9a31542c3ee	2	2	False					False
case118_corrected_da_dcopf_seed901_N1000_lop0008	corrected_da_dcopf	901	901	902	1	307			dcopf	failure_label		inf	inf	False	inf	inf	False	False	True	True	True	True	False	True	True	0.044884333008667454	0.019197014000383206	ede6810e5f99334cdd15bc676082ee4b2b568fcb	08332893a24661abd41996c08646972f5b300b05	3	4	False					False
case118_corrected_da_dcopf_seed901_N1000_lop0008	corrected_da_dcopf	901	901	902	1	308			dcopf	failure_label		inf	inf	False	inf	inf	False	False	True	True	True	False	False	True	True	0.04500580098829232	0.01901874899340328	5384f0f764f0c66c4c5a735834cf5fad2f82bb9d	16ced64ff225bb7d5016145cf2cfd74a9e23256b	6	7	False					False
case118_corrected_da_dcopf_seed901_N1000_lop0008	corrected_da_dcopf	901	901	902	1	309			dcopf	failure_label		-0.06000000000000005			inf		False		True		False	False	False	False	True	0.027557149005588144	0.0	fc9d2cac0b754b065bfa75b2ffccc8ab5cc73454	2017f8523263bbd6778f4c0a920bf23d10008cdc	2	1	True					True
case118_corrected_da_dcopf_seed901_N1000_lop0008	corrected_da_dcopf	901	901	902	1	310			dcopf	failure_label		inf	inf	False	inf	inf	False	False	True	True	True	True	False	True	True	0.043797821999760345	0.021446137994644232	2552a8c16d5e5604906fc80b6004bce7c4fdd741	2a1ee623e823b70db6535f92e7684003bc4303e5	2	1	False					False
case118_corrected_da_dcopf_seed901_N1000_lop0008	corrected_da_dcopf	901	901	902	1	311			dcopf	failure_label		inf	inf	False	inf	inf	False	False	True	True	True	True	False	True	True	0.04097691099741496	0.01722447300562635	7db582a12f59d58be1eac34d680353223d2d7c08	600965884fd5c4a6e74ab4d2156fcfc3c4040fe5	3	2	False					False
case118_corrected_da_dcopf_seed901_N1000_lop0008	corrected_da_dcopf	901	901	902	1	312			dcopf	failure_label		inf	inf	False	inf	inf	False	False	True	True	True	True	False	True	True	0.04206206199887674	0.017253484009415843	75924ba21eb1ce4d621af7c2603cce33f0c6b4cb	f20bc9e30d15c2141803318a7083cdfe7973bb67	3	3	False					False
case118_corrected_da_dcopf_seed901_N1000_lop0008	corrected_da_dcopf	901	901	902	1	313			dcopf	failure_label		inf	inf	False	inf	inf	False	False	True	True	True	True	False	True	True	0.042437383977812715	0.033620788002735935	c1c8335e60d18f36de2f88f5fffb7b46faf1585e	f3ded12a3ca302104d37e8cc1d2a64814e81b8b6	1	2	False					False
case118_corrected_da_dcopf_seed901_N1000_lop0008	corrected_da_dcopf	901	901	902	1	314			dcopf	failure_label		-0.06000000000000005			inf		False		True		False	False	False	False	True	0.02840333100175485	0.0	fa8ea0e4a3b06249611213013e48825cf8dc40e7	a591177fcaa3ba748c5b7a36107016026cb8ca07	1	1	True					True
case118_corrected_da_dcopf_seed901_N1000_lop0008	corrected_da_dcopf	901	901	902	1	315			dcopf	failure_label		inf	inf	False	inf	inf	False	False	True	True	True	True	False	True	True	0.04159462099778466	0.018058936009765603	f64eaef486b0731518fcde617dcd9c50484e4787	ff15a32d43b4d684d6a4eeaa673bbe024c3d9b3f	4	3	False					False
case118_corrected_da_dcopf_seed901_N1000_lop0008	corrected_da_dcopf	901	901	902	1	316			dcopf	failure_label		inf	inf	False	inf	inf	False	False	True	True	True	True	False	True	True	0.0441212129953783	0.017890129995066673	820ce6de6220d4f09d0a7c545a1b227cad81c3ea	d966aa3743a755f322ddcea5980392c023d9a782	3	2	False					False
case118_corrected_da_dcopf_seed901_N1000_lop0008	corrected_da_dcopf	901	901	902	1	317			dcopf	failure_label		-0.06000000000000005			inf		False		True		False	False	False	False	True	0.029445905005559325	0.0	2a1ee623e823b70db6535f92e7684003bc4303e5	a5711e9763c3bfe59721550b4daaf82f755f8c77	1	0	True					True
case118_corrected_da_dcopf_seed901_N1000_lop0008	corrected_da_dcopf	901	901	902	1	318			dcopf	failure_label		inf	inf	False	inf	inf	False	False	True	True	True	True	False	True	True	0.04607799601217266	0.02030789799755439	7f3708255f63dab02797383c43f8fe57e5c55c4e	83812d29cbe4a70c243cd510d41acd5f86f48600	2	1	False					False
case118_corrected_da_dcopf_seed901_N1000_lop0008	corrected_da_dcopf	901	901	902	1	319			dcopf	failure_label		inf	inf	False	inf	inf	False	False	True	True	True	True	False	True	True	0.04220280399022158	0.017445111996494234	37ceae340b41004d34de513927a299f7027ec4cc	d8f20d6f19d549c87857ba8a6e6c2c3702b85e09	2	1	False					False
case118_corrected_da_dcopf_seed901_N1000_lop0008	corrected_da_dcopf	901	901	902	1	320			dcopf	failure_label		inf	inf	False	inf	inf	False	False	True	True	True	False	False	True	True	0.042221198018523864	0.017871283998829313	a11c1879f9478588757442538acc844b637acd12	db2685c49d40d541f209ec005a7e3d53027b1d33	3	4	False					False
case118_corrected_da_dcopf_seed901_N1000_lop0008	corrected_da_dcopf	901	901	902	1	321			dcopf	failure_label		-0.06000000000000005			inf		False		True		False	False	False	False	True	0.029613855993375182	0.0	b84dc307f149db00a7f0dcf4b06f29623eec1e79	ba0e920c464ece33ad484b2617e9cf78a30066c2	3	2	True					True
case118_corrected_da_dcopf_seed901_N1000_lop0008	corrected_da_dcopf	901	901	902	1	322			dcopf	failure_label		inf	inf	False	inf	inf	False	False	True	True	True	False	False	True	True	0.044678270001895726	0.020009189989650622	9a3bb659357547e8e332f40459c7ba35588ace1e	88796c4a48c89da2b53c5a75dd833dbc8811f137	4	5	False					False
case118_corrected_da_dcopf_seed901_N1000_lop0008	corrected_da_dcopf	901	901	902	1	323			dcopf	failure_label		-0.06000000000000005			inf		False		True		False	False	False	False	True	0.028178531996672973	0.0	bd186b102cf66e270b2ad06ab39d43e0166bdba9	ea4303272ae96723f5d1bbe27efe914b57a95c0d	2	2	True					True
case118_corrected_da_dcopf_seed901_N1000_lop0008	corrected_da_dcopf	901	901	902	1	324			dcopf	failure_label		inf	inf	False	inf	inf	False	False	True	True	True	True	False	True	True	0.04130823498417158	0.01823436500853859	921fa9de7476098e47383ecdd3a039750bdbce8d	d09d01a3e3113013e45e040b9383d24676b11f6f	2	2	False					False
case118_corrected_da_dcopf_seed901_N1000_lop0008	corrected_da_dcopf	901	901	902	1	325			dcopf	failure_label		-0.06000000000000005			inf		False		True		False	False	False	False	True	0.024246795001090504	0.0	4845e6d822949f6c15f99cf479812c3ed66a5523	5cebc2b9c652b669efc368258843b715b2759d80	5	5	True					True
case118_corrected_da_dcopf_seed901_N1000_lop0008	corrected_da_dcopf	901	901	902	1	326			dcopf	failure_label		inf	inf	False	inf	inf	False	False	True	True	True	True	False	True	True	0.045041010016575456	0.017696848008199595	ef8a563f63c009f263454835dbb5def9111594d5	043b6ca91f9906dd7ac29ef4de459178125a5cd7	3	3	False					False
case118_corrected_da_dcopf_seed901_N1000_lop0008	corrected_da_dcopf	901	901	902	1	327			dcopf	failure_label		-0.06000000000000005			inf		False		True		False	False	False	False	True	0.026998603003448807	0.0	7ddc7563ebeb54eeefa73641f045277551103a92	f1bddffd47fc7257aedf9e7396798b03cfb0813d	2	1	True					True
case118_corrected_da_dcopf_seed901_N1000_lop0008	corrected_da_dcopf	901	901	902	1	328			dcopf	failure_label		inf	inf	False	inf	inf	False	False	True	True	True	True	False	True	True	0.042127641005208716	0.017515997009468265	2a868470aee0f5f34df507fcb40e92d9f5817ce3	bf0d582d849ba11681c89c0c3c9abdc38133a7aa	5	5	False					False
case118_corrected_da_dcopf_seed901_N1000_lop0008	corrected_da_dcopf	901	901	902	1	329			dcopf	failure_label		inf	inf	False	inf	inf	False	False	True	True	True	False	False	True	True	0.04297929200401995	0.018372092003119178	fc0814a58ab81c0c70f634bd90863bb38b562b00	070f5f507018f0f188a1d9dd47c67940100f1c14	3	4	False					False
case118_corrected_da_dcopf_seed901_N1000_lop0008	corrected_da_dcopf	901	901	902	1	330			dcopf	failure_label		inf	inf	False	inf	inf	False	False	True	True	True	False	False	True	True	0.044691207993309945	0.019939346006140113	09e2de1c32d732888f7cef2d3b7d90436c36085d	253fa34b2a57a849c07e76542ba9f3e72b90e8bf	2	3	False					False
case118_corrected_da_dcopf_seed901_N1000_lop0008	corrected_da_dcopf	901	901	902	1	331			dcopf	failure_label		inf	inf	False	inf	inf	False	False	True	True	True	True	False	True	True	0.04757368299760856	0.021228675002930686	0ebe8362dd16803ff33f3db2f4b584ddfaf468a4	0ae4e488dfd3ad1ad6e8eb0cc20ef0d196de2b2e	3	4	False					False
case118_corrected_da_dcopf_seed901_N1000_lop0008	corrected_da_dcopf	901	901	902	1	332			dcopf	failure_label		-0.06000000000000005			inf		False		True		False	False	False	False	True	0.029087613002047874	0.0	cd5c1530e570923cd39cc0ddb8a0c715ae9bd486	7bf8cd26c2dc6af537bb466c7d5cb94a3c34d662	2	1	True					True
case118_corrected_da_dcopf_seed901_N1000_lop0008	corrected_da_dcopf	901	901	902	1	333			dcopf	failure_label		inf	inf	False	inf	inf	False	False	True	True	True	True	False	True	True	0.04509470898483414	0.025705715001095086	57464a7043e60b63dfbaa667c5afe37fb6155bbd	f1da52d35cd01dd14ef879e0d3b237b070654e5f	3	3	False					False
case118_corrected_da_dcopf_seed901_N1000_lop0008	corrected_da_dcopf	901	901	902	1	334			dcopf	failure_label		-0.06000000000000005			inf		False		True		False	False	False	False	True	0.029525285004638135	0.0	ea8ff01afc167449d90c092ac583caddc99a2878	6df2ee328626704649d4c9c53a422aefb1460bc7	2	1	True					True
case118_corrected_da_dcopf_seed901_N1000_lop0008	corrected_da_dcopf	901	901	902	1	335			dcopf	failure_label		inf	inf	False	inf	inf	False	False	True	True	True	True	False	True	True	0.04567904199939221	0.020361157003208064	8811476d6f7eceda549d54b3bb2563b4bbc697ad	9642d382cbbc395f177e61871297be83bf92de78	4	4	False					False
case118_corrected_da_dcopf_seed901_N1000_lop0008	corrected_da_dcopf	901	901	902	1	336			dcopf	failure_label		-0.06000000000000005			inf		False		True		False	False	False	False	True	0.02733892599644605	0.0	df0a52696e6ba58e5410b40db78d7a3fc46e59c2	1624a943e5bcd7db0f2038dd84c685685ec601e2	3	2	True					True
case118_corrected_da_dcopf_seed901_N1000_lop0008	corrected_da_dcopf	901	901	902	1	337			dcopf	failure_label		inf	inf	False	inf	inf	False	False	True	True	True	False	False	True	True	0.042884580019745044	0.01861202200234402	971336e2e12be848b07032e5c4c572309166e5b2	0c6ee74f6bf9f883e00c7022cf7baaf717641bb9	7	8	False					False
case118_corrected_da_dcopf_seed901_N1000_lop0008	corrected_da_dcopf	901	901	902	1	338			dcopf	failure_label		-0.06000000000000005			inf		False		True		False	False	False	False	True	0.02705026400508359	0.0	2049e75d31b7cf46e39d8b6b033f88fd1f8acb48	2457e844bb961aada52be019f3663f6902af1bb6	4	3	True					True
case118_corrected_da_dcopf_seed901_N1000_lop0008	corrected_da_dcopf	901	901	902	1	339			dcopf	failure_label		-0.06000000000000005			inf		False		True		False	False	False	False	True	0.028432241990230978	0.0	83812d29cbe4a70c243cd510d41acd5f86f48600	47dc6cd6cb0ebea35cb40d027e46d5fe460e6144	1	1	True					True
case118_corrected_da_dcopf_seed901_N1000_lop0008	corrected_da_dcopf	901	901	902	1	340			dcopf	failure_label		-0.06000000000000005			inf		False		True		False	False	False	False	True	0.029710834001889452	0.0	88b750e2f597aa31906fc259206bdd239418096b	a5711e9763c3bfe59721550b4daaf82f755f8c77	1	0	True					True
case118_corrected_da_dcopf_seed901_N1000_lop0008	corrected_da_dcopf	901	901	902	1	341			dcopf	failure_label		inf	inf	False	inf	inf	False	False	True	True	True	True	False	True	True	0.04547604199615307	0.018193290001363494	7da289cb0809404fc23a574119692a5e55e53d42	39a969277c8e8155253dc7157fb7bd823cb9e938	2	3	False					False
case118_corrected_da_dcopf_seed901_N1000_lop0008	corrected_da_dcopf	901	901	902	1	342			dcopf	failure_label		inf	inf	False	inf	inf	False	False	True	True	True	True	False	True	True	0.04454648698447272	0.018362585004069842	5cd5c7a2ad9264a9b3cff1f13a8436cabd13e4a6	8ae6971078aca9324c6bf7a057956113503d9281	2	2	False					False
case118_corrected_da_dcopf_seed901_N1000_lop0008	corrected_da_dcopf	901	901	902	1	343			dcopf	failure_label		inf	inf	False	inf	inf	False	False	True	True	True	True	False	True	True	0.04356714998721145	0.019199381000362337	2ee97731c1314c91ec9c4d37d4ef6ddf7777043e	4a9ada58f42eec9ddbfdb5115883025cf8e15038	3	2	False					False
case118_corrected_da_dcopf_seed901_N1000_lop0008	corrected_da_dcopf	901	901	902	1	344			dcopf	failure_label		inf	inf	False	inf	inf	False	False	True	True	True	False	False	True	True	0.04550213699985761	0.027742463003960438	b8400dd01a5bd74017aa99796b320d47496da5f2	d5e6d7f3bda9e4f3f4cff90d6dfc9bed2361555d	3	4	False					False
case118_corrected_da_dcopf_seed901_N1000_lop0008	corrected_da_dcopf	901	901	902	1	345			dcopf	failure_label		-0.06000000000000005			inf		False		True		False	False	False	False	True	0.027863299008458853	0.0	115428ea1090a6034c44c29d58c7d24c3d158270	936093f4023e7dde3f83157daf3c54697fa44a7f	3	3	True					True
case118_corrected_da_dcopf_seed901_N1000_lop0008	corrected_da_dcopf	901	901	902	1	346			dcopf	failure_label		inf	inf	False	inf	inf	False	False	True	True	True	True	False	True	True	0.04179714500787668	0.019316509991767816	bcd31b7740f9679a36dae1ff4864b83a864e7077	f7bf5e69d227ed848b7e4ef4451659905f78601f	2	2	False					False
case118_corrected_da_dcopf_seed901_N1000_lop0008	corrected_da_dcopf	901	901	902	1	347			dcopf	failure_label		-0.06000000000000005			inf		False		True		False	False	False	False	True	0.029028176999418065	0.0	88b750e2f597aa31906fc259206bdd239418096b	83dfc8a07095c8e3e9ab44a6c52233fc0b7c7438	1	1	True					True
case118_corrected_da_dcopf_seed901_N1000_lop0008	corrected_da_dcopf	901	901	902	1	348			dcopf	failure_label		inf	inf	False	inf	inf	False	False	True	True	True	True	False	True	True	0.04363384000316728	0.01818168100726325	428f921ebd2631c2b1448687d284d5655776af46	0317d45375bec7473fd96aeb5ff56ad2d8cc3515	4	3	False					False
case118_corrected_da_dcopf_seed901_N1000_lop0008	corrected_da_dcopf	901	901	902	1	349			dcopf	failure_label		-0.06000000000000005			inf		False		True		False	False	False	False	True	0.02725905600527767	0.0	cb0b0bd6336bbc1c409b83dfd9dd62f60f8cc841	2df386cd042cb2e49ce92a864a3520341d6e3eaa	2	2	True					True
case118_corrected_da_dcopf_seed901_N1000_lop0008	corrected_da_dcopf	901	901	902	1	350			dcopf	failure_label		-0.06000000000000005			inf		False		True		False	False	False	False	True	0.02505517000099644	0.0	4f7e41e08e4efee8a272f50d1fc5095fcea5e16b	db67d053b31ab37c5618674c6d945eeda9ad98e8	1	1	True					True
case118_corrected_da_dcopf_seed901_N1000_lop0008	corrected_da_dcopf	901	901	902	1	351			dcopf	failure_label		inf	inf	False	inf	inf	False	False	True	True	True	True	False	True	True	0.04330613199272193	0.019792616993072443	c9cad06bef88fb53f4274c68f9338490a6103a4b	742ef86c892c1cbf6228970236a261774eb21531	4	3	False					False
case118_corrected_da_dcopf_seed901_N1000_lop0008	corrected_da_dcopf	901	901	902	1	352			dcopf	failure_label		-0.06000000000000005			inf		False		True		False	False	False	False	True	0.027633750010863878	0.0	c1c8335e60d18f36de2f88f5fffb7b46faf1585e	a5711e9763c3bfe59721550b4daaf82f755f8c77	1	0	True					True
case118_corrected_da_dcopf_seed901_N1000_lop0008	corrected_da_dcopf	901	901	902	1	353			dcopf	failure_label		-0.06000000000000005			inf		False		True		False	False	False	False	True	0.02626108498952817	0.0	f48ae74f9a5734f7e11511846f3d7ec0045c95eb	3c7658c9e7060f6ba91b7f026e8be8764071fa1a	5	4	True					True
case118_corrected_da_dcopf_seed901_N1000_lop0008	corrected_da_dcopf	901	901	902	1	354			dcopf	failure_label		inf	inf	False	inf	inf	False	False	True	True	True	True	False	True	True	0.04364096499921288	0.018315323992283083	e0ca4f3bdb5562853fcc18c054ce840de6c1bf16	83812d29cbe4a70c243cd510d41acd5f86f48600	2	1	False					False
case118_corrected_da_dcopf_seed901_N1000_lop0008	corrected_da_dcopf	901	901	902	1	355			dcopf	failure_label		inf	inf	False	inf	inf	False	False	True	True	True	False	False	True	True	0.041690061989356764	0.01780560999759473	141ba8e51543f6e0050443dddeb17125cfbcca74	9c898e871532310bf80a4121ee771e9ed75602db	4	5	False					False
case118_corrected_da_dcopf_seed901_N1000_lop0008	corrected_da_dcopf	901	901	902	1	356			dcopf	failure_label		inf	inf	False	inf	inf	False	False	True	True	True	True	False	True	True	0.043178443986107595	0.01907894099713303	4d525a82dd1e2dae2cc526abff9f81788dda772d	1233bd9886c115529e247205259ae7ae9ce0501a	3	2	False					False
case118_corrected_da_dcopf_seed901_N1000_lop0008	corrected_da_dcopf	901	901	902	1	357			dcopf	failure_label		inf	inf	False	inf	inf	False	False	True	True	True	True	False	True	True	0.04492697499517817	0.019657666998682544	a2a564e208fc9ab03f13ec8768f9e4ee4309e6a5	87ee0aa4d198b810e221728ee6f37022a4ccfb6b	3	3	False					False
case118_corrected_da_dcopf_seed901_N1000_lop0008	corrected_da_dcopf	901	901	902	1	358			dcopf	failure_label		inf	inf	False	inf	inf	False	False	True	True	True	True	False	True	True	0.04214977999799885	0.017764282994903624	29cb56bc15babd883a5c0387bc4aad3f0f168d51	32ee14ca530067fa5323a1eec7ede9c3dadf6fe0	10	10	False					False
case118_corrected_da_dcopf_seed901_N1000_lop0008	corrected_da_dcopf	901	901	902	1	359			dcopf	failure_label		-0.06000000000000005			inf		False		True		False	False	False	False	True	0.02748649199202191	0.0	88b750e2f597aa31906fc259206bdd239418096b	57a23e5ff69f29e278b5e5c41e0b4db6c1e980ca	1	1	True					True
case118_corrected_da_dcopf_seed901_N1000_lop0008	corrected_da_dcopf	901	901	902	1	360			dcopf	failure_label		-0.06000000000000005			inf		False		True		False	False	False	False	True	0.028847494992078282	0.0	b07fba9702a73b9e01c8e2db3254947480e4022e	a5711e9763c3bfe59721550b4daaf82f755f8c77	1	0	True					True
case118_corrected_da_dcopf_seed901_N1000_lop0008	corrected_da_dcopf	901	901	902	1	361			dcopf	failure_label		inf	inf	False	inf	inf	False	False	True	True	True	True	False	True	True	0.050055034982506186	0.019690439003170468	ae8c929dea0fddf962b0a871c675a5d63c5d86f2	4f7e41e08e4efee8a272f50d1fc5095fcea5e16b	2	1	False					False
case118_corrected_da_dcopf_seed901_N1000_lop0008	corrected_da_dcopf	901	901	902	1	362			dcopf	failure_label		inf	inf	False	inf	inf	False	False	True	True	True	True	False	True	True	0.045496942999307066	0.01833984199038241	69420a4ec2762883a5ae565c021e3f69c52a70e8	219a4d596e0daf9492b98f161a0624f3d4abee62	2	2	False					False
case118_corrected_da_dcopf_seed901_N1000_lop0008	corrected_da_dcopf	901	901	902	1	363			dcopf	failure_label		-0.06000000000000005			inf		False		True		False	False	False	False	True	0.02620627400756348	0.0	c0bf4b0ce29660d841905f5ebb7546c50196fc8b	a5711e9763c3bfe59721550b4daaf82f755f8c77	1	0	True					True
case118_corrected_da_dcopf_seed901_N1000_lop0008	corrected_da_dcopf	901	901	902	1	364			dcopf	failure_label		inf	inf	False	inf	inf	False	False	True	True	True	False	False	True	True	0.04288412199821323	0.0189555510005448	c0bf4b0ce29660d841905f5ebb7546c50196fc8b	a3d031ea6b6f7a4e8b9b25ad42101a256052e175	1	2	False					False
case118_corrected_da_dcopf_seed901_N1000_lop0008	corrected_da_dcopf	901	901	902	1	365			dcopf	failure_label		inf	inf	False	inf	inf	False	False	True	True	True	True	False	True	True	0.04397010200773366	0.01705818901245948	fa8ea0e4a3b06249611213013e48825cf8dc40e7	5bd31766c82eae026bea525a2d01ae4c00f2049d	1	2	False					False
case118_corrected_da_dcopf_seed901_N1000_lop0008	corrected_da_dcopf	901	901	902	1	366			dcopf	failure_label		-0.06000000000000005			-8.447316401927196e-09		True		False		False	False	False	False	True	0.027454362003481947	0.0	f21df2deac5c2c5470631ace59cc1bcce3957a97	0bc78a0012a6cc550aeccacb3344e1c7f489ff92	1	1	True					True
case118_corrected_da_dcopf_seed901_N1000_lop0008	corrected_da_dcopf	901	901	902	1	367			dcopf	failure_label		-0.06000000000000005			-8.992997013734794e-09		True		False		False	False	False	False	True	0.02354464899690356	0.0	b0f14e8dcc508b7e314c03faec41bd04c763fc05	a7181860ee1a97e46a1ba6b736b69c52616a6fae	3	4	True					True
case118_corrected_da_dcopf_seed901_N1000_lop0008	corrected_da_dcopf	901	901	902	1	368			dcopf	failure_label		-0.06000000000000005			-9.576032633518139e-09		True		False		False	False	False	False	True	0.026106566001544707	0.0	c432d3a067615148e350b038a48e5d89b0fd99cc	d52c117955d5acc9dbb355df8d7b166cbb6d99e9	2	2	True					True
case118_corrected_da_dcopf_seed901_N1000_lop0008	corrected_da_dcopf	901	901	902	1	369			dcopf	failure_label		-0.06000000000000005			-9.744608009398803e-09		True		False		False	False	False	False	True	0.02620782000303734	0.0	96be00633911b8da49861b97da01834f0053140d	7636bb4c3d4fee79d9d1dba4d7573a9a525871a2	3	4	True					True
case118_corrected_da_dcopf_seed901_N1000_lop0008	corrected_da_dcopf	901	901	902	1	370			dcopf	failure_label		-0.06000000000000005			-9.757303853774602e-09		True		False		False	False	False	False	True	0.028607500993530266	0.0	a7d509227fa2514bc6f2ad5c87669fba5b50db51	90c20fc080419e9d458d6f93474fc2c63d24745f	2	2	True					True
case118_corrected_da_dcopf_seed901_N1000_lop0008	corrected_da_dcopf	901	901	902	1	371			dcopf	failure_label		-0.06000000000000005			-1.0080948742441365e-08		True		False		False	False	False	False	True	0.02699979599856306	0.0	31b4290b746a6ba5702eae478856ffa9fd756345	228a5fa199c0c8d5bb84aee8395ce6f775e321af	2	1	True					True
case118_corrected_da_dcopf_seed901_N1000_lop0008	corrected_da_dcopf	901	901	902	1	372			dcopf	failure_label		-0.06000000000000005			-1.1582442560609252e-08		True		False		False	False	False	False	True	0.027767799998400733	0.0	28f5fec4df7997a242ef30cca1248e735a675180	3948161167e3f84da8eae0b44aede522829d6435	2	1	True					True
case118_corrected_da_dcopf_seed901_N1000_lop0008	corrected_da_dcopf	901	901	902	1	373			dcopf	failure_label		-0.06000000000000005			-1.2236550661626211e-08		True		False		False	False	False	False	True	0.027109625007142313	0.0	4c046ea6eeb2dac1266e75a02fdb79b36172e30c	5c36e610a590c37f97a5e881373a719323b3fd69	2	2	True					True
case118_corrected_da_dcopf_seed901_N1000_lop0008	corrected_da_dcopf	901	901	902	1	374			dcopf	failure_label		-0.06000000000000005			-1.2336584198635592e-08		True		False		False	False	False	False	True	0.02672216499922797	0.0	d688a48bb91efc67fd0be207bba91ea872fa3719	f982e4d96f25e5c3dae068be6d8ac7edb85858ef	4	5	True					True
case118_corrected_da_dcopf_seed901_N1000_lop0008	corrected_da_dcopf	901	901	902	1	375			dcopf	failure_label		-0.06000000000000005			-1.4440176387964243e-08		True		False		False	False	False	False	True	0.028966405996470712	0.0	bfb145f247b780c8ac7a9c5c321947b5d3068058	c72e5124f3a0342146d3dd3f575d2899079912df	2	2	True					True
case118_corrected_da_dcopf_seed901_N1000_lop0008	corrected_da_dcopf	901	901	902	1	376			dcopf	failure_label		-0.06000000000000005			-1.460037513112411e-08		True		False		False	False	False	False	True	0.03117492000455968	0.0	1f31d79f8046f83a327e2eeec998fe1b264f38d7	1b0a524e1f279ef77a1597bc00cb3b3799a92c7f	2	2	True					True
case118_corrected_da_dcopf_seed901_N1000_lop0008	corrected_da_dcopf	901	901	902	1	377			dcopf	failure_label		-0.06000000000000005			-1.577177588529821e-08		True		False		False	False	False	False	True	0.02828594300081022	0.0	02de28396aae69a4df9a721d1591b6a4a9fbd378	95bbfe6730c27224adb90363b996a35f5e567778	2	3	True					True
case118_corrected_da_dcopf_seed901_N1000_lop0008	corrected_da_dcopf	901	901	902	1	378			dcopf	failure_label		-0.06000000000000005			-1.6029168881104283e-08		True		False		False	False	False	False	True	0.028812317992560565	0.0	ff27949f833d63d988a4d1c52d74b34607b89112	dea8d5dc6060055c05591fd8ba53937d8564748f	2	2	True					True
case118_corrected_da_dcopf_seed901_N1000_lop0008	corrected_da_dcopf	901	901	902	1	379			dcopf	failure_label		-0.06000000000000005			-1.690827988731769e-08		True		False		False	False	False	False	True	0.028026841988321394	0.0	67957080805fb0b7db19faa554a070fbed84a0dd	e1a7af430a5cfcbaf888e3a97a7ce02673f54180	3	3	True					True
case118_corrected_da_dcopf_seed901_N1000_lop0008	corrected_da_dcopf	901	901	902	1	380			dcopf	failure_label		inf	-0.06000000000000005	True	-1.700364715695457e-08	inf	True	False	False	True	True	False	True	True	True	0.05066873300529551	0.019071782007813454	00374f71549b0f629e07c4072d1c74a654a5f946	56b3efe8108b7a6fab43e5ad794f14a5b874b622	2	3	False					False
case118_corrected_da_dcopf_seed901_N1000_lop0008	corrected_da_dcopf	901	901	902	1	381			dcopf	failure_label		-0.06000000000000005			-1.7050555412012613e-08		True		False		False	False	False	False	True	0.028795591002563015	0.0	779736aa1be996cb9523b62f9be49a3887fc98b2	bddf07e8a7c89a8d78809824445915777f306e5b	1	1	True					True
case118_corrected_da_dcopf_seed901_N1000_lop0008	corrected_da_dcopf	901	901	902	1	382			dcopf	failure_label		-0.06000000000000005			-1.7050555412012613e-08		True		False		False	False	False	False	True	0.02835102000972256	0.0	779736aa1be996cb9523b62f9be49a3887fc98b2	89e3593241f9b9ab9c4d94d344cf88b920bf00f1	1	2	True					True
case118_corrected_da_dcopf_seed901_N1000_lop0008	corrected_da_dcopf	901	901	902	1	383			dcopf	failure_label		-0.06000000000000005			-1.717488817831736e-08		True		False		False	False	False	False	True	0.027822160001960583	0.0	3fe2535a6f69a580a60a14b0dedc22de6e35d816	45a953963d00ea1b59d4aab62257ca8f64b08ce4	2	2	True					True
case118_corrected_da_dcopf_seed901_N1000_lop0008	corrected_da_dcopf	901	901	902	1	384			dcopf	failure_label		-0.06000000000000005			-1.7177267608303737e-08		True		False		False	False	False	False	True	0.028428906996850856	0.0	bda73d3361d5eda471ad67cbb8d14648668b982d	a5711e9763c3bfe59721550b4daaf82f755f8c77	1	0	True					True
case118_corrected_da_dcopf_seed901_N1000_lop0008	corrected_da_dcopf	901	901	902	1	385			dcopf	failure_label		inf	-0.06000000000000005	True	-1.729247101067699e-08	inf	True	False	False	True	True	False	True	True	True	0.04885325599752832	0.018168487993534654	77db482a79bed82628d4772acfa4b1c57dcd6228	821ac336d3b5c18ac3bd79af8b873b1e9dd90263	2	3	False					False
case118_corrected_da_dcopf_seed901_N1000_lop0008	corrected_da_dcopf	901	901	902	1	386			dcopf	failure_label		-0.06000000000000005			-1.7548009711987334e-08		True		False		False	False	False	False	True	0.025716994001413696	0.0	ff82f38a072fdd30b693de3876358c7105948753	f8a1a15faea46ed536c689321a921d2cca1efd0d	2	2	True					True
case118_corrected_da_dcopf_seed901_N1000_lop0008	corrected_da_dcopf	901	901	902	1	387			dcopf	failure_label		-0.06000000000000005			-1.7608037250482766e-08		True		False		False	False	False	False	True	0.026909190986771137	0.0	07d43061de8f8bf3cfd9fe0e1c667352d6ef0999	57441f51371873d223c8a75e84a2b31fad0ff825	1	2	True					True
case118_corrected_da_dcopf_seed901_N1000_lop0008	corrected_da_dcopf	901	901	902	1	388			dcopf	failure_label		-0.06000000000000005			-1.7717721956245214e-08		True		False		False	False	False	False	True	0.027458639990072697	0.0	4f6113841a29c753337aca5370cc9cb4b9e1b2d3	07b6244b5a1ad1bca40b79e56c6e3766e3582413	2	3	True					True
case118_corrected_da_dcopf_seed901_N1000_lop0008	corrected_da_dcopf	901	901	902	1	389			dcopf	failure_label		-0.06000000000000005			-1.7975411603643465e-08		True		False		False	False	False	False	True	0.02761177498905454	0.0	f2063c76505235c75ec5fecfb965a8424aedd473	96f60c81d67c3ab6900771895a067961bbb1e55b	2	1	True					True
case118_corrected_da_dcopf_seed901_N1000_lop0008	corrected_da_dcopf	901	901	902	1	390			dcopf	failure_label		-0.06000000000000005			-1.8081543373682507e-08		True		False		False	False	False	False	True	0.025681775994598866	0.0	4be411374941b9593b82582e259b46e2043891a2	5ef8dd9d99a16f67f723bb542cf3421734d18d31	4	4	True					True
case118_corrected_da_dcopf_seed901_N1000_lop0008	corrected_da_dcopf	901	901	902	1	391			dcopf	failure_label		-0.06000000000000005			-1.8167667592550174e-08		True		False		False	False	False	False	True	0.03168351799831726	0.0	1fd191a48be412ba40ebab051a935813a9e0ba55	e937d34f9ac1bb06e04317e36471bf1718be441b	4	5	True					True
case118_corrected_da_dcopf_seed901_N1000_lop0008	corrected_da_dcopf	901	901	902	1	392			dcopf	failure_label		-0.06000000000000005			-1.826657691772482e-08		True		False		False	False	False	False	True	0.027793266999651678	0.0	fd9f6c5899b434c875c2c1acae8f11e25fa9be39	a5711e9763c3bfe59721550b4daaf82f755f8c77	1	0	True					True
case118_corrected_da_dcopf_seed901_N1000_lop0008	corrected_da_dcopf	901	901	902	1	393			dcopf	failure_label		-0.06000000000000005			-1.826657691772482e-08		True		False		False	False	False	False	True	0.02737317100400105	0.0	fd9f6c5899b434c875c2c1acae8f11e25fa9be39	ead7849a47d509cb71fc3e2af693cf5fec59d3ad	1	1	True					True
case118_corrected_da_dcopf_seed901_N1000_lop0008	corrected_da_dcopf	901	901	902	1	394			dcopf	failure_label		-0.06000000000000005			-1.8287154013307827e-08		True		False		False	False	False	False	True	0.02820516299107112	0.0	a6bb6949d6d6421daf2fa61415943d0c9c6175ce	5fcb68cab1c0e5d9b9cfc8e7fbce6178e11e18ae	1	2	True					True
case118_corrected_da_dcopf_seed901_N1000_lop0008	corrected_da_dcopf	901	901	902	1	395			dcopf	failure_label		inf	-0.06000000000000005	True	-1.8365736931258425e-08	inf	True	False	False	True	True	False	True	True	True	0.049238539999350905	0.018940986003144644	01da1fa216ae7c5df70cb30bd510c157c22da890	804893cf9dddf7e148d6c83b4ad179e951bc002a	1	2	False					False
case118_corrected_da_dcopf_seed901_N1000_lop0008	corrected_da_dcopf	901	901	902	1	396			dcopf	failure_label		-0.06000000000000005			-1.8365736931258425e-08		True		False		False	False	False	False	True	0.033445913999457844	0.0	01da1fa216ae7c5df70cb30bd510c157c22da890	451dbc97aa42cf8df84df8639adc413d00d80f00	1	2	True					True
case118_corrected_da_dcopf_seed901_N1000_lop0008	corrected_da_dcopf	901	901	902	1	397			dcopf	failure_label		-0.06000000000000005			-1.8429252124363416e-08		True		False		False	False	False	False	True	0.02919348700379487	0.0	3a0c13848e35436b3332af463ea8ce0e14a4d6a2	d170816424867776fbc4bbccc07d5a61fcf5a02c	1	2	True					True
case118_corrected_da_dcopf_seed901_N1000_lop0008	corrected_da_dcopf	901	901	902	1	398			dcopf	failure_label		-0.06000000000000005			-1.863304377458519e-08		True		False		False	False	False	False	True	0.027784147998318076	0.0	92fbfb6dc19d0fe2973456e3a5a4080588f5f8a4	a5711e9763c3bfe59721550b4daaf82f755f8c77	1	0	True					True
case118_corrected_da_dcopf_seed901_N1000_lop0008	corrected_da_dcopf	901	901	902	1	399			dcopf	failure_label		-0.06000000000000005			-1.864733523149198e-08		True		False		False	False	False	False	True	0.028857803001301363	0.0	da8328a6ee0965b06742c8c0dc9ed8ea6b585068	97f58697b2d32be377bb788ba9d62fcd17f18af4	2	2	True					True
case118_corrected_da_dcopf_seed901_N1000_lop0008	corrected_da_dcopf	901	901	902	1	400			dcopf	failure_label		-0.06000000000000005			-1.8703526505348123e-08		True		False		False	False	False	False	True	0.032179007001104765	0.0	f8ba21dc009d62ed1df255ad5b8d359e915beb86	b9425d502694e78ec7d3b64177614c8389f7bf46	1	2	True					True
case118_corrected_da_dcopf_seed901_N1000_lop0008	corrected_da_dcopf	901	901	902	1	401			dcopf	failure_label		-0.06000000000000005			-1.878252819942361e-08		True		False		False	False	False	False	True	0.02925252700515557	0.0	a8164679e99b03f7dd3ec8b584d044cf794ebd06	a5711e9763c3bfe59721550b4daaf82f755f8c77	1	0	True					True
case118_corrected_da_dcopf_seed901_N1000_lop0008	corrected_da_dcopf	901	901	902	1	402			dcopf	failure_label		-0.06000000000000005			-1.878252819942361e-08		True		False		False	False	False	False	True	0.029191523004556075	0.0	a8164679e99b03f7dd3ec8b584d044cf794ebd06	a5711e9763c3bfe59721550b4daaf82f755f8c77	1	0	True					True
case118_corrected_da_dcopf_seed901_N1000_lop0008	corrected_da_dcopf	901	901	902	1	403			dcopf	failure_label		inf	-0.06000000000000005	True	-1.8834294568392806e-08	inf	True	False	False	True	True	False	True	True	True	0.049428111989982426	0.018127361006918363	2c065c95dc95b8d9412703e6fc35fc6df2ecca7c	3256588a0fc513b418299f167fc38b27efc44491	2	2	False					False
case118_corrected_da_dcopf_seed901_N1000_lop0008	corrected_da_dcopf	901	901	902	1	404			dcopf	failure_label		-0.06000000000000005			-1.894688073100781e-08		True		False		False	False	False	False	True	0.02746190498874057	0.0	c29b8331885874dd223475f90446a844ffca3b44	c0278424788770b601c883629e68c00bf98f5b29	4	3	True					True
case118_corrected_da_dcopf_seed901_N1000_lop0008	corrected_da_dcopf	901	901	902	1	405			dcopf	failure_label		-0.06000000000000005			-1.9141352058937855e-08		True		False		False	False	False	False	True	0.028040840988978744	0.0	6307a496297a3be271a2b7f758aa32240f3fd1d1	7bd4582d9883a129113929ba34c4f13e077f646d	4	3	True					True
case118_corrected_da_dcopf_seed901_N1000_lop0008	corrected_da_dcopf	901	901	902	1	406			dcopf	failure_label		-0.06000000000000005			-1.9435943299228597e-08		True		False		False	False	False	False	True	0.0262424600077793	0.0	1191da1b2f3b1b5f13005cd72123e82e0a5f750e	6bf735031d5c25c50b4c2615c4553a2107495205	2	2	True					True
case118_corrected_da_dcopf_seed901_N1000_lop0008	corrected_da_dcopf	901	901	902	1	407			dcopf	failure_label		-0.06000000000000005			-1.9540691731378956e-08		True		False		False	False	False	False	True	0.027788917999714613	0.0	09925af4bdee6816e7a0b671ad04479142175bfb	5f5ab3259fdfe747e1d26b33c144f3f32bfba736	1	2	True					True
case118_corrected_da_dcopf_seed901_N1000_lop0008	corrected_da_dcopf	901	901	902	1	408			dcopf	failure_label		-0.06000000000000005			-1.9801058348534184e-08		True		False		False	False	False	False	True	0.026097199006471783	0.0	a7874a1d09f45fed0a79cd9da0af3d187ee26ccd	a8b440bf83858282d5dacb2091a72d3fb3de0348	1	1	True					True
case118_corrected_da_dcopf_seed901_N1000_lop0008	corrected_da_dcopf	901	901	902	1	409			dcopf	failure_label		-0.06000000000000005			-1.9991343691572183e-08		True		False		False	False	False	False	True	0.02652409000438638	0.0	dae14a430594723e1977ebf0590a8180fc5e6fa2	38bf30e6a735661c865c2659ba8cff5facf2b1dd	1	2	True					True
case118_corrected_da_dcopf_seed901_N1000_lop0008	corrected_da_dcopf	901	901	902	1	410			dcopf	failure_label		-0.06000000000000005			-2.012741928680839e-08		True		False		False	False	False	False	True	0.025166321996948682	0.0	25d2ced3e6ff07e6ad99677800a0185c0234befb	34086b04789392fee4d3bc827b47f569b648047c	1	2	True					True
case118_corrected_da_dcopf_seed901_N1000_lop0008	corrected_da_dcopf	901	901	902	1	411			dcopf	failure_label		-0.06000000000000005			-2.0254885768622444e-08		True		False		False	False	False	False	True	0.026656187998014502	0.0	8275aae0a8660cb53510d9be400d1567d53fb7a4	bf34145a4b31b9d9790901a513158505b8561a93	2	3	True					True
case118_corrected_da_dcopf_seed901_N1000_lop0008	corrected_da_dcopf	901	901	902	1	412			dcopf	failure_label		-0.06000000000000005			-2.036274082684031e-08		True		False		False	False	False	False	True	0.027118493992020376	0.0	3e89d6c62c9f612f310df653fde04a4e1254c654	a5711e9763c3bfe59721550b4daaf82f755f8c77	1	0	True					True
case118_corrected_da_dcopf_seed901_N1000_lop0008	corrected_da_dcopf	901	901	902	1	413			dcopf	failure_label		-0.06000000000000005			-2.0454785198964487e-08		True		False		False	False	False	False	True	0.03297234199999366	0.0	a3b0a968a956d9c482c29d650dfbd670cb254bb0	1c02bbf3dea292304a4514af98d28ebce1b7d4aa	2	1	True					True
case118_corrected_da_dcopf_seed901_N1000_lop0008	corrected_da_dcopf	901	901	902	1	414			dcopf	failure_label		-0.06000000000000005			-2.0485565022099195e-08		True		False		False	False	False	False	True	0.029777973002637736	0.0	81f53e465b31787c655b245af9a542a55d04a8ba	a5711e9763c3bfe59721550b4daaf82f755f8c77	1	0	True					True
case118_corrected_da_dcopf_seed901_N1000_lop0008	corrected_da_dcopf	901	901	902	1	415			dcopf	failure_label		-0.06000000000000005			-2.052581482558935e-08		True		False		False	False	False	False	True	0.028356416994938627	0.0	ac1ed0b798f77d106929b081dfde96993db674f3	a5711e9763c3bfe59721550b4daaf82f755f8c77	1	0	True					True
case118_corrected_da_dcopf_seed901_N1000_lop0008	corrected_da_dcopf	901	901	902	1	416			dcopf	failure_label		-0.06000000000000005			-2.0556628399504007e-08		True		False		False	False	False	False	True	0.026524979999521747	0.0	a5711e9763c3bfe59721550b4daaf82f755f8c77	6f607b8cfcfea019dee3e2f9c29c3175e4234e66	0	1	True					True
case118_corrected_da_dcopf_seed901_N1000_lop0008	corrected_da_dcopf	901	901	902	1	417			dcopf	failure_label		inf	-0.06000000000000005	True	-2.0556628399504007e-08	inf	True	False	False	True	True	False	True	True	True	0.047285407010349445	0.018033065003692172	a5711e9763c3bfe59721550b4daaf82f755f8c77	2a1ee623e823b70db6535f92e7684003bc4303e5	0	1	False					False
case118_corrected_da_dcopf_seed901_N1000_lop0008	corrected_da_dcopf	901	901	902	1	418			dcopf	failure_label		-0.06000000000000005			-2.0556628399504007e-08		True		False		False	False	False	False	True	0.028335623996099457	0.0	a5711e9763c3bfe59721550b4daaf82f755f8c77	747bb415df2c4e0e003e91dc2dde712eb4610966	0	1	True					True
case118_corrected_da_dcopf_seed901_N1000_lop0008	corrected_da_dcopf	901	901	902	1	419			dcopf	failure_label		inf	-0.06000000000000005	True	-2.0556628399504007e-08	inf	True	False	False	True	True	False	True	True	True	0.04980694399273489	0.01946198000223376	a5711e9763c3bfe59721550b4daaf82f755f8c77	4f7e41e08e4efee8a272f50d1fc5095fcea5e16b	0	1	False					False
case118_corrected_da_dcopf_seed901_N1000_lop0008	corrected_da_dcopf	901	901	902	1	420			dcopf	failure_label		-0.06000000000000005			-2.0556628399504007e-08		True		False		False	False	False	False	True	0.030104361998382956	0.0	a5711e9763c3bfe59721550b4daaf82f755f8c77	1b0b45a99cb27ccb6296ad12251590f0da7232d9	0	1	True					True
case118_corrected_da_dcopf_seed901_N1000_lop0008	corrected_da_dcopf	901	901	902	1	421			dcopf	failure_label		-0.06000000000000005			-2.0556628399504007e-08		True		False		False	False	False	False	True	0.032484879993717186	0.0	a5711e9763c3bfe59721550b4daaf82f755f8c77	3d6b7c0eb46c66d0e6771eb77cee82829a41be09	0	1	True					True
case118_corrected_da_dcopf_seed901_N1000_lop0008	corrected_da_dcopf	901	901	902	1	422			dcopf	failure_label		-0.06000000000000005			-2.0556628399504007e-08		True		False		False	False	False	False	True	0.026138373999856412	0.0	a5711e9763c3bfe59721550b4daaf82f755f8c77	a8b440bf83858282d5dacb2091a72d3fb3de0348	0	1	True					True
case118_corrected_da_dcopf_seed901_N1000_lop0008	corrected_da_dcopf	901	901	902	1	423			dcopf	failure_label		-0.06000000000000005			-2.0556628399504007e-08		True		False		False	False	False	False	True	0.028029127002810128	0.0	a5711e9763c3bfe59721550b4daaf82f755f8c77	203e0c4d788902940d5ef31d850594733cefc292	0	1	True					True
case118_corrected_da_dcopf_seed901_N1000_lop0008	corrected_da_dcopf	901	901	902	1	424			dcopf	failure_label		inf	-0.06000000000000005	True	-2.0556628399504007e-08	inf	True	False	False	True	True	False	True	True	True	0.052108029994997196	0.018934510997496545	a5711e9763c3bfe59721550b4daaf82f755f8c77	d8f20d6f19d549c87857ba8a6e6c2c3702b85e09	0	1	False					False
case118_corrected_da_dcopf_seed901_N1000_lop0008	corrected_da_dcopf	901	901	902	1	425			dcopf	failure_label		-0.06000000000000005			-2.0556628399504007e-08		True		False		False	False	False	False	True	0.029164075996959582	0.0	a5711e9763c3bfe59721550b4daaf82f755f8c77	86896765b0af2441824fa3302df9148db7e3bed1	0	1	True					True
case118_corrected_da_dcopf_seed901_N1000_lop0008	corrected_da_dcopf	901	901	902	1	426			dcopf	failure_label		-0.06000000000000005			-2.0556628399504007e-08		True		False		False	False	False	False	True	0.028679651994025335	0.0	a5711e9763c3bfe59721550b4daaf82f755f8c77	b9fbb90ed74046dac6d6631ffe012d6c33046acc	0	1	True					True
case118_corrected_da_dcopf_seed901_N1000_lop0008	corrected_da_dcopf	901	901	902	1	427			dcopf	failure_label		-0.06000000000000005			-2.0556628399504007e-08		True		False		False	False	False	False	True	0.028364684010739438	0.0	a5711e9763c3bfe59721550b4daaf82f755f8c77	db67d053b31ab37c5618674c6d945eeda9ad98e8	0	1	True					True
case118_corrected_da_dcopf_seed901_N1000_lop0008	corrected_da_dcopf	901	901	902	1	428			dcopf	failure_label		-0.06000000000000005			-2.0556628399504007e-08		True		False		False	False	False	False	True	0.02992480099783279	0.0	a5711e9763c3bfe59721550b4daaf82f755f8c77	fc48048427f92fdb567d188e1b1f5e04aa933771	0	1	True					True
case118_corrected_da_dcopf_seed901_N1000_lop0008	corrected_da_dcopf	901	901	902	1	429			dcopf	failure_label		-0.06000000000000005			-2.0556628399504007e-08		True		False		False	False	False	False	True	0.03160498999932315	0.0	a5711e9763c3bfe59721550b4daaf82f755f8c77	937a29263861138b210cafe0d28532c30072e00a	0	1	True					True
case118_corrected_da_dcopf_seed901_N1000_lop0008	corrected_da_dcopf	901	901	902	1	430			dcopf	failure_label		-0.06000000000000005			-2.0556628399504007e-08		True		False		False	False	False	False	True	0.032794219005154446	0.0	a5711e9763c3bfe59721550b4daaf82f755f8c77	7c82ac2ccac5515723b7ed4479b23fee71dd6746	0	1	True					True
case118_corrected_da_dcopf_seed901_N1000_lop0008	corrected_da_dcopf	901	901	902	1	431			dcopf	failure_label		-0.06000000000000005			-2.0556628399504007e-08		True		False		False	False	False	False	True	0.03120699200371746	0.0	a5711e9763c3bfe59721550b4daaf82f755f8c77	8a3027f904a03ddd1fab75c644e229323eae123f	0	1	True					True
case118_corrected_da_dcopf_seed901_N1000_lop0008	corrected_da_dcopf	901	901	902	1	432			dcopf	failure_label		-0.06000000000000005			-2.0556628399504007e-08		True		False		False	False	False	False	True	0.030634632013970986	0.0	a5711e9763c3bfe59721550b4daaf82f755f8c77	96f60c81d67c3ab6900771895a067961bbb1e55b	0	1	True					True
case118_corrected_da_dcopf_seed901_N1000_lop0008	corrected_da_dcopf	901	901	902	1	433			dcopf	failure_label		-0.06000000000000005			-2.0556628399504007e-08		True		False		False	False	False	False	True	0.029554127002484165	0.0	a5711e9763c3bfe59721550b4daaf82f755f8c77	4062955de3340d551ac949ee7348408b642d346a	0	1	True					True
case118_corrected_da_dcopf_seed901_N1000_lop0008	corrected_da_dcopf	901	901	902	1	434			dcopf	failure_label		-0.06000000000000005			-2.0556628399504007e-08		True		False		False	False	False	False	True	0.030695831999764778	0.0	a5711e9763c3bfe59721550b4daaf82f755f8c77	1a2946c1ec132d6d14270fa84e8ef5df308ac4db	0	1	True					True
case118_corrected_da_dcopf_seed901_N1000_lop0008	corrected_da_dcopf	901	901	902	1	435			dcopf	failure_label		-0.06000000000000005			-2.0556628399504007e-08		True		False		False	False	False	False	True	0.030328768989420496	0.0	a5711e9763c3bfe59721550b4daaf82f755f8c77	ded191f1368d4dda2400a092b83937e10428f638	0	1	True					True
case118_corrected_da_dcopf_seed901_N1000_lop0008	corrected_da_dcopf	901	901	902	1	436			dcopf	failure_label		-0.06000000000000005			-2.0556628399504007e-08		True		False		False	False	False	False	True	0.0311385670065647	0.0	a5711e9763c3bfe59721550b4daaf82f755f8c77	ce64c90b473d069eecc4faa0585ecb1c9d8a493b	0	1	True					True
case118_corrected_da_dcopf_seed901_N1000_lop0008	corrected_da_dcopf	901	901	902	1	437			dcopf	failure_label		-0.06000000000000005			-2.0556628399504007e-08		True		False		False	False	False	False	True	0.02952275400457438	0.0	a5711e9763c3bfe59721550b4daaf82f755f8c77	72f6947b10319d18f2c7c2a84a937eae24767568	0	1	True					True
case118_corrected_da_dcopf_seed901_N1000_lop0008	corrected_da_dcopf	901	901	902	1	438			dcopf	failure_label		-0.06000000000000005			-2.0556628399504007e-08		True		False		False	False	False	False	True	0.031817837996641174	0.0	a5711e9763c3bfe59721550b4daaf82f755f8c77	ce64c90b473d069eecc4faa0585ecb1c9d8a493b	0	1	True					True
case118_corrected_da_dcopf_seed901_N1000_lop0008	corrected_da_dcopf	901	901	902	1	439			dcopf	failure_label		-0.06000000000000005			-2.0556628399504007e-08		True		False		False	False	False	False	True	0.03361595199385192	0.0	a5711e9763c3bfe59721550b4daaf82f755f8c77	6f607b8cfcfea019dee3e2f9c29c3175e4234e66	0	1	True					True
case118_corrected_da_dcopf_seed901_N1000_lop0008	corrected_da_dcopf	901	901	902	1	440			dcopf	failure_label		-0.06000000000000005			-2.0556628399504007e-08		True		False		False	False	False	False	True	0.030283889995189384	0.0	a5711e9763c3bfe59721550b4daaf82f755f8c77	3948161167e3f84da8eae0b44aede522829d6435	0	1	True					True
case118_corrected_da_dcopf_seed901_N1000_lop0008	corrected_da_dcopf	901	901	902	1	441			dcopf	failure_label		-0.06000000000000005			-2.0556628399504007e-08		True		False		False	False	False	False	True	0.029877581997425295	0.0	a5711e9763c3bfe59721550b4daaf82f755f8c77	14822bfe194eefdb7faddd20d39f2347fa8222ad	0	1	True					True
case118_corrected_da_dcopf_seed901_N1000_lop0008	corrected_da_dcopf	901	901	902	1	442			dcopf	failure_label		-0.06000000000000005			-2.0556628399504007e-08		True		False		False	False	False	False	True	0.029464017003192566	0.0	a5711e9763c3bfe59721550b4daaf82f755f8c77	23a32114b1f1b6577f911653162f14da2e169fb2	0	1	True					True
case118_corrected_da_dcopf_seed901_N1000_lop0008	corrected_da_dcopf	901	901	902	1	443			dcopf	failure_label		-0.06000000000000005			-2.0556628399504007e-08		True		False		False	False	False	False	True	0.026384551005321555	0.0	a5711e9763c3bfe59721550b4daaf82f755f8c77	6f607b8cfcfea019dee3e2f9c29c3175e4234e66	0	1	True					True
case118_corrected_da_dcopf_seed901_N1000_lop0008	corrected_da_dcopf	901	901	902	1	444			dcopf	failure_label		-0.06000000000000005			-2.0556628399504007e-08		True		False		False	False	False	False	True	0.028011051996145397	0.0	a5711e9763c3bfe59721550b4daaf82f755f8c77	920041f67f3b082428386de42dd9981148225200	0	1	True					True
case118_corrected_da_dcopf_seed901_N1000_lop0008	corrected_da_dcopf	901	901	902	1	445			dcopf	failure_label		-0.06000000000000005			-2.0556628399504007e-08		True		False		False	False	False	False	True	0.03077146300347522	0.0	a5711e9763c3bfe59721550b4daaf82f755f8c77	553227550c9d1ec7c61d1c2f9d8f1d6c27a468db	0	1	True					True
case118_corrected_da_dcopf_seed901_N1000_lop0008	corrected_da_dcopf	901	901	902	1	446			dcopf	failure_label		-0.06000000000000005			-2.0556628399504007e-08		True		False		False	False	False	False	True	0.030761941001401283	0.0	a5711e9763c3bfe59721550b4daaf82f755f8c77	203e0c4d788902940d5ef31d850594733cefc292	0	1	True					True
case118_corrected_da_dcopf_seed901_N1000_lop0008	corrected_da_dcopf	901	901	902	1	447			dcopf	failure_label		-0.06000000000000005			-2.0556628399504007e-08		True		False		False	False	False	False	True	0.02861103900067974	0.0	a5711e9763c3bfe59721550b4daaf82f755f8c77	c46dc24499d2a13215d1391e7741cc1f3c2779e8	0	1	True					True
case118_corrected_da_dcopf_seed901_N1000_lop0008	corrected_da_dcopf	901	901	902	1	448			dcopf	failure_label		-0.06000000000000005			-2.0556628399504007e-08		True		False		False	False	False	False	True	0.029747684005997144	0.0	a5711e9763c3bfe59721550b4daaf82f755f8c77	700ba7e8b3cb0d97d15bde1e41321764eaa39aad	0	1	True					True
case118_corrected_da_dcopf_seed901_N1000_lop0008	corrected_da_dcopf	901	901	902	1	449			dcopf	failure_label		-0.06000000000000005			-2.0556628399504007e-08		True		False		False	False	False	False	True	0.032999289003782906	0.0	a5711e9763c3bfe59721550b4daaf82f755f8c77	a221093da774fc1c0b677a31ea8b56276d53933b	0	1	True					True
case118_corrected_da_dcopf_seed901_N1000_lop0008	corrected_da_dcopf	901	901	902	1	450			dcopf	failure_label		-0.06000000000000005			-2.0556628399504007e-08		True		False		False	False	False	False	True	0.031049547003931366	0.0	a5711e9763c3bfe59721550b4daaf82f755f8c77	01da1fa216ae7c5df70cb30bd510c157c22da890	0	1	True					True
case118_corrected_da_dcopf_seed901_N1000_lop0008	corrected_da_dcopf	901	901	902	1	451			dcopf	failure_label		inf	inf	False	inf	inf	False	False	True	True	True	True	False	True	True	0.043223904009209946	0.018561051998403855	eb88cd2486a851a30355b1f705ad3c6260bd2125	4672e1aa5ca24ad8e6dbeed6660c1f76735d6767	3	4	False					False
case118_corrected_da_dcopf_seed901_N1000_lop0008	corrected_da_dcopf	901	901	902	1	452			dcopf	failure_label		-0.06000000000000005			inf		False		True		False	False	False	False	True	0.030840820996672846	0.0	c0bf4b0ce29660d841905f5ebb7546c50196fc8b	a5711e9763c3bfe59721550b4daaf82f755f8c77	1	0	True					True
case118_corrected_da_dcopf_seed901_N1000_lop0008	corrected_da_dcopf	901	901	902	1	453			dcopf	failure_label		-0.06000000000000005			inf		False		True		False	False	False	False	True	0.02650734300550539	0.0	795bd2ff11d449e4a77412ea1ec81c036b9beb4d	614d3e1d44d0484fb76037efb41db9ecd98264ef	2	2	True					True
case118_corrected_da_dcopf_seed901_N1000_lop0008	corrected_da_dcopf	901	901	902	1	454			dcopf	failure_label		inf	inf	False	inf	inf	False	False	True	True	True	True	False	True	True	0.04242833598982543	0.01924664199759718	19167db0cf9c7b6942a1d10870abf581f9a4ed2f	f39d3170ace5acb6bb17fecadbd9d67735846194	3	2	False					False
case118_corrected_da_dcopf_seed901_N1000_lop0008	corrected_da_dcopf	901	901	902	1	455			dcopf	failure_label		-0.06000000000000005			inf		False		True		False	False	False	False	True	0.028127716010203585	0.0	4e4c35954118b19acd43d2529716a50684a8fbb0	e3a118d3cdd525ad9d55f7bfc05d13bacbd8a830	2	2	True					True
case118_corrected_da_dcopf_seed901_N1000_lop0008	corrected_da_dcopf	901	901	902	1	456			dcopf	failure_label		-0.06000000000000005			inf		False		True		False	False	False	False	True	0.027601534995483235	0.0	a4385f2af9d37490706fcf3a6de3f9a31542c3ee	d2b03ef808168cbddfc703d06b4fc8b02f0a6692	2	1	True					True
case118_corrected_da_dcopf_seed901_N1000_lop0008	corrected_da_dcopf	901	901	902	1	457			dcopf	failure_label		inf	inf	False	inf	inf	False	False	True	True	True	False	False	True	True	0.04262946800736245	0.01827759599837009	08332893a24661abd41996c08646972f5b300b05	86146d055257e5cca9d709d7ba1900322eb5cfb0	4	5	False					False
case118_corrected_da_dcopf_seed901_N1000_lop0008	corrected_da_dcopf	901	901	902	1	458			dcopf	failure_label		inf	inf	False	inf	inf	False	False	True	True	True	True	False	True	True	0.04216911000548862	0.018550826993305236	5384f0f764f0c66c4c5a735834cf5fad2f82bb9d	a2b00de9d9eb09ab163c7d177f90b429c6015f25	6	7	False					False
case118_corrected_da_dcopf_seed901_N1000_lop0008	corrected_da_dcopf	901	901	902	1	459			dcopf	failure_label		-0.06000000000000005			inf		False		True		False	False	False	False	True	0.026579780998872593	0.0	fc9d2cac0b754b065bfa75b2ffccc8ab5cc73454	2017f8523263bbd6778f4c0a920bf23d10008cdc	2	1	True					True
case118_corrected_da_dcopf_seed901_N1000_lop0008	corrected_da_dcopf	901	901	902	1	460			dcopf	failure_label		-0.06000000000000005			inf		False		True		False	False	False	False	True	0.03130576699913945	0.0	2a1ee623e823b70db6535f92e7684003bc4303e5	a5711e9763c3bfe59721550b4daaf82f755f8c77	1	0	True					True
case118_corrected_da_dcopf_seed901_N1000_lop0008	corrected_da_dcopf	901	901	902	1	461			dcopf	failure_label		inf	inf	False	inf	inf	False	False	True	True	True	True	False	True	True	0.044679604994598776	0.019097868003882468	600965884fd5c4a6e74ab4d2156fcfc3c4040fe5	83812d29cbe4a70c243cd510d41acd5f86f48600	2	1	False					False
case118_corrected_da_dcopf_seed901_N1000_lop0008	corrected_da_dcopf	901	901	902	1	462			dcopf	failure_label		inf	inf	False	inf	inf	False	False	True	True	True	True	False	True	True	0.04466966100153513	0.020657407003454864	f20bc9e30d15c2141803318a7083cdfe7973bb67	732375a66ecf169223e5ac10d1483f1e40988fcf	3	2	False					False
case118_corrected_da_dcopf_seed901_N1000_lop0008	corrected_da_dcopf	901	901	902	1	463			dcopf	failure_label		-0.06000000000000005			inf		False		True		False	False	False	False	True	0.03121995399123989	0.0	f3ded12a3ca302104d37e8cc1d2a64814e81b8b6	8badec8e21e478a7625683bbc7c81d5b73dd72d7	2	1	True					True
case118_corrected_da_dcopf_seed901_N1000_lop0008	corrected_da_dcopf	901	901	902	1	464			dcopf	failure_label		inf	inf	False	inf	inf	False	False	True	True	True	True	False	True	True	0.04361647200130392	0.027702958992449567	fa8ea0e4a3b06249611213013e48825cf8dc40e7	c1c8335e60d18f36de2f88f5fffb7b46faf1585e	1	1	False					False
case118_corrected_da_dcopf_seed901_N1000_lop0008	corrected_da_dcopf	901	901	902	1	465			dcopf	failure_label		inf	inf	False	inf	inf	False	False	True	True	True	True	False	True	True	0.04532890199334361	0.019371590999071486	ff15a32d43b4d684d6a4eeaa673bbe024c3d9b3f	d500faca48506890a0afb26e544612bf8b6ec130	3	2	False					False
case118_corrected_da_dcopf_seed901_N1000_lop0008	corrected_da_dcopf	901	901	902	1	466			dcopf	failure_label		-0.06000000000000005			inf		False		True		False	False	False	False	True	0.03063237499736715	0.0	d966aa3743a755f322ddcea5980392c023d9a782	da264a6524351d06d1d0b6a2d52ab9abb595df4f	2	1	True					True
case118_corrected_da_dcopf_seed901_N1000_lop0008	corrected_da_dcopf	901	901	902	1	467			dcopf	failure_label		-0.06000000000000005			inf		False		True		False	False	False	False	True	0.029292917999555357	0.0	2a1ee623e823b70db6535f92e7684003bc4303e5	a5711e9763c3bfe59721550b4daaf82f755f8c77	1	0	True					True
case118_corrected_da_dcopf_seed901_N1000_lop0008	corrected_da_dcopf	901	901	902	1	468			dcopf	failure_label		-0.06000000000000005			inf		False		True		False	False	False	False	True	0.030167199001880363	0.0	83812d29cbe4a70c243cd510d41acd5f86f48600	a5711e9763c3bfe59721550b4daaf82f755f8c77	1	0	True					True
case118_corrected_da_dcopf_seed901_N1000_lop0008	corrected_da_dcopf	901	901	902	1	469			dcopf	failure_label		inf	inf	False	inf	inf	False	False	True	True	True	True	False	True	True	0.049957189010456204	0.02118075400358066	d8f20d6f19d549c87857ba8a6e6c2c3702b85e09	d5a9c94f9d0e499a9c10a5c411fc881022ffd13a	1	2	False					False
case118_corrected_da_dcopf_seed901_N1000_lop0008	corrected_da_dcopf	901	901	902	1	470			dcopf	failure_label		inf	inf	False	inf	inf	False	False	True	True	True	True	False	True	True	0.04263350900146179	0.01773389900336042	a11c1879f9478588757442538acc844b637acd12	34481d0d868d4132cf83a34f11a0b7cf988933d5	3	2	False					False
case118_corrected_da_dcopf_seed901_N1000_lop0008	corrected_da_dcopf	901	901	902	1	471			dcopf	failure_label		inf	inf	False	inf	inf	False	False	True	True	True	True	False	True	True	0.04145534700364806	0.01812419200723525	b84dc307f149db00a7f0dcf4b06f29623eec1e79	608aa56ae3987beb235a86dab8928805e0811037	3	4	False					False
case118_corrected_da_dcopf_seed901_N1000_lop0008	corrected_da_dcopf	901	901	902	1	472			dcopf	failure_label		inf	inf	False	inf	inf	False	False	True	True	True	True	False	True	True	0.04282916801457759	0.019501753005897626	9a3bb659357547e8e332f40459c7ba35588ace1e	c886130dc620c6dc992ea87fc8502459fcc1498e	4	4	False					False
case118_corrected_da_dcopf_seed901_N1000_lop0008	corrected_da_dcopf	901	901	902	1	473			dcopf	failure_label		inf	inf	False	inf	inf	False	False	True	True	True	False	False	True	True	0.042507894002483226	0.017313527991063893	bd186b102cf66e270b2ad06ab39d43e0166bdba9	2156b75a6bf46a957d6345198b1e88029feb4cc7	2	3	False					False
case118_corrected_da_dcopf_seed901_N1000_lop0008	corrected_da_dcopf	901	901	902	1	474			dcopf	failure_label		inf	inf	False	inf	inf	False	False	True	True	True	True	False	True	True	0.041626277001341805	0.0179984549904475	d09d01a3e3113013e45e040b9383d24676b11f6f	dbc8c115801fa9e57e220742eb54f3f3a0fa373d	2	2	False					False
case118_corrected_da_dcopf_seed901_N1000_lop0008	corrected_da_dcopf	901	901	902	1	475			dcopf	failure_label		inf	inf	False	inf	inf	False	False	True	True	True	True	False	True	True	0.0412327920057578	0.017535393009893596	4845e6d822949f6c15f99cf479812c3ed66a5523	71f9da8e77df113a56c6f7fd9530b9f7c3139cbc	5	5	False					False
case118_corrected_da_dcopf_seed901_N1000_lop0008	corrected_da_dcopf	901	901	902	1	476			dcopf	failure_label		inf	inf	False	inf	inf	False	False	True	True	True	True	False	True	True	0.041520789003698155	0.018042177995084785	043b6ca91f9906dd7ac29ef4de459178125a5cd7	711065ded604760cb200ae3b851983d27c55d027	3	3	False					False
case118_corrected_da_dcopf_seed901_N1000_lop0008	corrected_da_dcopf	901	901	902	1	477			dcopf	failure_label		-0.06000000000000005			inf		False		True		False	False	False	False	True	0.028054708993295208	0.0	7ddc7563ebeb54eeefa73641f045277551103a92	f1bddffd47fc7257aedf9e7396798b03cfb0813d	2	1	True					True
case118_corrected_da_dcopf_seed901_N1000_lop0008	corrected_da_dcopf	901	901	902	1	478			dcopf	failure_label		inf	inf	False	inf	inf	False	False	True	True	True	True	False	True	True	0.043610110980807804	0.018249307991936803	bf0d582d849ba11681c89c0c3c9abdc38133a7aa	3fa4198cfcd6d3bc8683245ba389108693e160e2	5	5	False					False
case118_corrected_da_dcopf_seed901_N1000_lop0008	corrected_da_dcopf	901	901	902	1	479			dcopf	failure_label		inf	inf	False	inf	inf	False	False	True	True	True	True	False	True	True	0.04384549900714774	0.01830622499983292	fc0814a58ab81c0c70f634bd90863bb38b562b00	47a2cf6a6eeff8fca4efb9d396abad76afcc8edc	3	3	False					False
case118_corrected_da_dcopf_seed901_N1000_lop0008	corrected_da_dcopf	901	901	902	1	480			dcopf	failure_label		inf	inf	False	inf	inf	False	False	True	True	True	False	False	True	True	0.03963999201369006	0.017993727989960462	09e2de1c32d732888f7cef2d3b7d90436c36085d	153536a1103e27a071f5d2240807f1d51f7ff8d6	2	3	False					False
case118_corrected_da_dcopf_seed901_N1000_lop0008	corrected_da_dcopf	901	901	902	1	481			dcopf	failure_label		inf	inf	False	inf	inf	False	False	True	True	True	True	False	True	True	0.04624855700240005	0.019546818002709188	0ae4e488dfd3ad1ad6e8eb0cc20ef0d196de2b2e	52196684b76dd89ff2b856dd5239d49acd047150	4	4	False					False
case118_corrected_da_dcopf_seed901_N1000_lop0008	corrected_da_dcopf	901	901	902	1	482			dcopf	failure_label		inf	inf	False	inf	inf	False	False	True	True	True	True	False	True	True	0.05270136801118497	0.021961232996545732	cd5c1530e570923cd39cc0ddb8a0c715ae9bd486	9afb29a9d901746cb9488c939b45f7e345f763d5	2	2	False					False
case118_corrected_da_dcopf_seed901_N1000_lop0008	corrected_da_dcopf	901	901	902	1	483			dcopf	failure_label		-0.06000000000000005			inf		False		True		False	False	False	False	True	0.029953097997349687	0.0	f1da52d35cd01dd14ef879e0d3b237b070654e5f	87d34c2b44a1bbeffd5fc9d1c4327e3dc25ec557	3	3	True					True
case118_corrected_da_dcopf_seed901_N1000_lop0008	corrected_da_dcopf	901	901	902	1	484			dcopf	failure_label		inf	inf	False	inf	inf	False	False	True	True	True	False	False	True	True	0.05065902599017136	0.020936421991791576	ea8ff01afc167449d90c092ac583caddc99a2878	81faf2dae20107ede158308962350a029934d93d	2	3	False					False
case118_corrected_da_dcopf_seed901_N1000_lop0008	corrected_da_dcopf	901	901	902	1	485			dcopf	failure_label		inf	inf	False	inf	inf	False	False	True	True	True	False	False	True	True	0.05133860000933055	0.01997627400851343	9642d382cbbc395f177e61871297be83bf92de78	a4d717ea74b26507f27ceaa90552ff7a4a14650a	4	5	False					False
case118_corrected_da_dcopf_seed901_N1000_lop0008	corrected_da_dcopf	901	901	902	1	486			dcopf	failure_label		inf	inf	False	inf	inf	False	False	True	True	True	True	False	True	True	0.053764595999382436	0.02213674299127888	df0a52696e6ba58e5410b40db78d7a3fc46e59c2	c23e6b234033fee58126056cedcfd5bb89ee1272	3	3	False					False
case118_corrected_da_dcopf_seed901_N1000_lop0008	corrected_da_dcopf	901	901	902	1	487			dcopf	failure_label		inf	inf	False	inf	inf	False	False	True	True	True	False	False	True	True	0.05465188699599821	0.021180297000682913	971336e2e12be848b07032e5c4c572309166e5b2	9eaa03699f8e2668b0181ac79c27cec2219afc24	7	8	False					False
case118_corrected_da_dcopf_seed901_N1000_lop0008	corrected_da_dcopf	901	901	902	1	488			dcopf	failure_label		-0.06000000000000005			inf		False		True		False	False	False	False	True	0.03194262000033632	0.0	2049e75d31b7cf46e39d8b6b033f88fd1f8acb48	805a3ba435746088b9d2d5adbb863fb6fc2c642f	4	4	True					True
case118_corrected_da_dcopf_seed901_N1000_lop0008	corrected_da_dcopf	901	901	902	1	489			dcopf	failure_label		-0.06000000000000005			inf		False		True		False	False	False	False	True	0.03286143198783975	0.0	83812d29cbe4a70c243cd510d41acd5f86f48600	96f60c81d67c3ab6900771895a067961bbb1e55b	1	1	True					True
case118_corrected_da_dcopf_seed901_N1000_lop0008	corrected_da_dcopf	901	901	902	1	490			dcopf	failure_label		inf	inf	False	inf	inf	False	False	True	True	True	True	False	True	True	0.05388502399728168	0.023350693998509087	88b750e2f597aa31906fc259206bdd239418096b	44f507f44e2039f6fb9393e2bea816c3727dd72b	1	2	False					False
case118_corrected_da_dcopf_seed901_N1000_lop0008	corrected_da_dcopf	901	901	902	1	491			dcopf	failure_label		inf	inf	False	inf	inf	False	False	True	True	True	True	False	True	True	0.04882903100224212	0.018916568005806766	39a969277c8e8155253dc7157fb7bd823cb9e938	7da289cb0809404fc23a574119692a5e55e53d42	3	2	False					False
case118_corrected_da_dcopf_seed901_N1000_lop0008	corrected_da_dcopf	901	901	902	1	492			dcopf	failure_label		-0.06000000000000005			inf		False		True		False	False	False	False	True	0.027453643997432664	0.0	8ae6971078aca9324c6bf7a057956113503d9281	92fbfb6dc19d0fe2973456e3a5a4080588f5f8a4	2	1	True					True
case118_corrected_da_dcopf_seed901_N1000_lop0008	corrected_da_dcopf	901	901	902	1	493			dcopf	failure_label		inf	inf	False	inf	inf	False	False	True	True	True	True	False	True	True	0.04151415100204758	0.01927932100079488	4a9ada58f42eec9ddbfdb5115883025cf8e15038	1af1945167854b1ab04a16c5df9b9082c9c03841	2	3	False					False
case118_corrected_da_dcopf_seed901_N1000_lop0008	corrected_da_dcopf	901	901	902	1	494			dcopf	failure_label		inf	inf	False	inf	inf	False	False	True	True	True	True	False	True	True	0.04099517400027253	0.02886997901077848	b8400dd01a5bd74017aa99796b320d47496da5f2	c19e246bd127eb0a8e34cea2d06bfbc7ca73469d	3	2	False					False
case118_corrected_da_dcopf_seed901_N1000_lop0008	corrected_da_dcopf	901	901	902	1	495			dcopf	failure_label		inf	inf	False	inf	inf	False	False	True	True	True	True	False	True	True	0.04376510999281891	0.018088109005475417	115428ea1090a6034c44c29d58c7d24c3d158270	ec9d6a7b44f1e31b7e149066d6ecc63f81584aa1	3	3	False					False
case118_corrected_da_dcopf_seed901_N1000_lop0008	corrected_da_dcopf	901	901	902	1	496			dcopf	failure_label		-0.06000000000000005			inf		False		True		False	False	False	False	True	0.027661668005748652	0.0	f7bf5e69d227ed848b7e4ef4451659905f78601f	25d2ced3e6ff07e6ad99677800a0185c0234befb	2	1	True					True
case118_corrected_da_dcopf_seed901_N1000_lop0008	corrected_da_dcopf	901	901	902	1	497			dcopf	failure_label		inf	inf	False	inf	inf	False	False	True	True	True	True	False	True	True	0.04189776399289258	0.020321695003076456	88b750e2f597aa31906fc259206bdd239418096b	8b49875afb9849e135d08f488e24f95c3decf5c6	1	2	False					False
case118_corrected_da_dcopf_seed901_N1000_lop0008	corrected_da_dcopf	901	901	902	1	498			dcopf	failure_label		inf	inf	False	inf	inf	False	False	True	True	True	True	False	True	True	0.04475053699570708	0.0202852630027337	0317d45375bec7473fd96aeb5ff56ad2d8cc3515	93304d4a9544549eb4a3ff261871008cbb37c84b	3	2	False					False
case118_corrected_da_dcopf_seed901_N1000_lop0008	corrected_da_dcopf	901	901	902	1	499			dcopf	failure_label		-0.06000000000000005			inf		False		True		False	False	False	False	True	0.027781160999438725	0.0	cb0b0bd6336bbc1c409b83dfd9dd62f60f8cc841	f368aef055b1de5e414395edaa17668d9543ebb3	2	2	True					True
case118_corrected_da_dcopf_seed901_N1000_lop0008	corrected_da_dcopf	901	901	902	1	500			dcopf	failure_label		inf	inf	False	inf	inf	False	False	True	True	True	False	False	True	True	0.04673785100749228	0.01991588799864985	4f7e41e08e4efee8a272f50d1fc5095fcea5e16b	ae8c929dea0fddf962b0a871c675a5d63c5d86f2	1	2	False					False
case118_corrected_da_dcopf_seed901_N1000_lop0008	corrected_da_dcopf	901	901	902	1	501			dcopf	failure_label		-0.06000000000000005			inf		False		True		False	False	False	False	True	0.029519417003029957	0.0	742ef86c892c1cbf6228970236a261774eb21531	8b5a3f9bb03dc4f206fa13c0d6a8cc1f0b3170fe	3	2	True					True
case118_corrected_da_dcopf_seed901_N1000_lop0008	corrected_da_dcopf	901	901	902	1	502			dcopf	failure_label		-0.06000000000000005			inf		False		True		False	False	False	False	True	0.029053390986518934	0.0	c1c8335e60d18f36de2f88f5fffb7b46faf1585e	a5711e9763c3bfe59721550b4daaf82f755f8c77	1	0	True					True
case118_corrected_da_dcopf_seed901_N1000_lop0008	corrected_da_dcopf	901	901	902	1	503			dcopf	failure_label		inf	inf	False	inf	inf	False	False	True	True	True	False	False	True	True	0.04480058199260384	0.01846354101144243	f48ae74f9a5734f7e11511846f3d7ec0045c95eb	00d2fa09a21888a74fe6ad88d6e30be43c7767fe	5	6	False					False
case118_corrected_da_dcopf_seed901_N1000_lop0008	corrected_da_dcopf	901	901	902	1	504			dcopf	failure_label		inf	inf	False	inf	inf	False	False	True	True	True	True	False	True	True	0.04605622400413267	0.01909144301316701	83812d29cbe4a70c243cd510d41acd5f86f48600	a1b4e4f20802aabca0c7b073da3af8067cc6a616	1	2	False					False
case118_corrected_da_dcopf_seed901_N1000_lop0008	corrected_da_dcopf	901	901	902	1	505			dcopf	failure_label		inf	inf	False	inf	inf	False	False	True	True	True	True	False	True	True	0.044327024996164255	0.01843954299692996	141ba8e51543f6e0050443dddeb17125cfbcca74	ae98e62f3b4c9f05a982b2c29842b7f84b705804	4	4	False					False
case118_corrected_da_dcopf_seed901_N1000_lop0008	corrected_da_dcopf	901	901	902	1	506			dcopf	failure_label		inf	inf	False	inf	inf	False	False	True	True	True	False	False	True	True	0.04708017499069683	0.019444918987574056	1233bd9886c115529e247205259ae7ae9ce0501a	dcb23de86c7457671b956caa3536d16457863cbc	2	3	False					False
case118_corrected_da_dcopf_seed901_N1000_lop0008	corrected_da_dcopf	901	901	902	1	507			dcopf	failure_label		inf	inf	False	inf	inf	False	False	True	True	True	True	False	True	True	0.04237121599726379	0.019396517993300222	87ee0aa4d198b810e221728ee6f37022a4ccfb6b	0c11b3f45a69b43f44f8cd0c53f038fe804dba57	3	2	False					False
case118_corrected_da_dcopf_seed901_N1000_lop0008	corrected_da_dcopf	901	901	902	1	508			dcopf	failure_label		inf	inf	False	inf	inf	False	False	True	True	True	True	False	True	True	0.04200110699457582	0.01725180599896703	32ee14ca530067fa5323a1eec7ede9c3dadf6fe0	ebee2005c344304d5c52b81a4a9ef249d80fed2f	10	10	False					False
case118_corrected_da_dcopf_seed901_N1000_lop0008	corrected_da_dcopf	901	901	902	1	509			dcopf	failure_label		-0.06000000000000005			inf		False		True		False	False	False	False	True	0.028157477005152032	0.0	88b750e2f597aa31906fc259206bdd239418096b	a5711e9763c3bfe59721550b4daaf82f755f8c77	1	0	True					True
case118_corrected_da_dcopf_seed901_N1000_lop0008	corrected_da_dcopf	901	901	902	1	510			dcopf	failure_label		-0.06000000000000005			inf		False		True		False	False	False	False	True	0.02890620099788066	0.0	b07fba9702a73b9e01c8e2db3254947480e4022e	a5711e9763c3bfe59721550b4daaf82f755f8c77	1	0	True					True
case118_corrected_da_dcopf_seed901_N1000_lop0008	corrected_da_dcopf	901	901	902	1	511			dcopf	failure_label		-0.06000000000000005			inf		False		True		False	False	False	False	True	0.027798618000815623	0.0	4f7e41e08e4efee8a272f50d1fc5095fcea5e16b	a5711e9763c3bfe59721550b4daaf82f755f8c77	1	0	True					True
case118_corrected_da_dcopf_seed901_N1000_lop0008	corrected_da_dcopf	901	901	902	1	512			dcopf	failure_label		-0.06000000000000005			inf		False		True		False	False	False	False	True	0.027374669996788725	0.0	219a4d596e0daf9492b98f161a0624f3d4abee62	84f51adf13db72e73df8b822de75d775738276e1	2	2	True					True
case118_corrected_da_dcopf_seed901_N1000_lop0008	corrected_da_dcopf	901	901	902	1	513			dcopf	failure_label		inf	inf	False	inf	inf	False	False	True	True	True	True	False	True	True	0.048987629008479416	0.020386941003380343	c0bf4b0ce29660d841905f5ebb7546c50196fc8b	673cc0e47de62f7970c639ccdba382a9b0eb0d36	1	2	False					False
case118_corrected_da_dcopf_seed901_N1000_lop0008	corrected_da_dcopf	901	901	902	1	514			dcopf	failure_label		-0.06000000000000005			inf		False		True		False	False	False	False	True	0.027530332008609548	0.0	c0bf4b0ce29660d841905f5ebb7546c50196fc8b	5c80efa894c094be32aac2b539532fbd1a8442a4	1	1	True					True
case118_corrected_da_dcopf_seed901_N1000_lop0008	corrected_da_dcopf	901	901	902	1	515			dcopf	failure_label		inf	inf	False	inf	inf	False	False	True	True	True	False	False	True	True	0.04647536099946592	0.019943933002650738	5bd31766c82eae026bea525a2d01ae4c00f2049d	3ca5f62f87cf52d8b0d1214b6b271d144a34006b	2	3	False					False
case118_corrected_da_dcopf_seed901_N1000_lop0008	corrected_da_dcopf	901	901	902	1	516			dcopf	failure_label		-0.06000000000000005			-8.447316401927196e-09		True		False		False	False	False	False	True	0.03282501701323781	0.0	f21df2deac5c2c5470631ace59cc1bcce3957a97	044e60a910ac7b8df6ae681d3c891c4c80e1bc32	1	1	True					True
case118_corrected_da_dcopf_seed901_N1000_lop0008	corrected_da_dcopf	901	901	902	1	517			dcopf	failure_label		-0.06000000000000005			-8.992997013734794e-09		True		False		False	False	False	False	True	0.026312587986467406	0.0	b0f14e8dcc508b7e314c03faec41bd04c763fc05	3bd982f4170368b11f14a59bf2a9431777215847	3	4	True					True
case118_corrected_da_dcopf_seed901_N1000_lop0008	corrected_da_dcopf	901	901	902	1	518			dcopf	failure_label		-0.06000000000000005			-9.576032633518139e-09		True		False		False	False	False	False	True	0.02807905500230845	0.0	c432d3a067615148e350b038a48e5d89b0fd99cc	d27f5cfda6730d25a9ed260e17c032fb2367550b	2	1	True					True
case118_corrected_da_dcopf_seed901_N1000_lop0008	corrected_da_dcopf	901	901	902	1	519			dcopf	failure_label		-0.06000000000000005			-9.744608009398803e-09		True		False		False	False	False	False	True	0.027969249000307173	0.0	96be00633911b8da49861b97da01834f0053140d	c34a43bade6ead6b94bb2481b9d260daa7bafb70	3	2	True					True
case118_corrected_da_dcopf_seed901_N1000_lop0008	corrected_da_dcopf	901	901	902	1	520			dcopf	failure_label		-0.06000000000000005			-9.757303853774602e-09		True		False		False	False	False	False	True	0.028296003001742065	0.0	a7d509227fa2514bc6f2ad5c87669fba5b50db51	6dd1b747733094c9692597b3f6cae0f3d138ca50	2	2	True					True
case118_corrected_da_dcopf_seed901_N1000_lop0008	corrected_da_dcopf	901	901	902	1	521			dcopf	failure_label		-0.06000000000000005			-1.0080948742441365e-08		True		False		False	False	False	False	True	0.03217444699839689	0.0	31b4290b746a6ba5702eae478856ffa9fd756345	228a5fa199c0c8d5bb84aee8395ce6f775e321af	2	1	True					True
case118_corrected_da_dcopf_seed901_N1000_lop0008	corrected_da_dcopf	901	901	902	1	522			dcopf	failure_label		-0.06000000000000005			-1.1582442560609252e-08		True		False		False	False	False	False	True	0.030699805996846408	0.0	28f5fec4df7997a242ef30cca1248e735a675180	7c82ac2ccac5515723b7ed4479b23fee71dd6746	2	1	True					True
case118_corrected_da_dcopf_seed901_N1000_lop0008	corrected_da_dcopf	901	901	902	1	523			dcopf	failure_label		-0.06000000000000005			-1.2236550661626211e-08		True		False		False	False	False	False	True	0.02744803398672957	0.0	4c046ea6eeb2dac1266e75a02fdb79b36172e30c	1a3d652639d702f409451127d0d3ccf021fefb2a	2	3	True					True
case118_corrected_da_dcopf_seed901_N1000_lop0008	corrected_da_dcopf	901	901	902	1	524			dcopf	failure_label		-0.06000000000000005			-1.2336584198635592e-08		True		False		False	False	False	False	True	0.027332429002854042	0.0	d688a48bb91efc67fd0be207bba91ea872fa3719	c0cebbe1cd857941c16a707cb55c57380c29e1e0	4	5	True					True
case118_corrected_da_dcopf_seed901_N1000_lop0008	corrected_da_dcopf	901	901	902	1	525			dcopf	failure_label		-0.06000000000000005			-1.4440176387964243e-08		True		False		False	False	False	False	True	0.026946459998725913	0.0	bfb145f247b780c8ac7a9c5c321947b5d3068058	f0dc40acfb272a777aebb86fc19fde7d2359bf0f	2	2	True					True
case118_corrected_da_dcopf_seed901_N1000_lop0008	corrected_da_dcopf	901	901	902	1	526			dcopf	failure_label		-0.06000000000000005			-1.460037513112411e-08		True		False		False	False	False	False	True	0.02736958599416539	0.0	1f31d79f8046f83a327e2eeec998fe1b264f38d7	a67c2af0f14b74d93cd55e57885c6e492fa34442	2	1	True					True
case118_corrected_da_dcopf_seed901_N1000_lop0008	corrected_da_dcopf	901	901	902	1	527			dcopf	failure_label		-0.06000000000000005			-1.577177588529821e-08		True		False		False	False	False	False	True	0.026622795994626358	0.0	02de28396aae69a4df9a721d1591b6a4a9fbd378	83dfc8a07095c8e3e9ab44a6c52233fc0b7c7438	2	1	True					True
case118_corrected_da_dcopf_seed901_N1000_lop0008	corrected_da_dcopf	901	901	902	1	528			dcopf	failure_label		-0.06000000000000005			-1.6029168881104283e-08		True		False		False	False	False	False	True	0.027923544999794103	0.0	ff27949f833d63d988a4d1c52d74b34607b89112	8badec8e21e478a7625683bbc7c81d5b73dd72d7	2	1	True					True
case118_corrected_da_dcopf_seed901_N1000_lop0008	corrected_da_dcopf	901	901	902	1	529			dcopf	failure_label		-0.06000000000000005			-1.690827988731769e-08		True		False		False	False	False	False	True	0.027746581006795168	0.0	67957080805fb0b7db19faa554a070fbed84a0dd	36396e1c35c66c879fb41a0a42c077748f2e8f62	3	3	True					True
case118_corrected_da_dcopf_seed901_N1000_lop0008	corrected_da_dcopf	901	901	902	1	530			dcopf	failure_label		-0.06000000000000005			-1.700364715695457e-08		True		False		False	False	False	False	True	0.027522892007254995	0.0	00374f71549b0f629e07c4072d1c74a654a5f946	2a88e12d50a408dfffbb58cebd08dcef676f06b1	2	1	True					True
case118_corrected_da_dcopf_seed901_N1000_lop0008	corrected_da_dcopf	901	901	902	1	531			dcopf	failure_label		-0.06000000000000005			-1.7050555412012613e-08		True		False		False	False	False	False	True	0.02750282500346657	0.0	779736aa1be996cb9523b62f9be49a3887fc98b2	f7eeaef8436b52330af23c5487b32191b12abc39	1	1	True					True
case118_corrected_da_dcopf_seed901_N1000_lop0008	corrected_da_dcopf	901	901	902	1	532			dcopf	failure_label		-0.06000000000000005			-1.7050555412012613e-08		True		False		False	False	False	False	True	0.028201568013173528	0.0	779736aa1be996cb9523b62f9be49a3887fc98b2	a5711e9763c3bfe59721550b4daaf82f755f8c77	1	0	True					True
case118_corrected_da_dcopf_seed901_N1000_lop0008	corrected_da_dcopf	901	901	902	1	533			dcopf	failure_label		-0.06000000000000005			-1.717488817831736e-08		True		False		False	False	False	False	True	0.028202379995491356	0.0	3fe2535a6f69a580a60a14b0dedc22de6e35d816	cc783ab21d6a508868648921485b1ec3282718ed	2	3	True					True
case118_corrected_da_dcopf_seed901_N1000_lop0008	corrected_da_dcopf	901	901	902	1	534			dcopf	failure_label		-0.06000000000000005			-1.7177267608303737e-08		True		False		False	False	False	False	True	0.027772494999226183	0.0	bda73d3361d5eda471ad67cbb8d14648668b982d	a5711e9763c3bfe59721550b4daaf82f755f8c77	1	0	True					True
case118_corrected_da_dcopf_seed901_N1000_lop0008	corrected_da_dcopf	901	901	902	1	535			dcopf	failure_label		-0.06000000000000005			-1.729247101067699e-08		True		False		False	False	False	False	True	0.029007421995629556	0.0	77db482a79bed82628d4772acfa4b1c57dcd6228	bb1c395efc25e0529ae8a8e4afd0f2789e3991fc	2	3	True					True
case118_corrected_da_dcopf_seed901_N1000_lop0008	corrected_da_dcopf	901	901	902	1	536			dcopf	failure_label		-0.06000000000000005			-1.7548009711987334e-08		True		False		False	False	False	False	True	0.029755052004475147	0.0	ff82f38a072fdd30b693de3876358c7105948753	6b0d072ade497764f1313135f0c547826f855060	2	2	True					True
case118_corrected_da_dcopf_seed901_N1000_lop0008	corrected_da_dcopf	901	901	902	1	537			dcopf	failure_label		-0.06000000000000005			-1.7608037250482766e-08		True		False		False	False	False	False	True	0.028432182007236406	0.0	07d43061de8f8bf3cfd9fe0e1c667352d6ef0999	a5711e9763c3bfe59721550b4daaf82f755f8c77	1	0	True					True
case118_corrected_da_dcopf_seed901_N1000_lop0008	corrected_da_dcopf	901	901	902	1	538			dcopf	failure_label		-0.06000000000000005			-1.7717721956245214e-08		True		False		False	False	False	False	True	0.029156551987398416	0.0	4f6113841a29c753337aca5370cc9cb4b9e1b2d3	f9d80aef4b8233d7fa98cd8ce3621d1dd107af61	2	3	True					True
case118_corrected_da_dcopf_seed901_N1000_lop0008	corrected_da_dcopf	901	901	902	1	539			dcopf	failure_label		inf	-0.06000000000000005	True	-1.7975411603643465e-08	inf	True	False	False	True	True	False	True	True	True	0.051253202007501386	0.019093939001322724	f2063c76505235c75ec5fecfb965a8424aedd473	9b5d75e422c7823f87db564f0f55de9425de5f34	2	2	False					False
case118_corrected_da_dcopf_seed901_N1000_lop0008	corrected_da_dcopf	901	901	902	1	540			dcopf	failure_label		-0.06000000000000005			-1.8081543373682507e-08		True		False		False	False	False	False	True	0.02831542400235776	0.0	4be411374941b9593b82582e259b46e2043891a2	0b0dd45050e3f3515b03718f09fb61d896e1c43e	4	5	True					True
case118_corrected_da_dcopf_seed901_N1000_lop0008	corrected_da_dcopf	901	901	902	1	541			dcopf	failure_label		-0.06000000000000005			-1.8167667592550174e-08		True		False		False	False	False	False	True	0.027516592002939433	0.0	1fd191a48be412ba40ebab051a935813a9e0ba55	558057293ea41d8660113119e9c3ed77e9441a03	4	5	True					True
case118_corrected_da_dcopf_seed901_N1000_lop0008	corrected_da_dcopf	901	901	902	1	542			dcopf	failure_label		-0.06000000000000005			-1.826657691772482e-08		True		False		False	False	False	False	True	0.025380926992511377	0.0	fd9f6c5899b434c875c2c1acae8f11e25fa9be39	6df2ee328626704649d4c9c53a422aefb1460bc7	1	1	True					True
case118_corrected_da_dcopf_seed901_N1000_lop0008	corrected_da_dcopf	901	901	902	1	543			dcopf	failure_label		-0.06000000000000005			-1.826657691772482e-08		True		False		False	False	False	False	True	0.02775213999848347	0.0	fd9f6c5899b434c875c2c1acae8f11e25fa9be39	2d86c37cb894c5fbe49849e57964c9c6bc23cc1a	1	2	True					True
case118_corrected_da_dcopf_seed901_N1000_lop0008	corrected_da_dcopf	901	901	902	1	544			dcopf	failure_label		-0.06000000000000005			-1.8287154013307827e-08		True		False		False	False	False	False	True	0.028371490989229642	0.0	a6bb6949d6d6421daf2fa61415943d0c9c6175ce	a5711e9763c3bfe59721550b4daaf82f755f8c77	1	0	True					True
case118_corrected_da_dcopf_seed901_N1000_lop0008	corrected_da_dcopf	901	901	902	1	545			dcopf	failure_label		-0.06000000000000005			-1.8365736931258425e-08		True		False		False	False	False	False	True	0.027853489998960868	0.0	01da1fa216ae7c5df70cb30bd510c157c22da890	5add2f5f5d831c0b6a4c3a798893092434bf6b4e	1	1	True					True
case118_corrected_da_dcopf_seed901_N1000_lop0008	corrected_da_dcopf	901	901	902	1	546			dcopf	failure_label		-0.06000000000000005			-1.8365736931258425e-08		True		False		False	False	False	False	True	0.02810369699727744	0.0	01da1fa216ae7c5df70cb30bd510c157c22da890	bea01e7fe8949a8d3df3d8d4a7235e1b9abce440	1	2	True					True
case118_corrected_da_dcopf_seed901_N1000_lop0008	corrected_da_dcopf	901	901	902	1	547			dcopf	failure_label		-0.06000000000000005			-1.8429252124363416e-08		True		False		False	False	False	False	True	0.026981357994372956	0.0	3a0c13848e35436b3332af463ea8ce0e14a4d6a2	a5711e9763c3bfe59721550b4daaf82f755f8c77	1	0	True					True
case118_corrected_da_dcopf_seed901_N1000_lop0008	corrected_da_dcopf	901	901	902	1	548			dcopf	failure_label		-0.06000000000000005			-1.863304377458519e-08		True		False		False	False	False	False	True	0.02680501199210994	0.0	92fbfb6dc19d0fe2973456e3a5a4080588f5f8a4	b9a27cdc72a974e68f6d052bc644069ab850954d	1	1	True					True
case118_corrected_da_dcopf_seed901_N1000_lop0008	corrected_da_dcopf	901	901	902	1	549			dcopf	failure_label		-0.06000000000000005			-1.864733523149198e-08		True		False		False	False	False	False	True	0.0278870150068542	0.0	da8328a6ee0965b06742c8c0dc9ed8ea6b585068	56e2ad732113f2b8ba6a8bc4f098c6d82ba4a5db	2	3	True					True
case118_corrected_da_dcopf_seed901_N1000_lop0008	corrected_da_dcopf	901	901	902	1	550			dcopf	failure_label		-0.06000000000000005			-1.8703526505348123e-08		True		False		False	False	False	False	True	0.02726817700022366	0.0	f8ba21dc009d62ed1df255ad5b8d359e915beb86	a5711e9763c3bfe59721550b4daaf82f755f8c77	1	0	True					True
case118_corrected_da_dcopf_seed901_N1000_lop0008	corrected_da_dcopf	901	901	902	1	551			dcopf	failure_label		-0.06000000000000005			-1.878252819942361e-08		True		False		False	False	False	False	True	0.02685741199820768	0.0	a8164679e99b03f7dd3ec8b584d044cf794ebd06	47dc6cd6cb0ebea35cb40d027e46d5fe460e6144	1	1	True					True
case118_corrected_da_dcopf_seed901_N1000_lop0008	corrected_da_dcopf	901	901	902	1	552			dcopf	failure_label		-0.06000000000000005			-1.878252819942361e-08		True		False		False	False	False	False	True	0.0270940479967976	0.0	a8164679e99b03f7dd3ec8b584d044cf794ebd06	a8ba5a28983eef59c9e88e64e9475caba8bcdf8d	1	1	True					True
case118_corrected_da_dcopf_seed901_N1000_lop0008	corrected_da_dcopf	901	901	902	1	553			dcopf	failure_label		-0.06000000000000005			-1.8834294568392806e-08		True		False		False	False	False	False	True	0.02622166500077583	0.0	2c065c95dc95b8d9412703e6fc35fc6df2ecca7c	6645d4f261f1255f38796aa18b625489efd52ca5	2	2	True					True
case118_corrected_da_dcopf_seed901_N1000_lop0008	corrected_da_dcopf	901	901	902	1	554			dcopf	failure_label		-0.06000000000000005			-1.894688073100781e-08		True		False		False	False	False	False	True	0.027952429998549633	0.0	c29b8331885874dd223475f90446a844ffca3b44	644f1e19bd39c5963f5c6323b90d84303925ffa4	4	4	True					True
case118_corrected_da_dcopf_seed901_N1000_lop0008	corrected_da_dcopf	901	901	902	1	555			dcopf	failure_label		-0.06000000000000005			-1.9141352058937855e-08		True		False		False	False	False	False	True	0.028870533002191223	0.0	6307a496297a3be271a2b7f758aa32240f3fd1d1	3d2c9ae9aa5c87972109d7e980f1926052bff36d	4	4	True					True
case118_corrected_da_dcopf_seed901_N1000_lop0008	corrected_da_dcopf	901	901	902	1	556			dcopf	failure_label		-0.06000000000000005			-1.9435943299228597e-08		True		False		False	False	False	False	True	0.02694669998891186	0.0	1191da1b2f3b1b5f13005cd72123e82e0a5f750e	20a618918bac94dc12d7765edf23ac2acd8a0198	2	1	True					True
case118_corrected_da_dcopf_seed901_N1000_lop0008	corrected_da_dcopf	901	901	902	1	557			dcopf	failure_label		-0.06000000000000005			-1.9540691731378956e-08		True		False		False	False	False	False	True	0.026287560001946986	0.0	09925af4bdee6816e7a0b671ad04479142175bfb	f094f24fdb6ac536f84c8ed086161663f4e0e0ab	1	2	True					True
case118_corrected_da_dcopf_seed901_N1000_lop0008	corrected_da_dcopf	901	901	902	1	558			dcopf	failure_label		-0.06000000000000005			-1.9801058348534184e-08		True		False		False	False	False	False	True	0.030568285001209006	0.0	a7874a1d09f45fed0a79cd9da0af3d187ee26ccd	d8237aa469187b1435779003332c9da21098eb4a	1	1	True					True
case118_corrected_da_dcopf_seed901_N1000_lop0008	corrected_da_dcopf	901	901	902	1	559			dcopf	failure_label		-0.06000000000000005			-1.9991343691572183e-08		True		False		False	False	False	False	True	0.026816195007995702	0.0	dae14a430594723e1977ebf0590a8180fc5e6fa2	a5711e9763c3bfe59721550b4daaf82f755f8c77	1	0	True					True
case118_corrected_da_dcopf_seed901_N1000_lop0008	corrected_da_dcopf	901	901	902	1	560			dcopf	failure_label		-0.06000000000000005			-2.012741928680839e-08		True		False		False	False	False	False	True	0.027562953997403383	0.0	25d2ced3e6ff07e6ad99677800a0185c0234befb	12813b797e368970cd803444463ed2edcf2cae2e	1	2	True					True
case118_corrected_da_dcopf_seed901_N1000_lop0008	corrected_da_dcopf	901	901	902	1	561			dcopf	failure_label		-0.06000000000000005			-2.0254885768622444e-08		True		False		False	False	False	False	True	0.027486502993269823	0.0	8275aae0a8660cb53510d9be400d1567d53fb7a4	84b3d9962cbfaf52cc10021b6c17a229c6e08d78	2	1	True					True
case118_corrected_da_dcopf_seed901_N1000_lop0008	corrected_da_dcopf	901	901	902	1	562			dcopf	failure_label		-0.06000000000000005			-2.036274082684031e-08		True		False		False	False	False	False	True	0.027871368001797237	0.0	3e89d6c62c9f612f310df653fde04a4e1254c654	a5711e9763c3bfe59721550b4daaf82f755f8c77	1	0	True					True
case118_corrected_da_dcopf_seed901_N1000_lop0008	corrected_da_dcopf	901	901	902	1	563			dcopf	failure_label		-0.06000000000000005			-2.0454785198964487e-08		True		False		False	False	False	False	True	0.026781107997521758	0.0	a3b0a968a956d9c482c29d650dfbd670cb254bb0	d1f22bf91ad9712bc063bea844bdfb36d274547b	2	2	True					True
case118_corrected_da_dcopf_seed901_N1000_lop0008	corrected_da_dcopf	901	901	902	1	564			dcopf	failure_label		-0.06000000000000005			-2.0485565022099195e-08		True		False		False	False	False	False	True	0.026621748998877592	0.0	81f53e465b31787c655b245af9a542a55d04a8ba	a5711e9763c3bfe59721550b4daaf82f755f8c77	1	0	True					True
case118_corrected_da_dcopf_seed901_N1000_lop0008	corrected_da_dcopf	901	901	902	1	565			dcopf	failure_label		-0.06000000000000005			-2.052581482558935e-08		True		False		False	False	False	False	True	0.028817144004278816	0.0	ac1ed0b798f77d106929b081dfde96993db674f3	a5711e9763c3bfe59721550b4daaf82f755f8c77	1	0	True					True
case118_corrected_da_dcopf_seed901_N1000_lop0008	corrected_da_dcopf	901	901	902	1	566			dcopf	failure_label		-0.06000000000000005			-2.0556628399504007e-08		True		False		False	False	False	False	True	0.03149505000328645	0.0	a5711e9763c3bfe59721550b4daaf82f755f8c77	ded191f1368d4dda2400a092b83937e10428f638	0	1	True					True
case118_corrected_da_dcopf_seed901_N1000_lop0008	corrected_da_dcopf	901	901	902	1	567			dcopf	failure_label		-0.06000000000000005			-2.0556628399504007e-08		True		False		False	False	False	False	True	0.032582063009613194	0.0	a5711e9763c3bfe59721550b4daaf82f755f8c77	5da5968dcf5962db23f6e44c177b4e3cd993784b	0	1	True					True
case118_corrected_da_dcopf_seed901_N1000_lop0008	corrected_da_dcopf	901	901	902	1	568			dcopf	failure_label		-0.06000000000000005			-2.0556628399504007e-08		True		False		False	False	False	False	True	0.029899806002504192	0.0	a5711e9763c3bfe59721550b4daaf82f755f8c77	6fa46abfc2ad2803e1f2f9b9d8616eed031c0404	0	1	True					True
case118_corrected_da_dcopf_seed901_N1000_lop0008	corrected_da_dcopf	901	901	902	1	569			dcopf	failure_label		-0.06000000000000005			-2.0556628399504007e-08		True		False		False	False	False	False	True	0.02697839900793042	0.0	a5711e9763c3bfe59721550b4daaf82f755f8c77	8d4fd706b89e40663194be593975e3ab36db3433	0	1	True					True
case118_corrected_da_dcopf_seed901_N1000_lop0008	corrected_da_dcopf	901	901	902	1	570			dcopf	failure_label		-0.06000000000000005			-2.0556628399504007e-08		True		False		False	False	False	False	True	0.027851567007019185	0.0	a5711e9763c3bfe59721550b4daaf82f755f8c77	09925af4bdee6816e7a0b671ad04479142175bfb	0	1	True					True
case118_corrected_da_dcopf_seed901_N1000_lop0008	corrected_da_dcopf	901	901	902	1	571			dcopf	failure_label		-0.06000000000000005			-2.0556628399504007e-08		True		False		False	False	False	False	True	0.02774334499554243	0.0	a5711e9763c3bfe59721550b4daaf82f755f8c77	620d956a7a61abc8b2eb153452eeb6c034fe7a83	0	1	True					True
case118_corrected_da_dcopf_seed901_N1000_lop0008	corrected_da_dcopf	901	901	902	1	572			dcopf	failure_label		-0.06000000000000005			-2.0556628399504007e-08		True		False		False	False	False	False	True	0.027747113010264002	0.0	a5711e9763c3bfe59721550b4daaf82f755f8c77	831f703ff7c96c1231df9c477f20ac01b4d1871c	0	1	True					True
case118_corrected_da_dcopf_seed901_N1000_lop0008	corrected_da_dcopf	901	901	902	1	573			dcopf	failure_label		-0.06000000000000005			-2.0556628399504007e-08		True		False		False	False	False	False	True	0.02995678299339488	0.0	a5711e9763c3bfe59721550b4daaf82f755f8c77	25d2ced3e6ff07e6ad99677800a0185c0234befb	0	1	True					True
case118_corrected_da_dcopf_seed901_N1000_lop0008	corrected_da_dcopf	901	901	902	1	574			dcopf	failure_label		-0.06000000000000005			-2.0556628399504007e-08		True		False		False	False	False	False	True	0.027305953990435228	0.0	a5711e9763c3bfe59721550b4daaf82f755f8c77	79c03e648a55b10f70d5ed1299eff551550b638f	0	1	True					True
case118_corrected_da_dcopf_seed901_N1000_lop0008	corrected_da_dcopf	901	901	902	1	575			dcopf	failure_label		-0.06000000000000005			-2.0556628399504007e-08		True		False		False	False	False	False	True	0.029461593003361486	0.0	a5711e9763c3bfe59721550b4daaf82f755f8c77	0e8c16c6b4bed2d55c991bfdc7e56e553fdfa73b	0	1	True					True
case118_corrected_da_dcopf_seed901_N1000_lop0008	corrected_da_dcopf	901	901	902	1	576			dcopf	failure_label		-0.06000000000000005			-2.0556628399504007e-08		True		False		False	False	False	False	True	0.030683067001518793	0.0	a5711e9763c3bfe59721550b4daaf82f755f8c77	b9a27cdc72a974e68f6d052bc644069ab850954d	0	1	True					True
case118_corrected_da_dcopf_seed901_N1000_lop0008	corrected_da_dcopf	901	901	902	1	577			dcopf	failure_label		-0.06000000000000005			-2.0556628399504007e-08		True		False		False	False	False	False	True	0.02691154599597212	0.0	a5711e9763c3bfe59721550b4daaf82f755f8c77	ca05e84dbc329a2badf3c243611c3b0070b48559	0	1	True					True
case118_corrected_da_dcopf_seed901_N1000_lop0008	corrected_da_dcopf	901	901	902	1	578			dcopf	failure_label		inf	-0.06000000000000005	True	-2.0556628399504007e-08	inf	True	False	False	True	True	False	True	True	True	0.05056603398406878	0.018693379999604076	a5711e9763c3bfe59721550b4daaf82f755f8c77	88b750e2f597aa31906fc259206bdd239418096b	0	1	False					False
case118_corrected_da_dcopf_seed901_N1000_lop0008	corrected_da_dcopf	901	901	902	1	579			dcopf	failure_label		-0.06000000000000005			-2.0556628399504007e-08		True		False		False	False	False	False	True	0.02696535900759045	0.0	a5711e9763c3bfe59721550b4daaf82f755f8c77	19e0246a59bfa08eb921bf94f69cbe9a44ff5c3d	0	1	True					True
case118_corrected_da_dcopf_seed901_N1000_lop0008	corrected_da_dcopf	901	901	902	1	580			dcopf	failure_label		-0.06000000000000005			-2.0556628399504007e-08		True		False		False	False	False	False	True	0.02838180800608825	0.0	a5711e9763c3bfe59721550b4daaf82f755f8c77	553227550c9d1ec7c61d1c2f9d8f1d6c27a468db	0	1	True					True
case118_corrected_da_dcopf_seed901_N1000_lop0008	corrected_da_dcopf	901	901	902	1	581			dcopf	failure_label		inf	-0.06000000000000005	True	-2.0556628399504007e-08	inf	True	False	False	True	True	False	True	True	True	0.05024373999913223	0.030065093000303023	a5711e9763c3bfe59721550b4daaf82f755f8c77	c1c8335e60d18f36de2f88f5fffb7b46faf1585e	0	1	False					False
case118_corrected_da_dcopf_seed901_N1000_lop0008	corrected_da_dcopf	901	901	902	1	582			dcopf	failure_label		-0.06000000000000005			-2.0556628399504007e-08		True		False		False	False	False	False	True	0.02735711299465038	0.0	a5711e9763c3bfe59721550b4daaf82f755f8c77	5da5968dcf5962db23f6e44c177b4e3cd993784b	0	1	True					True
case118_corrected_da_dcopf_seed901_N1000_lop0008	corrected_da_dcopf	901	901	902	1	583			dcopf	failure_label		-0.06000000000000005			-2.0556628399504007e-08		True		False		False	False	False	False	True	0.02889549999963492	0.0	a5711e9763c3bfe59721550b4daaf82f755f8c77	7d444a5e6861a666299159878c763f858dfd0f14	0	1	True					True
case118_corrected_da_dcopf_seed901_N1000_lop0008	corrected_da_dcopf	901	901	902	1	584			dcopf	failure_label		-0.06000000000000005			-2.0556628399504007e-08		True		False		False	False	False	False	True	0.027696589997503906	0.0	a5711e9763c3bfe59721550b4daaf82f755f8c77	f21df2deac5c2c5470631ace59cc1bcce3957a97	0	1	True					True
case118_corrected_da_dcopf_seed901_N1000_lop0008	corrected_da_dcopf	901	901	902	1	585			dcopf	failure_label		-0.06000000000000005			-2.0556628399504007e-08		True		False		False	False	False	False	True	0.02705159000470303	0.0	a5711e9763c3bfe59721550b4daaf82f755f8c77	7d444a5e6861a666299159878c763f858dfd0f14	0	1	True					True
case118_corrected_da_dcopf_seed901_N1000_lop0008	corrected_da_dcopf	901	901	902	1	586			dcopf	failure_label		-0.06000000000000005			-2.0556628399504007e-08		True		False		False	False	False	False	True	0.03242230600153562	0.0	a5711e9763c3bfe59721550b4daaf82f755f8c77	b9fbb90ed74046dac6d6631ffe012d6c33046acc	0	1	True					True
case118_corrected_da_dcopf_seed901_N1000_lop0008	corrected_da_dcopf	901	901	902	1	587			dcopf	failure_label		-0.06000000000000005			-2.0556628399504007e-08		True		False		False	False	False	False	True	0.026816853001946583	0.0	a5711e9763c3bfe59721550b4daaf82f755f8c77	0a576ad83d8880f4262a265afdf776724605873a	0	1	True					True
case118_corrected_da_dcopf_seed901_N1000_lop0008	corrected_da_dcopf	901	901	902	1	588			dcopf	failure_label		-0.06000000000000005			-2.0556628399504007e-08		True		False		False	False	False	False	True	0.03249547100858763	0.0	a5711e9763c3bfe59721550b4daaf82f755f8c77	049b04ddc064519d59f878b716c48b044434d8e3	0	1	True					True
case118_corrected_da_dcopf_seed901_N1000_lop0008	corrected_da_dcopf	901	901	902	1	589			dcopf	failure_label		-0.06000000000000005			-2.0556628399504007e-08		True		False		False	False	False	False	True	0.029007023011217825	0.0	a5711e9763c3bfe59721550b4daaf82f755f8c77	6aa13b1254f2daa83f396f249e5c0019ff396cee	0	1	True					True
case118_corrected_da_dcopf_seed901_N1000_lop0008	corrected_da_dcopf	901	901	902	1	590			dcopf	failure_label		-0.06000000000000005			-2.0556628399504007e-08		True		False		False	False	False	False	True	0.02793587199994363	0.0	a5711e9763c3bfe59721550b4daaf82f755f8c77	bddf07e8a7c89a8d78809824445915777f306e5b	0	1	True					True
case118_corrected_da_dcopf_seed901_N1000_lop0008	corrected_da_dcopf	901	901	902	1	591			dcopf	failure_label		-0.06000000000000005			-2.0556628399504007e-08		True		False		False	False	False	False	True	0.027110879003885202	0.0	a5711e9763c3bfe59721550b4daaf82f755f8c77	fd21a513778f6b3fababdfe67310dc5ca2f2ca89	0	1	True					True
case118_corrected_da_dcopf_seed901_N1000_lop0008	corrected_da_dcopf	901	901	902	1	592			dcopf	failure_label		-0.06000000000000005			-2.0556628399504007e-08		True		False		False	False	False	False	True	0.02757448000193108	0.0	a5711e9763c3bfe59721550b4daaf82f755f8c77	691431c59ad6367643f66fb450e893f83ae59324	0	1	True					True
case118_corrected_da_dcopf_seed901_N1000_lop0008	corrected_da_dcopf	901	901	902	1	593			dcopf	failure_label		-0.06000000000000005			-2.0556628399504007e-08		True		False		False	False	False	False	True	0.027815754001494497	0.0	a5711e9763c3bfe59721550b4daaf82f755f8c77	747bb415df2c4e0e003e91dc2dde712eb4610966	0	1	True					True
case118_corrected_da_dcopf_seed901_N1000_lop0008	corrected_da_dcopf	901	901	902	1	594			dcopf	failure_label		-0.06000000000000005			-2.0556628399504007e-08		True		False		False	False	False	False	True	0.028465544994105585	0.0	a5711e9763c3bfe59721550b4daaf82f755f8c77	14822bfe194eefdb7faddd20d39f2347fa8222ad	0	1	True					True
case118_corrected_da_dcopf_seed901_N1000_lop0008	corrected_da_dcopf	901	901	902	1	595			dcopf	failure_label		-0.06000000000000005			-2.0556628399504007e-08		True		False		False	False	False	False	True	0.02821295899047982	0.0	a5711e9763c3bfe59721550b4daaf82f755f8c77	ea5f3cc00f19364d82790331e0d6c83c09ae4bd3	0	1	True					True
case118_corrected_da_dcopf_seed901_N1000_lop0008	corrected_da_dcopf	901	901	902	1	596			dcopf	failure_label		-0.06000000000000005			-2.0556628399504007e-08		True		False		False	False	False	False	True	0.029897272994276136	0.0	a5711e9763c3bfe59721550b4daaf82f755f8c77	0bc78a0012a6cc550aeccacb3344e1c7f489ff92	0	1	True					True
case118_corrected_da_dcopf_seed901_N1000_lop0008	corrected_da_dcopf	901	901	902	1	597			dcopf	failure_label		-0.06000000000000005			-2.0556628399504007e-08		True		False		False	False	False	False	True	0.02804232899507042	0.0	a5711e9763c3bfe59721550b4daaf82f755f8c77	43d843be28be3d6af2638f6bf3a6f9a63e035763	0	1	True					True
case118_corrected_da_dcopf_seed901_N1000_lop0008	corrected_da_dcopf	901	901	902	1	598			dcopf	failure_label		-0.06000000000000005			-2.0556628399504007e-08		True		False		False	False	False	False	True	0.02932830899953842	0.0	a5711e9763c3bfe59721550b4daaf82f755f8c77	fd9f6c5899b434c875c2c1acae8f11e25fa9be39	0	1	True					True
case118_corrected_da_dcopf_seed901_N1000_lop0008	corrected_da_dcopf	901	901	902	1	599			dcopf	failure_label		-0.06000000000000005			-2.0556628399504007e-08		True		False		False	False	False	False	True	0.02927033200103324	0.0	a5711e9763c3bfe59721550b4daaf82f755f8c77	ea5f3cc00f19364d82790331e0d6c83c09ae4bd3	0	1	True					True
case118_corrected_da_dcopf_seed901_N1000_lop0008	corrected_da_dcopf	901	901	902	1	600			dcopf	failure_label		-0.06000000000000005			-2.0556628399504007e-08		True		False		False	False	False	False	True	0.02816856000572443	0.0	a5711e9763c3bfe59721550b4daaf82f755f8c77	79900396e5f252605fd29474ad4957da1f1a214c	0	1	True					True
case118_corrected_da_dcopf_seed901_N1000_lop0008	corrected_da_dcopf	901	901	902	1	601			dcopf	failure_label		inf	inf	False	inf	inf	False	False	True	True	True	True	False	True	True	0.045800412000971846	0.019125392005662434	4672e1aa5ca24ad8e6dbeed6660c1f76735d6767	eb88cd2486a851a30355b1f705ad3c6260bd2125	4	3	False					False
case118_corrected_da_dcopf_seed901_N1000_lop0008	corrected_da_dcopf	901	901	902	1	602			dcopf	failure_label		-0.06000000000000005			inf		False		True		False	False	False	False	True	0.026498368999455124	0.0	c0bf4b0ce29660d841905f5ebb7546c50196fc8b	a5711e9763c3bfe59721550b4daaf82f755f8c77	1	0	True					True
case118_corrected_da_dcopf_seed901_N1000_lop0008	corrected_da_dcopf	901	901	902	1	603			dcopf	failure_label		inf	inf	False	inf	inf	False	False	True	True	True	False	False	True	True	0.041611291002482176	0.018824817991117015	795bd2ff11d449e4a77412ea1ec81c036b9beb4d	adec082943ab4c278a556a01c21313a22b9a9de8	2	3	False					False
case118_corrected_da_dcopf_seed901_N1000_lop0008	corrected_da_dcopf	901	901	902	1	604			dcopf	failure_label		inf	inf	False	inf	inf	False	False	True	True	True	True	False	True	True	0.04135135999240447	0.020870691994787194	f39d3170ace5acb6bb17fecadbd9d67735846194	31054f1826d1634eea5cea566850555aca004bba	2	2	False					False
case118_corrected_da_dcopf_seed901_N1000_lop0008	corrected_da_dcopf	901	901	902	1	605			dcopf	failure_label		-0.06000000000000005			inf		False		True		False	False	False	False	True	0.027535300003364682	0.0	4e4c35954118b19acd43d2529716a50684a8fbb0	d22c198a6105738861f93ad5ffde428114ff1dc9	2	2	True					True
case118_corrected_da_dcopf_seed901_N1000_lop0008	corrected_da_dcopf	901	901	902	1	606			dcopf	failure_label		-0.06000000000000005			inf		False		True		False	False	False	False	True	0.02701167699706275	0.0	a4385f2af9d37490706fcf3a6de3f9a31542c3ee	e1703593d88cd17600fb436f769761921c686342	2	2	True					True
case118_corrected_da_dcopf_seed901_N1000_lop0008	corrected_da_dcopf	901	901	902	1	607			dcopf	failure_label		-0.06000000000000005			inf		False		True		False	False	False	False	True	0.026911120003205724	0.0	08332893a24661abd41996c08646972f5b300b05	56a5e8ce84fe23e8668dfb3cbdf2c89063e87667	4	3	True					True
case118_corrected_da_dcopf_seed901_N1000_lop0008	corrected_da_dcopf	901	901	902	1	608			dcopf	failure_label		inf	inf	False	inf	inf	False	False	True	True	True	True	False	True	True	0.04210381698794663	0.01783111500844825	a2b00de9d9eb09ab163c7d177f90b429c6015f25	69979b1ac90da7a216f5414d89eb0024500ef6aa	7	6	False					False
case118_corrected_da_dcopf_seed901_N1000_lop0008	corrected_da_dcopf	901	901	902	1	609			dcopf	failure_label		inf	inf	False	inf	inf	False	False	True	True	True	True	False	True	True	0.04287427800591104	0.02025582900387235	fc9d2cac0b754b065bfa75b2ffccc8ab5cc73454	c0bf4b0ce29660d841905f5ebb7546c50196fc8b	2	1	False					False
case118_corrected_da_dcopf_seed901_N1000_lop0008	corrected_da_dcopf	901	901	902	1	610			dcopf	failure_label		-0.06000000000000005			inf		False		True		False	False	False	False	True	0.027811260995804332	0.0	2a1ee623e823b70db6535f92e7684003bc4303e5	a5711e9763c3bfe59721550b4daaf82f755f8c77	1	0	True					True
case118_corrected_da_dcopf_seed901_N1000_lop0008	corrected_da_dcopf	901	901	902	1	611			dcopf	failure_label		-0.06000000000000005			inf		False		True		False	False	False	False	True	0.027442438004072756	0.0	83812d29cbe4a70c243cd510d41acd5f86f48600	01da1fa216ae7c5df70cb30bd510c157c22da890	1	1	True					True
case118_corrected_da_dcopf_seed901_N1000_lop0008	corrected_da_dcopf	901	901	902	1	612			dcopf	failure_label		inf	inf	False	inf	inf	False	False	True	True	True	True	False	True	True	0.0414159249921795	0.018646674987394363	732375a66ecf169223e5ac10d1483f1e40988fcf	4f7e41e08e4efee8a272f50d1fc5095fcea5e16b	2	1	False					False
case118_corrected_da_dcopf_seed901_N1000_lop0008	corrected_da_dcopf	901	901	902	1	613			dcopf	failure_label		-0.06000000000000005			inf		False		True		False	False	False	False	True	0.03006624898989685	0.0	f3ded12a3ca302104d37e8cc1d2a64814e81b8b6	8badec8e21e478a7625683bbc7c81d5b73dd72d7	2	1	True					True
case118_corrected_da_dcopf_seed901_N1000_lop0008	corrected_da_dcopf	901	901	902	1	614			dcopf	failure_label		-0.06000000000000005			inf		False		True		False	False	False	False	True	0.029044773007626645	0.0	c1c8335e60d18f36de2f88f5fffb7b46faf1585e	a5711e9763c3bfe59721550b4daaf82f755f8c77	1	0	True					True
case118_corrected_da_dcopf_seed901_N1000_lop0008	corrected_da_dcopf	901	901	902	1	615			dcopf	failure_label		inf	inf	False	inf	inf	False	False	True	True	True	True	False	True	True	0.045031777990516275	0.018538627002271824	d500faca48506890a0afb26e544612bf8b6ec130	6feddb51f5f6833ffcaf36ed4c84b3cf4ee3e7bf	2	3	False					False
case118_corrected_da_dcopf_seed901_N1000_lop0008	corrected_da_dcopf	901	901	902	1	616			dcopf	failure_label		inf	inf	False	inf	inf	False	False	True	True	True	False	False	True	True	0.04052648298966233	0.01775092599564232	d966aa3743a755f322ddcea5980392c023d9a782	a53267ed36e4b6e45f8fd3a91cb2f0cb14384876	2	3	False					False
case118_corrected_da_dcopf_seed901_N1000_lop0008	corrected_da_dcopf	901	901	902	1	617			dcopf	failure_label		-0.06000000000000005			inf		False		True		False	False	False	False	True	0.0271125290018972	0.0	2a1ee623e823b70db6535f92e7684003bc4303e5	0a2fe8f5b8fb80bf4fb009a8992594e0a249d260	1	1	True					True
case118_corrected_da_dcopf_seed901_N1000_lop0008	corrected_da_dcopf	901	901	902	1	618			dcopf	failure_label		inf	inf	False	inf	inf	False	False	True	True	True	True	False	True	True	0.042780124000273645	0.01743349300522823	83812d29cbe4a70c243cd510d41acd5f86f48600	7f5fce2c11fb535339727b522dc48166cf82e40c	1	2	False					False
case118_corrected_da_dcopf_seed901_N1000_lop0008	corrected_da_dcopf	901	901	902	1	619			dcopf	failure_label		-0.06000000000000005			inf		False		True		False	False	False	False	True	0.02630066400161013	0.0	d5a9c94f9d0e499a9c10a5c411fc881022ffd13a	92fbfb6dc19d0fe2973456e3a5a4080588f5f8a4	2	1	True					True
case118_corrected_da_dcopf_seed901_N1000_lop0008	corrected_da_dcopf	901	901	902	1	620			dcopf	failure_label		inf	inf	False	inf	inf	False	False	True	True	True	True	False	True	True	0.04514112700417172	0.019592646000091918	34481d0d868d4132cf83a34f11a0b7cf988933d5	c0bf4b0ce29660d841905f5ebb7546c50196fc8b	2	1	False					False
case118_corrected_da_dcopf_seed901_N1000_lop0008	corrected_da_dcopf	901	901	902	1	621			dcopf	failure_label		inf	inf	False	inf	inf	False	False	True	True	True	True	False	True	True	0.04026730899931863	0.017790325000532903	608aa56ae3987beb235a86dab8928805e0811037	a2853b4403e69dbafc34db40754a3b0bc94b589a	4	5	False					False
case118_corrected_da_dcopf_seed901_N1000_lop0008	corrected_da_dcopf	901	901	902	1	622			dcopf	failure_label		inf	inf	False	inf	inf	False	False	True	True	True	False	False	True	True	0.044653766992269084	0.01797725800133776	c886130dc620c6dc992ea87fc8502459fcc1498e	6335293aed57799f824bbeea3f0d2c2aa11432a7	4	5	False					False
case118_corrected_da_dcopf_seed901_N1000_lop0008	corrected_da_dcopf	901	901	902	1	623			dcopf	failure_label		inf	inf	False	inf	inf	False	False	True	True	True	True	False	True	True	0.045033401998807676	0.019666148000396788	bd186b102cf66e270b2ad06ab39d43e0166bdba9	df4ed383241768e41df48b42f952ec435918b091	2	3	False					False
case118_corrected_da_dcopf_seed901_N1000_lop0008	corrected_da_dcopf	901	901	902	1	624			dcopf	failure_label		-0.06000000000000005			inf		False		True		False	False	False	False	True	0.028144250987679698	0.0	dbc8c115801fa9e57e220742eb54f3f3a0fa373d	a23b533c988b75f56179224114b1da38eeaf7df1	2	2	True					True
case118_corrected_da_dcopf_seed901_N1000_lop0008	corrected_da_dcopf	901	901	902	1	625			dcopf	failure_label		inf	inf	False	inf	inf	False	False	True	True	True	False	False	True	True	0.04209648801770527	0.018500003003282472	71f9da8e77df113a56c6f7fd9530b9f7c3139cbc	18913fb60478e7c6112dff568c8e6a42694ce554	5	6	False					False
case118_corrected_da_dcopf_seed901_N1000_lop0008	corrected_da_dcopf	901	901	902	1	626			dcopf	failure_label		inf	inf	False	inf	inf	False	False	True	True	True	True	False	True	True	0.04408870197949	0.017870341005618684	711065ded604760cb200ae3b851983d27c55d027	cde0df345a5fc1be13573960de4e99058b9ee9b5	3	2	False					False
case118_corrected_da_dcopf_seed901_N1000_lop0008	corrected_da_dcopf	901	901	902	1	627			dcopf	failure_label		inf	inf	False	inf	inf	False	False	True	True	True	True	False	True	True	0.04102545899513643	0.017347525994409807	7ddc7563ebeb54eeefa73641f045277551103a92	91bb7b3b42a70bb69e4396497ef106678d905d40	2	2	False					False
case118_corrected_da_dcopf_seed901_N1000_lop0008	corrected_da_dcopf	901	901	902	1	628			dcopf	failure_label		inf	inf	False	inf	inf	False	False	True	True	True	True	False	True	True	0.04134813300333917	0.017041366998455487	3fa4198cfcd6d3bc8683245ba389108693e160e2	333b1a96e500ca2cc33a7525a6b38f0472bcfd28	5	4	False					False
case118_corrected_da_dcopf_seed901_N1000_lop0008	corrected_da_dcopf	901	901	902	1	629			dcopf	failure_label		inf	inf	False	inf	inf	False	False	True	True	True	True	False	True	True	0.042482895019929856	0.018300785988685675	47a2cf6a6eeff8fca4efb9d396abad76afcc8edc	f6fe1943b4c2f0195d6b3d02d60aec60986b1835	3	2	False					False
case118_corrected_da_dcopf_seed901_N1000_lop0008	corrected_da_dcopf	901	901	902	1	630			dcopf	failure_label		-0.06000000000000005			inf		False		True		False	False	False	False	True	0.027154312003403902	0.0	09e2de1c32d732888f7cef2d3b7d90436c36085d	f79cd4feb5426c1bccff8cece71b3ff4890e1d00	2	2	True					True
case118_corrected_da_dcopf_seed901_N1000_lop0008	corrected_da_dcopf	901	901	902	1	631			dcopf	failure_label		-0.06000000000000005			inf		False		True		False	False	False	False	True	0.02677702000073623	0.0	52196684b76dd89ff2b856dd5239d49acd047150	854d1bad972a344a24f7158ee9f92f8b258b5718	4	4	True					True
case118_corrected_da_dcopf_seed901_N1000_lop0008	corrected_da_dcopf	901	901	902	1	632			dcopf	failure_label		inf	inf	False	inf	inf	False	False	True	True	True	True	False	True	True	0.040914660989074036	0.01728435800760053	9afb29a9d901746cb9488c939b45f7e345f763d5	5610d04ef76825e21b9c96d3c8a592527f20cc93	2	3	False					False
case118_corrected_da_dcopf_seed901_N1000_lop0008	corrected_da_dcopf	901	901	902	1	633			dcopf	failure_label		inf	inf	False	inf	inf	False	False	True	True	True	True	False	True	True	0.0422599510056898	0.02720894099911675	f1da52d35cd01dd14ef879e0d3b237b070654e5f	3886232572010e2afb1e8f1f51b9b0f5d591b1c2	3	3	False					False
case118_corrected_da_dcopf_seed901_N1000_lop0008	corrected_da_dcopf	901	901	902	1	634			dcopf	failure_label		inf	inf	False	inf	inf	False	False	True	True	True	False	False	True	True	0.041460246982751414	0.01701100799255073	ea8ff01afc167449d90c092ac583caddc99a2878	9abeacf2d1785d626e58bcdfe3570eaf4a96171c	2	3	False					False
case118_corrected_da_dcopf_seed901_N1000_lop0008	corrected_da_dcopf	901	901	902	1	635			dcopf	failure_label		inf	inf	False	inf	inf	False	False	True	True	True	False	False	True	True	0.042099318001419306	0.018103983995388262	9642d382cbbc395f177e61871297be83bf92de78	07ce20e88e82c126991f7c875b5024771b236f6a	4	5	False					False
case118_corrected_da_dcopf_seed901_N1000_lop0008	corrected_da_dcopf	901	901	902	1	636			dcopf	failure_label		inf	inf	False	inf	inf	False	False	True	True	True	True	False	True	True	0.040940491016954184	0.018373771003098227	c23e6b234033fee58126056cedcfd5bb89ee1272	2525a72e4075c922e4da287a984625f23c074d0e	3	3	False					False
case118_corrected_da_dcopf_seed901_N1000_lop0008	corrected_da_dcopf	901	901	902	1	637			dcopf	failure_label		inf	inf	False	inf	inf	False	False	True	True	True	True	False	True	True	0.04222983500221744	0.017425714002456516	971336e2e12be848b07032e5c4c572309166e5b2	97b35fc4690ba65bdefb8daf7ac67b95d2d0b734	7	7	False					False
case118_corrected_da_dcopf_seed901_N1000_lop0008	corrected_da_dcopf	901	901	902	1	638			dcopf	failure_label		-0.06000000000000005			inf		False		True		False	False	False	False	True	0.027293652994558215	0.0	2049e75d31b7cf46e39d8b6b033f88fd1f8acb48	d40f8f5ac9d9a2db0c59e3a57970e4bd1d74781b	4	4	True					True
case118_corrected_da_dcopf_seed901_N1000_lop0008	corrected_da_dcopf	901	901	902	1	639			dcopf	failure_label		-0.06000000000000005			inf		False		True		False	False	False	False	True	0.029684793000342324	0.0	83812d29cbe4a70c243cd510d41acd5f86f48600	a5711e9763c3bfe59721550b4daaf82f755f8c77	1	0	True					True
case118_corrected_da_dcopf_seed901_N1000_lop0008	corrected_da_dcopf	901	901	902	1	640			dcopf	failure_label		inf	inf	False	inf	inf	False	False	True	True	True	True	False	True	True	0.04293846100335941	0.018243049999000505	44f507f44e2039f6fb9393e2bea816c3727dd72b	88b750e2f597aa31906fc259206bdd239418096b	2	1	False					False
case118_corrected_da_dcopf_seed901_N1000_lop0008	corrected_da_dcopf	901	901	902	1	641			dcopf	failure_label		-0.06000000000000005			inf		False		True		False	False	False	False	True	0.029406513000139967	0.0	7da289cb0809404fc23a574119692a5e55e53d42	724a920d7f00401b8a5eccefcc0ca37dd11bf2ad	2	1	True					True
case118_corrected_da_dcopf_seed901_N1000_lop0008	corrected_da_dcopf	901	901	902	1	642			dcopf	failure_label		inf	inf	False	inf	inf	False	False	True	True	True	True	False	True	True	0.04159981300472282	0.017724859004374593	8ae6971078aca9324c6bf7a057956113503d9281	0a21cf0bfacb2f07c654ad62640cca7f6d4da0a2	2	3	False					False
case118_corrected_da_dcopf_seed901_N1000_lop0008	corrected_da_dcopf	901	901	902	1	643			dcopf	failure_label		-0.06000000000000005			inf		False		True		False	False	False	False	True	0.028077206006855704	0.0	1af1945167854b1ab04a16c5df9b9082c9c03841	3b6007810acde5411914961efa86fc2a4aac5ace	3	3	True					True
case118_corrected_da_dcopf_seed901_N1000_lop0008	corrected_da_dcopf	901	901	902	1	644			dcopf	failure_label		inf	inf	False	inf	inf	False	False	True	True	True	True	False	True	True	0.046564406002289616	0.031513423993601464	c19e246bd127eb0a8e34cea2d06bfbc7ca73469d	37bd917893b76654c72dc0670fd06b0359e13b0d	2	2	False					False
case118_corrected_da_dcopf_seed901_N1000_lop0008	corrected_da_dcopf	901	901	902	1	645			dcopf	failure_label		inf	inf	False	inf	inf	False	False	True	True	True	True	False	True	True	0.047330614004749805	0.021129599001142196	ec9d6a7b44f1e31b7e149066d6ecc63f81584aa1	a4385f2af9d37490706fcf3a6de3f9a31542c3ee	3	2	False					False
case118_corrected_da_dcopf_seed901_N1000_lop0008	corrected_da_dcopf	901	901	902	1	646			dcopf	failure_label		-0.06000000000000005			inf		False		True		False	False	False	False	True	0.027354123012628406	0.0	f7bf5e69d227ed848b7e4ef4451659905f78601f	4fa766011b2c5b08a1b6496df755f7a9189cfc23	2	2	True					True
case118_corrected_da_dcopf_seed901_N1000_lop0008	corrected_da_dcopf	901	901	902	1	647			dcopf	failure_label		inf	inf	False	inf	inf	False	False	True	True	True	True	False	True	True	0.0404661170032341	0.01717311800166499	8b49875afb9849e135d08f488e24f95c3decf5c6	88b750e2f597aa31906fc259206bdd239418096b	2	1	False					False
case118_corrected_da_dcopf_seed901_N1000_lop0008	corrected_da_dcopf	901	901	902	1	648			dcopf	failure_label		inf	inf	False	inf	inf	False	False	True	True	True	True	False	True	True	0.04028173901315313	0.01794102499843575	93304d4a9544549eb4a3ff261871008cbb37c84b	98fafcd67074883926004d09030a232648229fd1	2	2	False					False
case118_corrected_da_dcopf_seed901_N1000_lop0008	corrected_da_dcopf	901	901	902	1	649			dcopf	failure_label		inf	inf	False	inf	inf	False	False	True	True	True	False	False	True	True	0.04291546798776835	0.01892452299944125	cb0b0bd6336bbc1c409b83dfd9dd62f60f8cc841	91f299c3b6c48400d6b8c64e98d94d6846df515d	2	3	False					False
case118_corrected_da_dcopf_seed901_N1000_lop0008	corrected_da_dcopf	901	901	902	1	650			dcopf	failure_label		-0.06000000000000005			inf		False		True		False	False	False	False	True	0.028325274004600942	0.0	4f7e41e08e4efee8a272f50d1fc5095fcea5e16b	a5711e9763c3bfe59721550b4daaf82f755f8c77	1	0	True					True
case118_corrected_da_dcopf_seed901_N1000_lop0008	corrected_da_dcopf	901	901	902	1	651			dcopf	failure_label		-0.06000000000000005			inf		False		True		False	False	False	False	True	0.0260546290082857	0.0	742ef86c892c1cbf6228970236a261774eb21531	8b5a3f9bb03dc4f206fa13c0d6a8cc1f0b3170fe	3	2	True					True
case118_corrected_da_dcopf_seed901_N1000_lop0008	corrected_da_dcopf	901	901	902	1	652			dcopf	failure_label		-0.06000000000000005			inf		False		True		False	False	False	False	True	0.026745442009996623	0.0	c1c8335e60d18f36de2f88f5fffb7b46faf1585e	a5711e9763c3bfe59721550b4daaf82f755f8c77	1	0	True					True
case118_corrected_da_dcopf_seed901_N1000_lop0008	corrected_da_dcopf	901	901	902	1	653			dcopf	failure_label		inf	inf	False	inf	inf	False	False	True	True	True	True	False	True	True	0.041140319997793995	0.0183787870046217	f48ae74f9a5734f7e11511846f3d7ec0045c95eb	6a5ba015150d6fe84ee2e333aabfa1aa3526f754	5	5	False					False
case118_corrected_da_dcopf_seed901_N1000_lop0008	corrected_da_dcopf	901	901	902	1	654			dcopf	failure_label		inf	inf	False	inf	inf	False	False	True	True	True	True	False	True	True	0.04192326500196941	0.018678859996725805	a1b4e4f20802aabca0c7b073da3af8067cc6a616	ce7de1ed1b0a5b8affd4643e6cb4159b2bcb5aea	2	3	False					False
case118_corrected_da_dcopf_seed901_N1000_lop0008	corrected_da_dcopf	901	901	902	1	655			dcopf	failure_label		inf	inf	False	inf	inf	False	False	True	True	True	True	False	True	True	0.04172331199515611	0.01845557300839573	ae98e62f3b4c9f05a982b2c29842b7f84b705804	8484ac4d968d1fd9be3c94e1cc40c00fb2d1e656	4	3	False					False
case118_corrected_da_dcopf_seed901_N1000_lop0008	corrected_da_dcopf	901	901	902	1	656			dcopf	failure_label		inf	inf	False	inf	inf	False	False	True	True	True	True	False	True	True	0.04087778499524575	0.017789741003070958	1233bd9886c115529e247205259ae7ae9ce0501a	85d92f341aa1949f136ad764c6a0a72819538ec0	2	3	False					False
case118_corrected_da_dcopf_seed901_N1000_lop0008	corrected_da_dcopf	901	901	902	1	657			dcopf	failure_label		-0.06000000000000005			inf		False		True		False	False	False	False	True	0.027351907003321685	0.0	0c11b3f45a69b43f44f8cd0c53f038fe804dba57	5ecb31a7731e76ff4168e1bcf3921c7e0009ddd3	2	2	True					True
case118_corrected_da_dcopf_seed901_N1000_lop0008	corrected_da_dcopf	901	901	902	1	658			dcopf	failure_label		inf	inf	False	inf	inf	False	False	True	True	True	True	False	True	True	0.042598769010510296	0.018211629998404533	ebee2005c344304d5c52b81a4a9ef249d80fed2f	1de214184a9f3a7e9ce3df21407e49079bc767bb	10	10	False					False
case118_corrected_da_dcopf_seed901_N1000_lop0008	corrected_da_dcopf	901	901	902	1	659			dcopf	failure_label		inf	inf	False	inf	inf	False	False	True	True	True	True	False	True	True	0.043223089989623986	0.018725294998148456	88b750e2f597aa31906fc259206bdd239418096b	337120d02c3387d8550edf13d18d13093f4fc0fb	1	2	False					False
case118_corrected_da_dcopf_seed901_N1000_lop0008	corrected_da_dcopf	901	901	902	1	660			dcopf	failure_label		-0.06000000000000005			inf		False		True		False	False	False	False	True	0.028381697004078887	0.0	b07fba9702a73b9e01c8e2db3254947480e4022e	a5711e9763c3bfe59721550b4daaf82f755f8c77	1	0	True					True
case118_corrected_da_dcopf_seed901_N1000_lop0008	corrected_da_dcopf	901	901	902	1	661			dcopf	failure_label		-0.06000000000000005			inf		False		True		False	False	False	False	True	0.02630209398921579	0.0	4f7e41e08e4efee8a272f50d1fc5095fcea5e16b	4062955de3340d551ac949ee7348408b642d346a	1	1	True					True
case118_corrected_da_dcopf_seed901_N1000_lop0008	corrected_da_dcopf	901	901	902	1	662			dcopf	failure_label		inf	inf	False	inf	inf	False	False	True	True	True	True	False	True	True	0.04182094999123365	0.01836575599736534	219a4d596e0daf9492b98f161a0624f3d4abee62	d8f20d6f19d549c87857ba8a6e6c2c3702b85e09	2	1	False					False
case118_corrected_da_dcopf_seed901_N1000_lop0008	corrected_da_dcopf	901	901	902	1	663			dcopf	failure_label		-0.06000000000000005			inf		False		True		False	False	False	False	True	0.02925900398986414	0.0	673cc0e47de62f7970c639ccdba382a9b0eb0d36	bddf07e8a7c89a8d78809824445915777f306e5b	2	1	True					True
case118_corrected_da_dcopf_seed901_N1000_lop0008	corrected_da_dcopf	901	901	902	1	664			dcopf	failure_label		inf	inf	False	inf	inf	False	False	True	True	True	True	False	True	True	0.042668996000429615	0.022628127990174107	c0bf4b0ce29660d841905f5ebb7546c50196fc8b	faee204d64f0d20bd808f13184c1a5b80666838f	1	2	False					False
case118_corrected_da_dcopf_seed901_N1000_lop0008	corrected_da_dcopf	901	901	902	1	665			dcopf	failure_label		inf	inf	False	inf	inf	False	False	True	True	True	True	False	True	True	0.04694185400148854	0.02090017900627572	5bd31766c82eae026bea525a2d01ae4c00f2049d	fa8ea0e4a3b06249611213013e48825cf8dc40e7	2	1	False					False
case118_corrected_da_dcopf_seed901_N1000_lop0008	corrected_da_dcopf	901	901	902	1	666			dcopf	failure_label		-0.06000000000000005			-8.447316401927196e-09		True		False		False	False	False	False	True	0.029200073011452332	0.0	f21df2deac5c2c5470631ace59cc1bcce3957a97	08369acc479a3a8fec7acd6d1f64c662005b272d	1	2	True					True
case118_corrected_da_dcopf_seed901_N1000_lop0008	corrected_da_dcopf	901	901	902	1	667			dcopf	failure_label		-0.06000000000000005			-8.992997013734794e-09		True		False		False	False	False	False	True	0.02610710999579169	0.0	b0f14e8dcc508b7e314c03faec41bd04c763fc05	d9a51b0d11cc34c0e92b20e244b2d975e569b4ed	3	2	True					True
case118_corrected_da_dcopf_seed901_N1000_lop0008	corrected_da_dcopf	901	901	902	1	668			dcopf	failure_label		-0.06000000000000005			-9.576032633518139e-09		True		False		False	False	False	False	True	0.027239208997343667	0.0	c432d3a067615148e350b038a48e5d89b0fd99cc	62ca9ac51100ce5f4f1126fafb600ae5f2556d16	2	2	True					True
case118_corrected_da_dcopf_seed901_N1000_lop0008	corrected_da_dcopf	901	901	902	1	669			dcopf	failure_label		-0.06000000000000005			-9.744608009398803e-09		True		False		False	False	False	False	True	0.028893554990645498	0.0	96be00633911b8da49861b97da01834f0053140d	ab3892ed9986d2f1305a857fec985b9d580f01b2	3	2	True					True
case118_corrected_da_dcopf_seed901_N1000_lop0008	corrected_da_dcopf	901	901	902	1	670			dcopf	failure_label		-0.06000000000000005			-9.757303853774602e-09		True		False		False	False	False	False	True	0.032062099999166094	0.0	a7d509227fa2514bc6f2ad5c87669fba5b50db51	37af034d5c9fde9af8e06711f608f496af1acceb	2	3	True					True
case118_corrected_da_dcopf_seed901_N1000_lop0008	corrected_da_dcopf	901	901	902	1	671			dcopf	failure_label		-0.06000000000000005			-1.0080948742441365e-08		True		False		False	False	False	False	True	0.029163914994569495	0.0	31b4290b746a6ba5702eae478856ffa9fd756345	6f23f00490828a2a7214f10ed7efa6654d144e10	2	3	True					True
case118_corrected_da_dcopf_seed901_N1000_lop0008	corrected_da_dcopf	901	901	902	1	672			dcopf	failure_label		-0.06000000000000005			-1.1582442560609252e-08		True		False		False	False	False	False	True	0.029082364999339916	0.0	28f5fec4df7997a242ef30cca1248e735a675180	96e3bdeca01a7cc855f6f132a54798c9e020fbda	2	2	True					True
case118_corrected_da_dcopf_seed901_N1000_lop0008	corrected_da_dcopf	901	901	902	1	673			dcopf	failure_label		-0.06000000000000005			-1.2236550661626211e-08		True		False		False	False	False	False	True	0.030153207990224473	0.0	4c046ea6eeb2dac1266e75a02fdb79b36172e30c	9026041b76f01c7e238c7e928b7eec1093a9e696	2	2	True					True
case118_corrected_da_dcopf_seed901_N1000_lop0008	corrected_da_dcopf	901	901	902	1	674			dcopf	failure_label		-0.06000000000000005			-1.2336584198635592e-08		True		False		False	False	False	False	True	0.02833300999191124	0.0	d688a48bb91efc67fd0be207bba91ea872fa3719	4c2495ef478c3b720475b958f7f603acc2cc7328	4	4	True					True
case118_corrected_da_dcopf_seed901_N1000_lop0008	corrected_da_dcopf	901	901	902	1	675			dcopf	failure_label		-0.06000000000000005			-1.4440176387964243e-08		True		False		False	False	False	False	True	0.02904577499430161	0.0	bfb145f247b780c8ac7a9c5c321947b5d3068058	7db7a2c8b54c51052406630d64b0706831f1b885	2	3	True					True
case118_corrected_da_dcopf_seed901_N1000_lop0008	corrected_da_dcopf	901	901	902	1	676			dcopf	failure_label		-0.06000000000000005			-1.460037513112411e-08		True		False		False	False	False	False	True	0.0320813019934576	0.0	1f31d79f8046f83a327e2eeec998fe1b264f38d7	acae3fe8a14c31f1ffccd702c54daf9ed57d9b63	2	3	True					True
case118_corrected_da_dcopf_seed901_N1000_lop0008	corrected_da_dcopf	901	901	902	1	677			dcopf	failure_label		-0.06000000000000005			-1.577177588529821e-08		True		False		False	False	False	False	True	0.0288004739995813	0.0	02de28396aae69a4df9a721d1591b6a4a9fbd378	e425d7d04daf64abece5dff2843affd4a13a1153	2	3	True					True
case118_corrected_da_dcopf_seed901_N1000_lop0008	corrected_da_dcopf	901	901	902	1	678			dcopf	failure_label		-0.06000000000000005			-1.6029168881104283e-08		True		False		False	False	False	False	True	0.02712134300963953	0.0	ff27949f833d63d988a4d1c52d74b34607b89112	d398d7370e29287ff0e522feb799cab2ccf79623	2	3	True					True
case118_corrected_da_dcopf_seed901_N1000_lop0008	corrected_da_dcopf	901	901	902	1	679			dcopf	failure_label		-0.06000000000000005			-1.690827988731769e-08		True		False		False	False	False	False	True	0.027173208989552222	0.0	67957080805fb0b7db19faa554a070fbed84a0dd	4e753588d7bcd2ec48f6e5b6bcb2396369b201ba	3	2	True					True
case118_corrected_da_dcopf_seed901_N1000_lop0008	corrected_da_dcopf	901	901	902	1	680			dcopf	failure_label		-0.06000000000000005			-1.700364715695457e-08		True		False		False	False	False	False	True	0.026420700989547186	0.0	00374f71549b0f629e07c4072d1c74a654a5f946	dbb0d9ad705d8b6cc500712065b052184849d915	2	3	True					True
case118_corrected_da_dcopf_seed901_N1000_lop0008	corrected_da_dcopf	901	901	902	1	681			dcopf	failure_label		-0.06000000000000005			-1.7050555412012613e-08		True		False		False	False	False	False	True	0.02730414899997413	0.0	779736aa1be996cb9523b62f9be49a3887fc98b2	a5711e9763c3bfe59721550b4daaf82f755f8c77	1	0	True					True
case118_corrected_da_dcopf_seed901_N1000_lop0008	corrected_da_dcopf	901	901	902	1	682			dcopf	failure_label		-0.06000000000000005			-1.7050555412012613e-08		True		False		False	False	False	False	True	0.02719893099856563	0.0	779736aa1be996cb9523b62f9be49a3887fc98b2	a5711e9763c3bfe59721550b4daaf82f755f8c77	1	0	True					True
case118_corrected_da_dcopf_seed901_N1000_lop0008	corrected_da_dcopf	901	901	902	1	683			dcopf	failure_label		-0.06000000000000005			-1.717488817831736e-08		True		False		False	False	False	False	True	0.026780200001667254	0.0	3fe2535a6f69a580a60a14b0dedc22de6e35d816	75ff2cabe4f8dfb4072ed4710721ee393eefaed4	2	3	True					True
case118_corrected_da_dcopf_seed901_N1000_lop0008	corrected_da_dcopf	901	901	902	1	684			dcopf	failure_label		-0.06000000000000005			-1.7177267608303737e-08		True		False		False	False	False	False	True	0.026302995000150986	0.0	bda73d3361d5eda471ad67cbb8d14648668b982d	a5711e9763c3bfe59721550b4daaf82f755f8c77	1	0	True					True
case118_corrected_da_dcopf_seed901_N1000_lop0008	corrected_da_dcopf	901	901	902	1	685			dcopf	failure_label		-0.06000000000000005			-1.729247101067699e-08		True		False		False	False	False	False	True	0.029156923003029078	0.0	77db482a79bed82628d4772acfa4b1c57dcd6228	e036d867a6ff7d22f69ebe5039c1969a71713534	2	2	True					True
case118_corrected_da_dcopf_seed901_N1000_lop0008	corrected_da_dcopf	901	901	902	1	686			dcopf	failure_label		-0.06000000000000005			-1.7548009711987334e-08		True		False		False	False	False	False	True	0.025763921003090218	0.0	ff82f38a072fdd30b693de3876358c7105948753	15bf81b1c6788e920e03c21fcd92022f8c536e79	2	1	True					True
case118_corrected_da_dcopf_seed901_N1000_lop0008	corrected_da_dcopf	901	901	902	1	687			dcopf	failure_label		-0.06000000000000005			-1.7608037250482766e-08		True		False		False	False	False	False	True	0.0288578339968808	0.0	07d43061de8f8bf3cfd9fe0e1c667352d6ef0999	a5711e9763c3bfe59721550b4daaf82f755f8c77	1	0	True					True
case118_corrected_da_dcopf_seed901_N1000_lop0008	corrected_da_dcopf	901	901	902	1	688			dcopf	failure_label		-0.06000000000000005			-1.7717721956245214e-08		True		False		False	False	False	False	True	0.030226033995859325	0.0	4f6113841a29c753337aca5370cc9cb4b9e1b2d3	b391e5458a4f8d284a8f6019013cd6fb1e40ec5c	2	1	True					True
case118_corrected_da_dcopf_seed901_N1000_lop0008	corrected_da_dcopf	901	901	902	1	689			dcopf	failure_label		-0.06000000000000005			-1.7975411603643465e-08		True		False		False	False	False	False	True	0.02927290899970103	0.0	f2063c76505235c75ec5fecfb965a8424aedd473	96f60c81d67c3ab6900771895a067961bbb1e55b	2	1	True					True
case118_corrected_da_dcopf_seed901_N1000_lop0008	corrected_da_dcopf	901	901	902	1	690			dcopf	failure_label		-0.06000000000000005			-1.8081543373682507e-08		True		False		False	False	False	False	True	0.029406336005195044	0.0	4be411374941b9593b82582e259b46e2043891a2	d2a961ff967b20155d71b0b40e5b808901000982	4	3	True					True
case118_corrected_da_dcopf_seed901_N1000_lop0008	corrected_da_dcopf	901	901	902	1	691			dcopf	failure_label		-0.06000000000000005			-1.8167667592550174e-08		True		False		False	False	False	False	True	0.03166748900548555	0.0	1fd191a48be412ba40ebab051a935813a9e0ba55	18dd723eaabb1b9a7ad4f194c3e376cb4add8962	4	5	True					True
case118_corrected_da_dcopf_seed901_N1000_lop0008	corrected_da_dcopf	901	901	902	1	692			dcopf	failure_label		-0.06000000000000005			-1.826657691772482e-08		True		False		False	False	False	False	True	0.030502057998091914	0.0	fd9f6c5899b434c875c2c1acae8f11e25fa9be39	937a29263861138b210cafe0d28532c30072e00a	1	1	True					True
case118_corrected_da_dcopf_seed901_N1000_lop0008	corrected_da_dcopf	901	901	902	1	693			dcopf	failure_label		-0.06000000000000005			-1.826657691772482e-08		True		False		False	False	False	False	True	0.02929631099686958	0.0	fd9f6c5899b434c875c2c1acae8f11e25fa9be39	a5711e9763c3bfe59721550b4daaf82f755f8c77	1	0	True					True
case118_corrected_da_dcopf_seed901_N1000_lop0008	corrected_da_dcopf	901	901	902	1	694			dcopf	failure_label		-0.06000000000000005			-1.8287154013307827e-08		True		False		False	False	False	False	True	0.02975245300331153	0.0	a6bb6949d6d6421daf2fa61415943d0c9c6175ce	a413acdf2b03f94920aeb80556a78ad7a846dd77	1	2	True					True
case118_corrected_da_dcopf_seed901_N1000_lop0008	corrected_da_dcopf	901	901	902	1	695			dcopf	failure_label		-0.06000000000000005			-1.8365736931258425e-08		True		False		False	False	False	False	True	0.028911959001561627	0.0	01da1fa216ae7c5df70cb30bd510c157c22da890	04b0e10ba1aca202100277d418df013d29a73638	1	2	True					True
case118_corrected_da_dcopf_seed901_N1000_lop0008	corrected_da_dcopf	901	901	902	1	696			dcopf	failure_label		-0.06000000000000005			-1.8365736931258425e-08		True		False		False	False	False	False	True	0.02866783099307213	0.0	01da1fa216ae7c5df70cb30bd510c157c22da890	f2d2a389eb52ecf46ac9985961eb6d8b1f825d62	1	1	True					True
case118_corrected_da_dcopf_seed901_N1000_lop0008	corrected_da_dcopf	901	901	902	1	697			dcopf	failure_label		-0.06000000000000005			-1.8429252124363416e-08		True		False		False	False	False	False	True	0.028184484996018	0.0	3a0c13848e35436b3332af463ea8ce0e14a4d6a2	c2a2c789e695081efcbce9cbf8e7f1ab029c3144	1	2	True					True
case118_corrected_da_dcopf_seed901_N1000_lop0008	corrected_da_dcopf	901	901	902	1	698			dcopf	failure_label		-0.06000000000000005			-1.863304377458519e-08		True		False		False	False	False	False	True	0.029197625000961125	0.0	92fbfb6dc19d0fe2973456e3a5a4080588f5f8a4	d63468ab51876504975ee69f6804db2960ab06f5	1	2	True					True
case118_corrected_da_dcopf_seed901_N1000_lop0008	corrected_da_dcopf	901	901	902	1	699			dcopf	failure_label		-0.06000000000000005			-1.864733523149198e-08		True		False		False	False	False	False	True	0.030471561010926962	0.0	da8328a6ee0965b06742c8c0dc9ed8ea6b585068	57a23e5ff69f29e278b5e5c41e0b4db6c1e980ca	2	1	True					True
case118_corrected_da_dcopf_seed901_N1000_lop0008	corrected_da_dcopf	901	901	902	1	700			dcopf	failure_label		-0.06000000000000005			-1.8703526505348123e-08		True		False		False	False	False	False	True	0.03137057700951118	0.0	f8ba21dc009d62ed1df255ad5b8d359e915beb86	0a576ad83d8880f4262a265afdf776724605873a	1	1	True					True
case118_corrected_da_dcopf_seed901_N1000_lop0008	corrected_da_dcopf	901	901	902	1	701			dcopf	failure_label		-0.06000000000000005			-1.878252819942361e-08		True		False		False	False	False	False	True	0.03201315000478644	0.0	a8164679e99b03f7dd3ec8b584d044cf794ebd06	2a3758b91108cd86dcf94b77fcd4d6643b5578ae	1	2	True					True
case118_corrected_da_dcopf_seed901_N1000_lop0008	corrected_da_dcopf	901	901	902	1	702			dcopf	failure_label		-0.06000000000000005			-1.878252819942361e-08		True		False		False	False	False	False	True	0.02654522100056056	0.0	a8164679e99b03f7dd3ec8b584d044cf794ebd06	ce64c90b473d069eecc4faa0585ecb1c9d8a493b	1	1	True					True
case118_corrected_da_dcopf_seed901_N1000_lop0008	corrected_da_dcopf	901	901	902	1	703			dcopf	failure_label		inf	-0.06000000000000005	True	-1.8834294568392806e-08	inf	True	False	False	True	True	False	True	True	True	0.04904924401489552	0.018386796000413597	2c065c95dc95b8d9412703e6fc35fc6df2ecca7c	b22efc09c766a4531b7cfaff890decb91e63626b	2	2	False					False
case118_corrected_da_dcopf_seed901_N1000_lop0008	corrected_da_dcopf	901	901	902	1	704			dcopf	failure_label		-0.06000000000000005			-1.894688073100781e-08		True		False		False	False	False	False	True	0.028415301989298314	0.0	c29b8331885874dd223475f90446a844ffca3b44	8fd3cc7ad3f14f516ad5906b8251368221bc42ef	4	4	True					True
case118_corrected_da_dcopf_seed901_N1000_lop0008	corrected_da_dcopf	901	901	902	1	705			dcopf	failure_label		-0.06000000000000005			-1.9141352058937855e-08		True		False		False	False	False	False	True	0.028352408000500873	0.0	6307a496297a3be271a2b7f758aa32240f3fd1d1	7bd4582d9883a129113929ba34c4f13e077f646d	4	3	True					True
case118_corrected_da_dcopf_seed901_N1000_lop0008	corrected_da_dcopf	901	901	902	1	706			dcopf	failure_label		-0.06000000000000005			-1.9435943299228597e-08		True		False		False	False	False	False	True	0.028912040987052023	0.0	1191da1b2f3b1b5f13005cd72123e82e0a5f750e	e20fdb08ed640d84b4e2c931bbf56b5820c2bf87	2	2	True					True
case118_corrected_da_dcopf_seed901_N1000_lop0008	corrected_da_dcopf	901	901	902	1	707			dcopf	failure_label		-0.06000000000000005			-1.9540691731378956e-08		True		False		False	False	False	False	True	0.02661566701135598	0.0	09925af4bdee6816e7a0b671ad04479142175bfb	1a4b8a09028df913eb3c4d97e124bf8b42efcc98	1	1	True					True
case118_corrected_da_dcopf_seed901_N1000_lop0008	corrected_da_dcopf	901	901	902	1	708			dcopf	failure_label		-0.06000000000000005			-1.9801058348534184e-08		True		False		False	False	False	False	True	0.027108374997624196	0.0	a7874a1d09f45fed0a79cd9da0af3d187ee26ccd	620d956a7a61abc8b2eb153452eeb6c034fe7a83	1	1	True					True
case118_corrected_da_dcopf_seed901_N1000_lop0008	corrected_da_dcopf	901	901	902	1	709			dcopf	failure_label		-0.06000000000000005			-1.9991343691572183e-08		True		False		False	False	False	False	True	0.027321593996020965	0.0	dae14a430594723e1977ebf0590a8180fc5e6fa2	e16be6657f65f51927eeaa3dc07120d45f7804ab	1	2	True					True
case118_corrected_da_dcopf_seed901_N1000_lop0008	corrected_da_dcopf	901	901	902	1	710			dcopf	failure_label		-0.06000000000000005			-2.012741928680839e-08		True		False		False	False	False	False	True	0.02893220698751975	0.0	25d2ced3e6ff07e6ad99677800a0185c0234befb	a5711e9763c3bfe59721550b4daaf82f755f8c77	1	0	True					True
case118_corrected_da_dcopf_seed901_N1000_lop0008	corrected_da_dcopf	901	901	902	1	711			dcopf	failure_label		-0.06000000000000005			-2.0254885768622444e-08		True		False		False	False	False	False	True	0.02982133100158535	0.0	8275aae0a8660cb53510d9be400d1567d53fb7a4	0caa2fe253f48a8aad7c0b55346ec79fcd889f30	2	3	True					True
case118_corrected_da_dcopf_seed901_N1000_lop0008	corrected_da_dcopf	901	901	902	1	712			dcopf	failure_label		-0.06000000000000005			-2.036274082684031e-08		True		False		False	False	False	False	True	0.030060917997616343	0.0	3e89d6c62c9f612f310df653fde04a4e1254c654	a5711e9763c3bfe59721550b4daaf82f755f8c77	1	0	True					True
case118_corrected_da_dcopf_seed901_N1000_lop0008	corrected_da_dcopf	901	901	902	1	713			dcopf	failure_label		-0.06000000000000005			-2.0454785198964487e-08		True		False		False	False	False	False	True	0.02869440699578263	0.0	a3b0a968a956d9c482c29d650dfbd670cb254bb0	008294ae676be92488d81788569b563a15e6c826	2	2	True					True
case118_corrected_da_dcopf_seed901_N1000_lop0008	corrected_da_dcopf	901	901	902	1	714			dcopf	failure_label		-0.06000000000000005			-2.0485565022099195e-08		True		False		False	False	False	False	True	0.02858964999904856	0.0	81f53e465b31787c655b245af9a542a55d04a8ba	a726e83a94acdc9120a1aea80fcbcae7ef9b1792	1	2	True					True
case118_corrected_da_dcopf_seed901_N1000_lop0008	corrected_da_dcopf	901	901	902	1	715			dcopf	failure_label		-0.06000000000000005			-2.052581482558935e-08		True		False		False	False	False	False	True	0.02918800601037219	0.0	ac1ed0b798f77d106929b081dfde96993db674f3	d57ee59d03f3d41479f5a5a5caf1874db4c0c282	1	1	True					True
case118_corrected_da_dcopf_seed901_N1000_lop0008	corrected_da_dcopf	901	901	902	1	716			dcopf	failure_label		-0.06000000000000005			-2.0556628399504007e-08		True		False		False	False	False	False	True	0.027343604000634514	0.0	a5711e9763c3bfe59721550b4daaf82f755f8c77	07d43061de8f8bf3cfd9fe0e1c667352d6ef0999	0	1	True					True
case118_corrected_da_dcopf_seed901_N1000_lop0008	corrected_da_dcopf	901	901	902	1	717			dcopf	failure_label		-0.06000000000000005			-2.0556628399504007e-08		True		False		False	False	False	False	True	0.026065074998768978	0.0	a5711e9763c3bfe59721550b4daaf82f755f8c77	556c2dba1e69e5a10cdbf0628db1e72af4c7886b	0	1	True					True
case118_corrected_da_dcopf_seed901_N1000_lop0008	corrected_da_dcopf	901	901	902	1	718			dcopf	failure_label		-0.06000000000000005			-2.0556628399504007e-08		True		False		False	False	False	False	True	0.028437872999347746	0.0	a5711e9763c3bfe59721550b4daaf82f755f8c77	8a0f36065fde31e15508f9952901b44e074c81a8	0	1	True					True
case118_corrected_da_dcopf_seed901_N1000_lop0008	corrected_da_dcopf	901	901	902	1	719			dcopf	failure_label		-0.06000000000000005			-2.0556628399504007e-08		True		False		False	False	False	False	True	0.02821922200382687	0.0	a5711e9763c3bfe59721550b4daaf82f755f8c77	ea5f3cc00f19364d82790331e0d6c83c09ae4bd3	0	1	True					True
case118_corrected_da_dcopf_seed901_N1000_lop0008	corrected_da_dcopf	901	901	902	1	720			dcopf	failure_label		-0.06000000000000005			-2.0556628399504007e-08		True		False		False	False	False	False	True	0.028932645989698358	0.0	a5711e9763c3bfe59721550b4daaf82f755f8c77	3fd9d35814089e18e63bc421ce607d7a331eb1b7	0	1	True					True
case118_corrected_da_dcopf_seed901_N1000_lop0008	corrected_da_dcopf	901	901	902	1	721			dcopf	failure_label		-0.06000000000000005			-2.0556628399504007e-08		True		False		False	False	False	False	True	0.02898133499547839	0.0	a5711e9763c3bfe59721550b4daaf82f755f8c77	04db354d41187ab986f0e6ce3994800af3c393a4	0	1	True					True
case118_corrected_da_dcopf_seed901_N1000_lop0008	corrected_da_dcopf	901	901	902	1	722			dcopf	failure_label		-0.06000000000000005			-2.0556628399504007e-08		True		False		False	False	False	False	True	0.03028908299165778	0.0	a5711e9763c3bfe59721550b4daaf82f755f8c77	d27f5cfda6730d25a9ed260e17c032fb2367550b	0	1	True					True
case118_corrected_da_dcopf_seed901_N1000_lop0008	corrected_da_dcopf	901	901	902	1	723			dcopf	failure_label		-0.06000000000000005			-2.0556628399504007e-08		True		False		False	False	False	False	True	0.03172174700011965	0.0	a5711e9763c3bfe59721550b4daaf82f755f8c77	044e60a910ac7b8df6ae681d3c891c4c80e1bc32	0	1	True					True
case118_corrected_da_dcopf_seed901_N1000_lop0008	corrected_da_dcopf	901	901	902	1	724			dcopf	failure_label		inf	-0.06000000000000005	True	-2.0556628399504007e-08	inf	True	False	False	True	True	False	True	True	True	0.054232810012763366	0.022097859007772058	a5711e9763c3bfe59721550b4daaf82f755f8c77	88b750e2f597aa31906fc259206bdd239418096b	0	1	False					False
case118_corrected_da_dcopf_seed901_N1000_lop0008	corrected_da_dcopf	901	901	902	1	725			dcopf	failure_label		-0.06000000000000005			-2.0556628399504007e-08		True		False		False	False	False	False	True	0.029805639991536736	0.0	a5711e9763c3bfe59721550b4daaf82f755f8c77	6e6e7c30d134e0d77ebedbbf6206acb41d132ed9	0	1	True					True
case118_corrected_da_dcopf_seed901_N1000_lop0008	corrected_da_dcopf	901	901	902	1	726			dcopf	failure_label		-0.06000000000000005			-2.0556628399504007e-08		True		False		False	False	False	False	True	0.03002246499818284	0.0	a5711e9763c3bfe59721550b4daaf82f755f8c77	bda73d3361d5eda471ad67cbb8d14648668b982d	0	1	True					True
case118_corrected_da_dcopf_seed901_N1000_lop0008	corrected_da_dcopf	901	901	902	1	727			dcopf	failure_label		-0.06000000000000005			-2.0556628399504007e-08		True		False		False	False	False	False	True	0.030131913008517586	0.0	a5711e9763c3bfe59721550b4daaf82f755f8c77	a8ba5a28983eef59c9e88e64e9475caba8bcdf8d	0	1	True					True
case118_corrected_da_dcopf_seed901_N1000_lop0008	corrected_da_dcopf	901	901	902	1	728			dcopf	failure_label		-0.06000000000000005			-2.0556628399504007e-08		True		False		False	False	False	False	True	0.030392423999728635	0.0	a5711e9763c3bfe59721550b4daaf82f755f8c77	699fde4fbabc9fed788bc5e3b2f4f1300330ed95	0	1	True					True
case118_corrected_da_dcopf_seed901_N1000_lop0008	corrected_da_dcopf	901	901	902	1	729			dcopf	failure_label		-0.06000000000000005			-2.0556628399504007e-08		True		False		False	False	False	False	True	0.028751776000717655	0.0	a5711e9763c3bfe59721550b4daaf82f755f8c77	b339717ea27502fa4222f660cf785e074dd99eda	0	1	True					True
case118_corrected_da_dcopf_seed901_N1000_lop0008	corrected_da_dcopf	901	901	902	1	730			dcopf	failure_label		-0.06000000000000005			-2.0556628399504007e-08		True		False		False	False	False	False	True	0.028909374988870695	0.0	a5711e9763c3bfe59721550b4daaf82f755f8c77	c56d85f5b0a21b89f5a43b8066661ed417b1449e	0	1	True					True
case118_corrected_da_dcopf_seed901_N1000_lop0008	corrected_da_dcopf	901	901	902	1	731			dcopf	failure_label		-0.06000000000000005			-2.0556628399504007e-08		True		False		False	False	False	False	True	0.02777545599383302	0.0	a5711e9763c3bfe59721550b4daaf82f755f8c77	6df2ee328626704649d4c9c53a422aefb1460bc7	0	1	True					True
case118_corrected_da_dcopf_seed901_N1000_lop0008	corrected_da_dcopf	901	901	902	1	732			dcopf	failure_label		-0.06000000000000005			-2.0556628399504007e-08		True		False		False	False	False	False	True	0.02779430699592922	0.0	a5711e9763c3bfe59721550b4daaf82f755f8c77	203e0c4d788902940d5ef31d850594733cefc292	0	1	True					True
case118_corrected_da_dcopf_seed901_N1000_lop0008	corrected_da_dcopf	901	901	902	1	733			dcopf	failure_label		-0.06000000000000005			-2.0556628399504007e-08		True		False		False	False	False	False	True	0.03175212400674354	0.0	a5711e9763c3bfe59721550b4daaf82f755f8c77	b9a27cdc72a974e68f6d052bc644069ab850954d	0	1	True					True
case118_corrected_da_dcopf_seed901_N1000_lop0008	corrected_da_dcopf	901	901	902	1	734			dcopf	failure_label		-0.06000000000000005			-2.0556628399504007e-08		True		False		False	False	False	False	True	0.03931576899776701	0.0	a5711e9763c3bfe59721550b4daaf82f755f8c77	05efdd96cc44f4321e0ff03f541d6c4d7ecb219d	0	1	True					True
case118_corrected_da_dcopf_seed901_N1000_lop0008	corrected_da_dcopf	901	901	902	1	735			dcopf	failure_label		-0.06000000000000005			-2.0556628399504007e-08		True		False		False	False	False	False	True	0.02916544298932422	0.0	a5711e9763c3bfe59721550b4daaf82f755f8c77	1a4b8a09028df913eb3c4d97e124bf8b42efcc98	0	1	True					True
case118_corrected_da_dcopf_seed901_N1000_lop0008	corrected_da_dcopf	901	901	902	1	736			dcopf	failure_label		-0.06000000000000005			-2.0556628399504007e-08		True		False		False	False	False	False	True	0.028972001004149206	0.0	a5711e9763c3bfe59721550b4daaf82f755f8c77	6aa13b1254f2daa83f396f249e5c0019ff396cee	0	1	True					True
case118_corrected_da_dcopf_seed901_N1000_lop0008	corrected_da_dcopf	901	901	902	1	737			dcopf	failure_label		-0.06000000000000005			-2.0556628399504007e-08		True		False		False	False	False	False	True	0.029502121993573382	0.0	a5711e9763c3bfe59721550b4daaf82f755f8c77	1a4b8a09028df913eb3c4d97e124bf8b42efcc98	0	1	True					True
case118_corrected_da_dcopf_seed901_N1000_lop0008	corrected_da_dcopf	901	901	902	1	738			dcopf	failure_label		-0.06000000000000005			-2.0556628399504007e-08		True		False		False	False	False	False	True	0.028572447001351975	0.0	a5711e9763c3bfe59721550b4daaf82f755f8c77	3fd9d35814089e18e63bc421ce607d7a331eb1b7	0	1	True					True
case118_corrected_da_dcopf_seed901_N1000_lop0008	corrected_da_dcopf	901	901	902	1	739			dcopf	failure_label		-0.06000000000000005			-2.0556628399504007e-08		True		False		False	False	False	False	True	0.028175493993330747	0.0	a5711e9763c3bfe59721550b4daaf82f755f8c77	8badec8e21e478a7625683bbc7c81d5b73dd72d7	0	1	True					True
case118_corrected_da_dcopf_seed901_N1000_lop0008	corrected_da_dcopf	901	901	902	1	740			dcopf	failure_label		-0.06000000000000005			-2.0556628399504007e-08		True		False		False	False	False	False	True	0.033999772000242956	0.0	a5711e9763c3bfe59721550b4daaf82f755f8c77	3f4a1e16f50469edccf21fe05dd21f7e8c768a41	0	1	True					True
case118_corrected_da_dcopf_seed901_N1000_lop0008	corrected_da_dcopf	901	901	902	1	741			dcopf	failure_label		-0.06000000000000005			-2.0556628399504007e-08		True		False		False	False	False	False	True	0.028199608001159504	0.0	a5711e9763c3bfe59721550b4daaf82f755f8c77	004b27a2a277fbb82a5d032c48e9b12d33326db4	0	1	True					True
case118_corrected_da_dcopf_seed901_N1000_lop0008	corrected_da_dcopf	901	901	902	1	742			dcopf	failure_label		-0.06000000000000005			-2.0556628399504007e-08		True		False		False	False	False	False	True	0.027289551988360472	0.0	a5711e9763c3bfe59721550b4daaf82f755f8c77	556c2dba1e69e5a10cdbf0628db1e72af4c7886b	0	1	True					True
case118_corrected_da_dcopf_seed901_N1000_lop0008	corrected_da_dcopf	901	901	902	1	743			dcopf	failure_label		-0.06000000000000005			-2.0556628399504007e-08		True		False		False	False	False	False	True	0.031407260001287796	0.0	a5711e9763c3bfe59721550b4daaf82f755f8c77	1c02bbf3dea292304a4514af98d28ebce1b7d4aa	0	1	True					True
case118_corrected_da_dcopf_seed901_N1000_lop0008	corrected_da_dcopf	901	901	902	1	744			dcopf	failure_label		-0.06000000000000005			-2.0556628399504007e-08		True		False		False	False	False	False	True	0.030033186994842254	0.0	a5711e9763c3bfe59721550b4daaf82f755f8c77	b2115ce239e31f3c4385a543af9bc7c082334d6d	0	1	True					True
case118_corrected_da_dcopf_seed901_N1000_lop0008	corrected_da_dcopf	901	901	902	1	745			dcopf	failure_label		-0.06000000000000005			-2.0556628399504007e-08		True		False		False	False	False	False	True	0.030245749003370292	0.0	a5711e9763c3bfe59721550b4daaf82f755f8c77	47dc6cd6cb0ebea35cb40d027e46d5fe460e6144	0	1	True					True
case118_corrected_da_dcopf_seed901_N1000_lop0008	corrected_da_dcopf	901	901	902	1	746			dcopf	failure_label		-0.06000000000000005			-2.0556628399504007e-08		True		False		False	False	False	False	True	0.029866037002648227	0.0	a5711e9763c3bfe59721550b4daaf82f755f8c77	d57ee59d03f3d41479f5a5a5caf1874db4c0c282	0	1	True					True
case118_corrected_da_dcopf_seed901_N1000_lop0008	corrected_da_dcopf	901	901	902	1	747			dcopf	failure_label		-0.06000000000000005			-2.0556628399504007e-08		True		False		False	False	False	False	True	0.03113213399774395	0.0	a5711e9763c3bfe59721550b4daaf82f755f8c77	aa2967fe1b663336145ea939dabbb8a9081ab00f	0	1	True					True
case118_corrected_da_dcopf_seed901_N1000_lop0008	corrected_da_dcopf	901	901	902	1	748			dcopf	failure_label		-0.06000000000000005			-2.0556628399504007e-08		True		False		False	False	False	False	True	0.0297230219875928	0.0	a5711e9763c3bfe59721550b4daaf82f755f8c77	ead7849a47d509cb71fc3e2af693cf5fec59d3ad	0	1	True					True
case118_corrected_da_dcopf_seed901_N1000_lop0008	corrected_da_dcopf	901	901	902	1	749			dcopf	failure_label		-0.06000000000000005			-2.0556628399504007e-08		True		False		False	False	False	False	True	0.030083290999755263	0.0	a5711e9763c3bfe59721550b4daaf82f755f8c77	7c82ac2ccac5515723b7ed4479b23fee71dd6746	0	1	True					True
case118_corrected_da_dcopf_seed901_N1000_lop0008	corrected_da_dcopf	901	901	902	1	750			dcopf	failure_label		-0.06000000000000005			-2.0556628399504007e-08		True		False		False	False	False	False	True	0.03171192400623113	0.0	a5711e9763c3bfe59721550b4daaf82f755f8c77	83912540879c84bba11c9669427270203fa560e7	0	1	True					True
case118_corrected_da_dcopf_seed901_N1000_lop0008	corrected_da_dcopf	901	901	902	1	751			dcopf	failure_label		inf	inf	False	inf	inf	False	False	True	True	True	True	False	True	True	0.04636672198830638	0.018155251993448474	eb88cd2486a851a30355b1f705ad3c6260bd2125	bd2012282409e2539f79b47c241bec4d683764df	3	3	False					False
case118_corrected_da_dcopf_seed901_N1000_lop0008	corrected_da_dcopf	901	901	902	1	752			dcopf	failure_label		-0.06000000000000005			inf		False		True		False	False	False	False	True	0.03166156400402542	0.0	c0bf4b0ce29660d841905f5ebb7546c50196fc8b	a5711e9763c3bfe59721550b4daaf82f755f8c77	1	0	True					True
case118_corrected_da_dcopf_seed901_N1000_lop0008	corrected_da_dcopf	901	901	902	1	753			dcopf	failure_label		inf	inf	False	inf	inf	False	False	True	True	True	True	False	True	True	0.048610106998239644	0.02045643000747077	795bd2ff11d449e4a77412ea1ec81c036b9beb4d	3996be81479ec0cfa716d5c9c08b3863b75dcf73	2	3	False					False
case118_corrected_da_dcopf_seed901_N1000_lop0008	corrected_da_dcopf	901	901	902	1	754			dcopf	failure_label		inf	inf	False	inf	inf	False	False	True	True	True	False	False	True	True	0.0457473340065917	0.02069722200394608	31054f1826d1634eea5cea566850555aca004bba	1aef1628e2fffc5482c04c308184f315599a99d6	2	3	False					False
case118_corrected_da_dcopf_seed901_N1000_lop0008	corrected_da_dcopf	901	901	902	1	755			dcopf	failure_label		-0.06000000000000005			inf		False		True		False	False	False	False	True	0.029236665010103025	0.0	4e4c35954118b19acd43d2529716a50684a8fbb0	d8237aa469187b1435779003332c9da21098eb4a	2	1	True					True
case118_corrected_da_dcopf_seed901_N1000_lop0008	corrected_da_dcopf	901	901	902	1	756			dcopf	failure_label		inf	inf	False	inf	inf	False	False	True	True	True	True	False	True	True	0.055175975983729586	0.01956800601328723	a4385f2af9d37490706fcf3a6de3f9a31542c3ee	9ee1330f2039b1507b3f7380ce82e0c4e93bc888	2	2	False					False
case118_corrected_da_dcopf_seed901_N1000_lop0008	corrected_da_dcopf	901	901	902	1	757			dcopf	failure_label		inf	inf	False	inf	inf	False	False	True	True	True	False	False	True	True	0.04894862198852934	0.02138894201198127	08332893a24661abd41996c08646972f5b300b05	249c6d668b8626cc12adcd4de069e043e2a0aba6	4	5	False					False
case118_corrected_da_dcopf_seed901_N1000_lop0008	corrected_da_dcopf	901	901	902	1	758			dcopf	failure_label		inf	inf	False	inf	inf	False	False	True	True	True	True	False	True	True	0.0563564349868102	0.023267836004379205	69979b1ac90da7a216f5414d89eb0024500ef6aa	3eb9070b104c4fab51553ce2572c804447a13f14	6	6	False					False
case118_corrected_da_dcopf_seed901_N1000_lop0008	corrected_da_dcopf	901	901	902	1	759			dcopf	failure_label		inf	inf	False	inf	inf	False	False	True	True	True	True	False	True	True	0.04818613099632785	0.022672618011711165	c0bf4b0ce29660d841905f5ebb7546c50196fc8b	d8f20d6f19d549c87857ba8a6e6c2c3702b85e09	1	1	False					False
case118_corrected_da_dcopf_seed901_N1000_lop0008	corrected_da_dcopf	901	901	902	1	760			dcopf	failure_label		-0.06000000000000005			inf		False		True		False	False	False	False	True	0.029897508007707074	0.0	2a1ee623e823b70db6535f92e7684003bc4303e5	c702fa0323b5a27fcb68503db437997acab5214a	1	1	True					True
case118_corrected_da_dcopf_seed901_N1000_lop0008	corrected_da_dcopf	901	901	902	1	761			dcopf	failure_label		inf	inf	False	inf	inf	False	False	True	True	True	False	False	True	True	0.04670654899382498	0.019684879007400014	83812d29cbe4a70c243cd510d41acd5f86f48600	249e2fadf6a13f684ea4bb0e3a2507db4031e8aa	1	2	False					False
case118_corrected_da_dcopf_seed901_N1000_lop0008	corrected_da_dcopf	901	901	902	1	762			dcopf	failure_label		-0.06000000000000005			inf		False		True		False	False	False	False	True	0.028165912997792475	0.0	4f7e41e08e4efee8a272f50d1fc5095fcea5e16b	a5711e9763c3bfe59721550b4daaf82f755f8c77	1	0	True					True
case118_corrected_da_dcopf_seed901_N1000_lop0008	corrected_da_dcopf	901	901	902	1	763			dcopf	failure_label		-0.06000000000000005			inf		False		True		False	False	False	False	True	0.03091703499376308	0.0	f3ded12a3ca302104d37e8cc1d2a64814e81b8b6	8badec8e21e478a7625683bbc7c81d5b73dd72d7	2	1	True					True
case118_corrected_da_dcopf_seed901_N1000_lop0008	corrected_da_dcopf	901	901	902	1	764			dcopf	failure_label		inf	inf	False	inf	inf	False	False	True	True	True	True	False	True	True	0.05622159100312274	0.03830068800016306	c1c8335e60d18f36de2f88f5fffb7b46faf1585e	ec3b5abe98253d8ced04b6e2ce0732b50a1d27cc	1	2	False					False
case118_corrected_da_dcopf_seed901_N1000_lop0008	corrected_da_dcopf	901	901	902	1	765			dcopf	failure_label		-0.06000000000000005			inf		False		True		False	False	False	False	True	0.034797072992660105	0.0	6feddb51f5f6833ffcaf36ed4c84b3cf4ee3e7bf	c62f6cbcc3a7b95b0eeebf092149afd0c8df0364	3	2	True					True
case118_corrected_da_dcopf_seed901_N1000_lop0008	corrected_da_dcopf	901	901	902	1	766			dcopf	failure_label		-0.06000000000000005			inf		False		True		False	False	False	False	True	0.03155366699502338	0.0	d966aa3743a755f322ddcea5980392c023d9a782	da264a6524351d06d1d0b6a2d52ab9abb595df4f	2	1	True					True
case118_corrected_da_dcopf_seed901_N1000_lop0008	corrected_da_dcopf	901	901	902	1	767			dcopf	failure_label		-0.06000000000000005			inf		False		True		False	False	False	False	True	0.02955022599780932	0.0	2a1ee623e823b70db6535f92e7684003bc4303e5	556c2dba1e69e5a10cdbf0628db1e72af4c7886b	1	1	True					True
case118_corrected_da_dcopf_seed901_N1000_lop0008	corrected_da_dcopf	901	901	902	1	768			dcopf	failure_label		-0.06000000000000005			inf		False		True		False	False	False	False	True	0.029912358993897215	0.0	7f5fce2c11fb535339727b522dc48166cf82e40c	48d4b7b537b3cd90afb577674c9513e8ca1fe2f8	2	1	True					True
case118_corrected_da_dcopf_seed901_N1000_lop0008	corrected_da_dcopf	901	901	902	1	769			dcopf	failure_label		inf	inf	False	inf	inf	False	False	True	True	True	True	False	True	True	0.044805489014834166	0.018475438002496958	d5a9c94f9d0e499a9c10a5c411fc881022ffd13a	d8f20d6f19d549c87857ba8a6e6c2c3702b85e09	2	1	False					False
case118_corrected_da_dcopf_seed901_N1000_lop0008	corrected_da_dcopf	901	901	902	1	770			dcopf	failure_label		-0.06000000000000005			inf		False		True		False	False	False	False	True	0.02872523499536328	0.0	c0bf4b0ce29660d841905f5ebb7546c50196fc8b	92fbfb6dc19d0fe2973456e3a5a4080588f5f8a4	1	1	True					True
case118_corrected_da_dcopf_seed901_N1000_lop0008	corrected_da_dcopf	901	901	902	1	771			dcopf	failure_label		inf	inf	False	inf	inf	False	False	True	True	True	True	False	True	True	0.04850454299594276	0.020309016996179707	a2853b4403e69dbafc34db40754a3b0bc94b589a	deb4134df687f5b039b9778bc494486af31b3bdd	5	4	False					False
case118_corrected_da_dcopf_seed901_N1000_lop0008	corrected_da_dcopf	901	901	902	1	772			dcopf	failure_label		inf	inf	False	inf	inf	False	False	True	True	True	False	False	True	True	0.049171876002219506	0.021096773009048775	c886130dc620c6dc992ea87fc8502459fcc1498e	f3e4b26eff84003247121cc1e628010fc6d384a2	4	5	False					False
case118_corrected_da_dcopf_seed901_N1000_lop0008	corrected_da_dcopf	901	901	902	1	773			dcopf	failure_label		-0.06000000000000005			inf		False		True		False	False	False	False	True	0.032039590005297214	0.0	df4ed383241768e41df48b42f952ec435918b091	ebd27f08a45b1e0229ded467500fafef969da64f	3	3	True					True
case118_corrected_da_dcopf_seed901_N1000_lop0008	corrected_da_dcopf	901	901	902	1	774			dcopf	failure_label		-0.06000000000000005			inf		False		True		False	False	False	False	True	0.030136118992231786	0.0	dbc8c115801fa9e57e220742eb54f3f3a0fa373d	1b0b45a99cb27ccb6296ad12251590f0da7232d9	2	1	True					True
case118_corrected_da_dcopf_seed901_N1000_lop0008	corrected_da_dcopf	901	901	902	1	775			dcopf	failure_label		inf	inf	False	inf	inf	False	False	True	True	True	True	False	True	True	0.08263913598784711	0.043616320996079594	71f9da8e77df113a56c6f7fd9530b9f7c3139cbc	f37711501a7340a01ffd5aa2f358e91ae5d08f7e	5	4	False					False
case118_corrected_da_dcopf_seed901_N1000_lop0008	corrected_da_dcopf	901	901	902	1	776			dcopf	failure_label		inf	inf	False	inf	inf	False	False	True	True	True	True	False	True	True	0.06956958600494545	0.02324283499910962	cde0df345a5fc1be13573960de4e99058b9ee9b5	d95c23e107a0781abd7a52624f3c05d21eb197e0	2	3	False					False
case118_corrected_da_dcopf_seed901_N1000_lop0008	corrected_da_dcopf	901	901	902	1	777			dcopf	failure_label		inf	inf	False	inf	inf	False	False	True	True	True	True	False	True	True	0.048570503015071154	0.01841683500970248	91bb7b3b42a70bb69e4396497ef106678d905d40	6b3752b44ed8a80609c47c2ce47f1cd7e12800a0	2	3	False					False
case118_corrected_da_dcopf_seed901_N1000_lop0008	corrected_da_dcopf	901	901	902	1	778			dcopf	failure_label		inf	inf	False	inf	inf	False	False	True	True	True	True	False	True	True	0.05220116699638311	0.01999896801135037	333b1a96e500ca2cc33a7525a6b38f0472bcfd28	9e8ceb00779615cd4425742f321ab73662a76d2d	4	3	False					False
case118_corrected_da_dcopf_seed901_N1000_lop0008	corrected_da_dcopf	901	901	902	1	779			dcopf	failure_label		-0.06000000000000005			inf		False		True		False	False	False	False	True	0.033639365996350534	0.0	f6fe1943b4c2f0195d6b3d02d60aec60986b1835	dec326cc06550eecdbdde6c824128e8c140b0ff4	2	1	True					True
case118_corrected_da_dcopf_seed901_N1000_lop0008	corrected_da_dcopf	901	901	902	1	780			dcopf	failure_label		-0.06000000000000005			inf		False		True		False	False	False	False	True	0.026507460992434062	0.0	09e2de1c32d732888f7cef2d3b7d90436c36085d	4d601419647b7404e6826514ca4eb97f1c458612	2	2	True					True
case118_corrected_da_dcopf_seed901_N1000_lop0008	corrected_da_dcopf	901	901	902	1	781			dcopf	failure_label		-0.06000000000000005			inf		False		True		False	False	False	False	True	0.02833201600878965	0.0	52196684b76dd89ff2b856dd5239d49acd047150	14c9ff761b9ad4c928eda6110e22120f1732eaa1	4	3	True					True
case118_corrected_da_dcopf_seed901_N1000_lop0008	corrected_da_dcopf	901	901	902	1	782			dcopf	failure_label		inf	inf	False	inf	inf	False	False	True	True	True	False	False	True	True	0.0408314810047159	0.018210162001196295	5610d04ef76825e21b9c96d3c8a592527f20cc93	82853b91cf07e11698fb36e0eab469af0046ee33	3	4	False					False
case118_corrected_da_dcopf_seed901_N1000_lop0008	corrected_da_dcopf	901	901	902	1	783			dcopf	failure_label		inf	inf	False	inf	inf	False	False	True	True	True	True	False	True	True	0.039882889002910815	0.032663313002558425	3886232572010e2afb1e8f1f51b9b0f5d591b1c2	39e3be6af9f0023ffda889f5f203b825d6c63936	3	3	False					False
case118_corrected_da_dcopf_seed901_N1000_lop0008	corrected_da_dcopf	901	901	902	1	784			dcopf	failure_label		-0.06000000000000005			inf		False		True		False	False	False	False	True	0.026979468995705247	0.0	ea8ff01afc167449d90c092ac583caddc99a2878	7684311c0773f4bb9c1e71af3a2b7ac3c9c1b0bf	2	2	True					True
case118_corrected_da_dcopf_seed901_N1000_lop0008	corrected_da_dcopf	901	901	902	1	785			dcopf	failure_label		inf	inf	False	inf	inf	False	False	True	True	True	True	False	True	True	0.04418528400128707	0.020329218998085707	9642d382cbbc395f177e61871297be83bf92de78	d069bae571e02196379a4379d3fbb3d24a6cb9ef	4	5	False					False
case118_corrected_da_dcopf_seed901_N1000_lop0008	corrected_da_dcopf	901	901	902	1	786			dcopf	failure_label		inf	inf	False	inf	inf	False	False	True	True	True	False	False	True	True	0.039540821002447046	0.01770683999347966	2525a72e4075c922e4da287a984625f23c074d0e	143a431c12e9dfde41f70b643c835a08cf6648c1	3	4	False					False
case118_corrected_da_dcopf_seed901_N1000_lop0008	corrected_da_dcopf	901	901	902	1	787			dcopf	failure_label		inf	inf	False	inf	inf	False	False	True	True	True	False	False	True	True	0.038840366003569216	0.017723088996717706	97b35fc4690ba65bdefb8daf7ac67b95d2d0b734	565b9d0491411884fffefa919b49d20ad228e9be	7	8	False					False
case118_corrected_da_dcopf_seed901_N1000_lop0008	corrected_da_dcopf	901	901	902	1	788			dcopf	failure_label		-0.06000000000000005			inf		False		True		False	False	False	False	True	0.026463319998583756	0.0	2049e75d31b7cf46e39d8b6b033f88fd1f8acb48	2457e844bb961aada52be019f3663f6902af1bb6	4	3	True					True
case118_corrected_da_dcopf_seed901_N1000_lop0008	corrected_da_dcopf	901	901	902	1	789			dcopf	failure_label		-0.06000000000000005			inf		False		True		False	False	False	False	True	0.025737635005498305	0.0	83812d29cbe4a70c243cd510d41acd5f86f48600	014d485c936ca42ef6ada007258b02b0ee20ccdc	1	1	True					True
case118_corrected_da_dcopf_seed901_N1000_lop0008	corrected_da_dcopf	901	901	902	1	790			dcopf	failure_label		-0.06000000000000005			inf		False		True		False	False	False	False	True	0.028232156997546554	0.0	88b750e2f597aa31906fc259206bdd239418096b	a5711e9763c3bfe59721550b4daaf82f755f8c77	1	0	True					True
case118_corrected_da_dcopf_seed901_N1000_lop0008	corrected_da_dcopf	901	901	902	1	791			dcopf	failure_label		-0.06000000000000005			inf		False		True		False	False	False	False	True	0.03170012100599706	0.0	7da289cb0809404fc23a574119692a5e55e53d42	be04097961504a7483987b0e2d7bbbcb36898e0f	2	2	True					True
case118_corrected_da_dcopf_seed901_N1000_lop0008	corrected_da_dcopf	901	901	902	1	792			dcopf	failure_label		inf	inf	False	inf	inf	False	False	True	True	True	True	False	True	True	0.0454289180052001	0.01956983600393869	0a21cf0bfacb2f07c654ad62640cca7f6d4da0a2	8e4fd7ee12207843a7483c922cf17d520413bc27	3	3	False					False
case118_corrected_da_dcopf_seed901_N1000_lop0008	corrected_da_dcopf	901	901	902	1	793			dcopf	failure_label		inf	inf	False	inf	inf	False	False	True	True	True	False	False	True	True	0.0479891970026074	0.020841555000515655	1af1945167854b1ab04a16c5df9b9082c9c03841	1bf3944b96fcb6ef2cd8edeb64f0fa1779b547b4	3	4	False					False
case118_corrected_da_dcopf_seed901_N1000_lop0008	corrected_da_dcopf	901	901	902	1	794			dcopf	failure_label		inf	inf	False	inf	inf	False	False	True	True	True	True	False	True	True	0.04978755699994508	0.047916817988152616	37bd917893b76654c72dc0670fd06b0359e13b0d	c9b1b4f6587bbb8da358e46854b7416b28b85d99	2	2	False					False
case118_corrected_da_dcopf_seed901_N1000_lop0008	corrected_da_dcopf	901	901	902	1	795			dcopf	failure_label		inf	inf	False	inf	inf	False	False	True	True	True	True	False	True	True	0.054302320000715554	0.0222200810094364	a4385f2af9d37490706fcf3a6de3f9a31542c3ee	76e38f5767c249d945486f467d4ada7d0fb1ede7	2	3	False					False
case118_corrected_da_dcopf_seed901_N1000_lop0008	corrected_da_dcopf	901	901	902	1	796			dcopf	failure_label		inf	inf	False	inf	inf	False	False	True	True	True	True	False	True	True	0.05167827001423575	0.021496818008017726	f7bf5e69d227ed848b7e4ef4451659905f78601f	e09c63c90b152cabac0a358b7cd7b0f4b577bb1f	2	3	False					False
case118_corrected_da_dcopf_seed901_N1000_lop0008	corrected_da_dcopf	901	901	902	1	797			dcopf	failure_label		-0.06000000000000005			inf		False		True		False	False	False	False	True	0.027912787001696415	0.0	88b750e2f597aa31906fc259206bdd239418096b	a5711e9763c3bfe59721550b4daaf82f755f8c77	1	0	True					True
case118_corrected_da_dcopf_seed901_N1000_lop0008	corrected_da_dcopf	901	901	902	1	798			dcopf	failure_label		-0.06000000000000005			inf		False		True		False	False	False	False	True	0.030646151994005777	0.0	98fafcd67074883926004d09030a232648229fd1	25df910fe663b5c23f4bc8a44090b8e10d073161	2	2	True					True
case118_corrected_da_dcopf_seed901_N1000_lop0008	corrected_da_dcopf	901	901	902	1	799			dcopf	failure_label		inf	inf	False	inf	inf	False	False	True	True	True	True	False	True	True	0.045679023998673074	0.017846721995738335	cb0b0bd6336bbc1c409b83dfd9dd62f60f8cc841	58fd9cd0360e7af321feafb294fd88035c269930	2	2	False					False
case118_corrected_da_dcopf_seed901_N1000_lop0008	corrected_da_dcopf	901	901	902	1	800			dcopf	failure_label		-0.06000000000000005			inf		False		True		False	False	False	False	True	0.02861903300799895	0.0	4f7e41e08e4efee8a272f50d1fc5095fcea5e16b	a5711e9763c3bfe59721550b4daaf82f755f8c77	1	0	True					True
case118_corrected_da_dcopf_seed901_N1000_lop0008	corrected_da_dcopf	901	901	902	1	801			dcopf	failure_label		inf	inf	False	inf	inf	False	False	True	True	True	True	False	True	True	0.04430664799292572	0.018526140003814362	742ef86c892c1cbf6228970236a261774eb21531	647d7d883f2b76609320b8a31060128eb8d7fa42	3	4	False					False
case118_corrected_da_dcopf_seed901_N1000_lop0008	corrected_da_dcopf	901	901	902	1	802			dcopf	failure_label		-0.06000000000000005			inf		False		True		False	False	False	False	True	0.027179951997823082	0.0	c1c8335e60d18f36de2f88f5fffb7b46faf1585e	dec326cc06550eecdbdde6c824128e8c140b0ff4	1	1	True					True
case118_corrected_da_dcopf_seed901_N1000_lop0008	corrected_da_dcopf	901	901	902	1	803			dcopf	failure_label		inf	inf	False	inf	inf	False	False	True	True	True	True	False	True	True	0.04248193299281411	0.01781594600470271	6a5ba015150d6fe84ee2e333aabfa1aa3526f754	254c067419037042f9c81bf4f4789020ce16c07c	5	4	False					False
case118_corrected_da_dcopf_seed901_N1000_lop0008	corrected_da_dcopf	901	901	902	1	804			dcopf	failure_label		inf	inf	False	inf	inf	False	False	True	True	True	True	False	True	True	0.046977430014521815	0.018064125993987545	ce7de1ed1b0a5b8affd4643e6cb4159b2bcb5aea	a1b4e4f20802aabca0c7b073da3af8067cc6a616	3	2	False					False
case118_corrected_da_dcopf_seed901_N1000_lop0008	corrected_da_dcopf	901	901	902	1	805			dcopf	failure_label		inf	inf	False	inf	inf	False	False	True	True	True	True	False	True	True	0.04778291301045101	0.020557765004923567	8484ac4d968d1fd9be3c94e1cc40c00fb2d1e656	dc365114348f0d7f56d55527cb6e845d17663707	3	3	False					False
case118_corrected_da_dcopf_seed901_N1000_lop0008	corrected_da_dcopf	901	901	902	1	806			dcopf	failure_label		inf	inf	False	inf	inf	False	False	True	True	True	True	False	True	True	0.04298304200347047	0.01939515900448896	85d92f341aa1949f136ad764c6a0a72819538ec0	2438d1a31827bbb392119230745f7653c5314029	3	3	False					False
case118_corrected_da_dcopf_seed901_N1000_lop0008	corrected_da_dcopf	901	901	902	1	807			dcopf	failure_label		inf	inf	False	inf	inf	False	False	True	True	True	True	False	True	True	0.04276365700934548	0.018049639009404927	0c11b3f45a69b43f44f8cd0c53f038fe804dba57	3da80f3876b67ec2fc40f6a3c006db4a9a080708	2	2	False					False
case118_corrected_da_dcopf_seed901_N1000_lop0008	corrected_da_dcopf	901	901	902	1	808			dcopf	failure_label		inf	inf	False	inf	inf	False	False	True	True	True	True	False	True	True	0.05362577398773283	0.01754167300532572	1de214184a9f3a7e9ce3df21407e49079bc767bb	6db8f9746fdd331cb36d8770f6e68e4eac0c5b06	10	10	False					False
case118_corrected_da_dcopf_seed901_N1000_lop0008	corrected_da_dcopf	901	901	902	1	809			dcopf	failure_label		-0.06000000000000005			inf		False		True		False	False	False	False	True	0.02960767901095096	0.0	337120d02c3387d8550edf13d18d13093f4fc0fb	c1387ce3223b2e838025ff99b4e34cd8ed92b15a	2	2	True					True
case118_corrected_da_dcopf_seed901_N1000_lop0008	corrected_da_dcopf	901	901	902	1	810			dcopf	failure_label		-0.06000000000000005			inf		False		True		False	False	False	False	True	0.03451334100100212	0.0	b07fba9702a73b9e01c8e2db3254947480e4022e	a5711e9763c3bfe59721550b4daaf82f755f8c77	1	0	True					True
case118_corrected_da_dcopf_seed901_N1000_lop0008	corrected_da_dcopf	901	901	902	1	811			dcopf	failure_label		inf	inf	False	inf	inf	False	False	True	True	True	True	False	True	True	0.05632200500986073	0.021685368003090844	4f7e41e08e4efee8a272f50d1fc5095fcea5e16b	43dd58882520eddf7a45db62ff3a5262a55cfc2c	1	2	False					False
case118_corrected_da_dcopf_seed901_N1000_lop0008	corrected_da_dcopf	901	901	902	1	812			dcopf	failure_label		-0.06000000000000005			inf		False		True		False	False	False	False	True	0.03568386400002055	0.0	d8f20d6f19d549c87857ba8a6e6c2c3702b85e09	a5711e9763c3bfe59721550b4daaf82f755f8c77	1	0	True					True
case118_corrected_da_dcopf_seed901_N1000_lop0008	corrected_da_dcopf	901	901	902	1	813			dcopf	failure_label		inf	inf	False	inf	inf	False	False	True	True	True	True	False	True	True	0.052669544995296746	0.022855000992421992	673cc0e47de62f7970c639ccdba382a9b0eb0d36	6e25714478147d5b33716ac37c7fe6757d32e3aa	2	2	False					False
case118_corrected_da_dcopf_seed901_N1000_lop0008	corrected_da_dcopf	901	901	902	1	814			dcopf	failure_label		inf	inf	False	inf	inf	False	False	True	True	True	False	False	True	True	0.049234534992137924	0.020008478008094244	faee204d64f0d20bd808f13184c1a5b80666838f	8d5718abb6246a7cc00ff29f7bbed58de88ccc3f	2	3	False					False
case118_corrected_da_dcopf_seed901_N1000_lop0008	corrected_da_dcopf	901	901	902	1	815			dcopf	failure_label		-0.06000000000000005			inf		False		True		False	False	False	False	True	0.028541758001665585	0.0	fa8ea0e4a3b06249611213013e48825cf8dc40e7	a5711e9763c3bfe59721550b4daaf82f755f8c77	1	0	True					True
case118_corrected_da_dcopf_seed901_N1000_lop0008	corrected_da_dcopf	901	901	902	1	816			dcopf	failure_label		-0.06000000000000005			-8.447316401927196e-09		True		False		False	False	False	False	True	0.02982217099633999	0.0	f21df2deac5c2c5470631ace59cc1bcce3957a97	23f668865070c8bb729852164fc63c64172802cb	1	2	True					True
case118_corrected_da_dcopf_seed901_N1000_lop0008	corrected_da_dcopf	901	901	902	1	817			dcopf	failure_label		-0.06000000000000005			-8.992997013734794e-09		True		False		False	False	False	False	True	0.0272302219964331	0.0	b0f14e8dcc508b7e314c03faec41bd04c763fc05	a55eded9dc4c88e08b582806b1e8944997d95407	3	2	True					True
case118_corrected_da_dcopf_seed901_N1000_lop0008	corrected_da_dcopf	901	901	902	1	818			dcopf	failure_label		-0.06000000000000005			-9.576032633518139e-09		True		False		False	False	False	False	True	0.029323932001716457	0.0	c432d3a067615148e350b038a48e5d89b0fd99cc	4d56d179b059fc2e96db09bdb7e31bda827f170e	2	2	True					True
case118_corrected_da_dcopf_seed901_N1000_lop0008	corrected_da_dcopf	901	901	902	1	819			dcopf	failure_label		-0.06000000000000005			-9.744608009398803e-09		True		False		False	False	False	False	True	0.03030683399992995	0.0	96be00633911b8da49861b97da01834f0053140d	ab3892ed9986d2f1305a857fec985b9d580f01b2	3	2	True					True
case118_corrected_da_dcopf_seed901_N1000_lop0008	corrected_da_dcopf	901	901	902	1	820			dcopf	failure_label		-0.06000000000000005			-9.757303853774602e-09		True		False		False	False	False	False	True	0.03112140500161331	0.0	a7d509227fa2514bc6f2ad5c87669fba5b50db51	f2624e3f6387595ff719d6bcc3500dbf0a8cd17a	2	3	True					True
case118_corrected_da_dcopf_seed901_N1000_lop0008	corrected_da_dcopf	901	901	902	1	821			dcopf	failure_label		-0.06000000000000005			-1.0080948742441365e-08		True		False		False	False	False	False	True	0.033337699991534464	0.0	31b4290b746a6ba5702eae478856ffa9fd756345	7e1ebde1f75e99be0e230f9b6d4714400ef7a618	2	2	True					True
case118_corrected_da_dcopf_seed901_N1000_lop0008	corrected_da_dcopf	901	901	902	1	822			dcopf	failure_label		-0.06000000000000005			-1.1582442560609252e-08		True		False		False	False	False	False	True	0.03262020199326798	0.0	28f5fec4df7997a242ef30cca1248e735a675180	9e98a556dcc3f1a4f958487827772a954ed99a00	2	3	True					True
case118_corrected_da_dcopf_seed901_N1000_lop0008	corrected_da_dcopf	901	901	902	1	823			dcopf	failure_label		-0.06000000000000005			-1.2236550661626211e-08		True		False		False	False	False	False	True	0.02997253199282568	0.0	4c046ea6eeb2dac1266e75a02fdb79b36172e30c	b1aeac06807ba0cc51304e53735dba78ce020ca1	2	1	True					True
case118_corrected_da_dcopf_seed901_N1000_lop0008	corrected_da_dcopf	901	901	902	1	824			dcopf	failure_label		-0.06000000000000005			-1.2336584198635592e-08		True		False		False	False	False	False	True	0.031376930986880325	0.0	d688a48bb91efc67fd0be207bba91ea872fa3719	c70d0dc0908ba588c91c10aa1516a2cab3ed17fc	4	5	True					True
case118_corrected_da_dcopf_seed901_N1000_lop0008	corrected_da_dcopf	901	901	902	1	825			dcopf	failure_label		-0.06000000000000005			-1.4440176387964243e-08		True		False		False	False	False	False	True	0.03015222899557557	0.0	bfb145f247b780c8ac7a9c5c321947b5d3068058	9ed9c187d6bed6767798c07c070a27c94effa152	2	2	True					True
case118_corrected_da_dcopf_seed901_N1000_lop0008	corrected_da_dcopf	901	901	902	1	826			dcopf	failure_label		-0.06000000000000005			-1.460037513112411e-08		True		False		False	False	False	False	True	0.03537363599753007	0.0	1f31d79f8046f83a327e2eeec998fe1b264f38d7	15bf81b1c6788e920e03c21fcd92022f8c536e79	2	1	True					True
case118_corrected_da_dcopf_seed901_N1000_lop0008	corrected_da_dcopf	901	901	902	1	827			dcopf	failure_label		-0.06000000000000005			-1.577177588529821e-08		True		False		False	False	False	False	True	0.030004559986991808	0.0	02de28396aae69a4df9a721d1591b6a4a9fbd378	ae50312a95f036db5bcb992d913f044b40697493	2	3	True					True
case118_corrected_da_dcopf_seed901_N1000_lop0008	corrected_da_dcopf	901	901	902	1	828			dcopf	failure_label		-0.06000000000000005			-1.6029168881104283e-08		True		False		False	False	False	False	True	0.029605422998429276	0.0	ff27949f833d63d988a4d1c52d74b34607b89112	014d485c936ca42ef6ada007258b02b0ee20ccdc	2	1	True					True
case118_corrected_da_dcopf_seed901_N1000_lop0008	corrected_da_dcopf	901	901	902	1	829			dcopf	failure_label		-0.06000000000000005			-1.690827988731769e-08		True		False		False	False	False	False	True	0.03439659900323022	0.0	67957080805fb0b7db19faa554a070fbed84a0dd	02cffe3855cb87a6041dd9dc847635557c0eb562	3	4	True					True
case118_corrected_da_dcopf_seed901_N1000_lop0008	corrected_da_dcopf	901	901	902	1	830			dcopf	failure_label		-0.06000000000000005			-1.700364715695457e-08		True		False		False	False	False	False	True	0.03277525900921319	0.0	00374f71549b0f629e07c4072d1c74a654a5f946	c453ca90947a74a60a03bec4f496cfa999ab9d25	2	3	True					True
case118_corrected_da_dcopf_seed901_N1000_lop0008	corrected_da_dcopf	901	901	902	1	831			dcopf	failure_label		-0.06000000000000005			-1.7050555412012613e-08		True		False		False	False	False	False	True	0.034538466003141366	0.0	779736aa1be996cb9523b62f9be49a3887fc98b2	34a7ef59d7f397c714fa46af409d2502088cf6d9	1	2	True					True
case118_corrected_da_dcopf_seed901_N1000_lop0008	corrected_da_dcopf	901	901	902	1	832			dcopf	failure_label		-0.06000000000000005			-1.7050555412012613e-08		True		False		False	False	False	False	True	0.031154926007729955	0.0	779736aa1be996cb9523b62f9be49a3887fc98b2	a5711e9763c3bfe59721550b4daaf82f755f8c77	1	0	True					True
case118_corrected_da_dcopf_seed901_N1000_lop0008	corrected_da_dcopf	901	901	902	1	833			dcopf	failure_label		-0.06000000000000005			-1.717488817831736e-08		True		False		False	False	False	False	True	0.03273817099398002	0.0	3fe2535a6f69a580a60a14b0dedc22de6e35d816	8009dd47e2afc744a5cabb21ee1bc91e51075796	2	2	True					True
case118_corrected_da_dcopf_seed901_N1000_lop0008	corrected_da_dcopf	901	901	902	1	834			dcopf	failure_label		-0.06000000000000005			-1.7177267608303737e-08		True		False		False	False	False	False	True	0.03218966799613554	0.0	bda73d3361d5eda471ad67cbb8d14648668b982d	0e7e41e0745bbba44ae50d2c9b1da7968d56f284	1	2	True					True
case118_corrected_da_dcopf_seed901_N1000_lop0008	corrected_da_dcopf	901	901	902	1	835			dcopf	failure_label		-0.06000000000000005			-1.729247101067699e-08		True		False		False	False	False	False	True	0.03423770899826195	0.0	77db482a79bed82628d4772acfa4b1c57dcd6228	779736aa1be996cb9523b62f9be49a3887fc98b2	2	1	True					True
case118_corrected_da_dcopf_seed901_N1000_lop0008	corrected_da_dcopf	901	901	902	1	836			dcopf	failure_label		-0.06000000000000005			-1.7548009711987334e-08		True		False		False	False	False	False	True	0.031192943002679385	0.0	ff82f38a072fdd30b693de3876358c7105948753	4419c5cee8a662cf53517fb0ef9e06351937f394	2	3	True					True
case118_corrected_da_dcopf_seed901_N1000_lop0008	corrected_da_dcopf	901	901	902	1	837			dcopf	failure_label		-0.06000000000000005			-1.7608037250482766e-08		True		False		False	False	False	False	True	0.03405449099955149	0.0	07d43061de8f8bf3cfd9fe0e1c667352d6ef0999	a5711e9763c3bfe59721550b4daaf82f755f8c77	1	0	True					True
case118_corrected_da_dcopf_seed901_N1000_lop0008	corrected_da_dcopf	901	901	902	1	838			dcopf	failure_label		-0.06000000000000005			-1.7717721956245214e-08		True		False		False	False	False	False	True	0.03298776599694975	0.0	4f6113841a29c753337aca5370cc9cb4b9e1b2d3	8dc0e96c8c306f03a777bdcae059da50ba9c7be5	2	3	True					True
case118_corrected_da_dcopf_seed901_N1000_lop0008	corrected_da_dcopf	901	901	902	1	839			dcopf	failure_label		-0.06000000000000005			-1.7975411603643465e-08		True		False		False	False	False	False	True	0.03194493500632234	0.0	f2063c76505235c75ec5fecfb965a8424aedd473	96f60c81d67c3ab6900771895a067961bbb1e55b	2	1	True					True
case118_corrected_da_dcopf_seed901_N1000_lop0008	corrected_da_dcopf	901	901	902	1	840			dcopf	failure_label		-0.06000000000000005			-1.8081543373682507e-08		True		False		False	False	False	False	True	0.03212308399088215	0.0	4be411374941b9593b82582e259b46e2043891a2	47f5805dbb4566088ce6137bc3e56c990effb3fe	4	5	True					True
case118_corrected_da_dcopf_seed901_N1000_lop0008	corrected_da_dcopf	901	901	902	1	841			dcopf	failure_label		-0.06000000000000005			-1.8167667592550174e-08		True		False		False	False	False	False	True	0.028730632009683177	0.0	1fd191a48be412ba40ebab051a935813a9e0ba55	bb21cd6bff07f600d9274ce558457f500154c8c1	4	5	True					True
case118_corrected_da_dcopf_seed901_N1000_lop0008	corrected_da_dcopf	901	901	902	1	842			dcopf	failure_label		-0.06000000000000005			-1.826657691772482e-08		True		False		False	False	False	False	True	0.030581797007471323	0.0	fd9f6c5899b434c875c2c1acae8f11e25fa9be39	ceeca8bcd29082420e86ede365e20151241cc359	1	1	True					True
case118_corrected_da_dcopf_seed901_N1000_lop0008	corrected_da_dcopf	901	901	902	1	843			dcopf	failure_label		-0.06000000000000005			-1.826657691772482e-08		True		False		False	False	False	False	True	0.03142967099847738	0.0	fd9f6c5899b434c875c2c1acae8f11e25fa9be39	a5711e9763c3bfe59721550b4daaf82f755f8c77	1	0	True					True
case118_corrected_da_dcopf_seed901_N1000_lop0008	corrected_da_dcopf	901	901	902	1	844			dcopf	failure_label		-0.06000000000000005			-1.8287154013307827e-08		True		False		False	False	False	False	True	0.03484160300286021	0.0	a6bb6949d6d6421daf2fa61415943d0c9c6175ce	a5711e9763c3bfe59721550b4daaf82f755f8c77	1	0	True					True
case118_corrected_da_dcopf_seed901_N1000_lop0008	corrected_da_dcopf	901	901	902	1	845			dcopf	failure_label		-0.06000000000000005			-1.8365736931258425e-08		True		False		False	False	False	False	True	0.030272882999270223	0.0	01da1fa216ae7c5df70cb30bd510c157c22da890	86e3270a262805458fa9458f6df067625a7bcb51	1	2	True					True
case118_corrected_da_dcopf_seed901_N1000_lop0008	corrected_da_dcopf	901	901	902	1	846			dcopf	failure_label		-0.06000000000000005			-1.8365736931258425e-08		True		False		False	False	False	False	True	0.03220703799161129	0.0	01da1fa216ae7c5df70cb30bd510c157c22da890	a5711e9763c3bfe59721550b4daaf82f755f8c77	1	0	True					True
case118_corrected_da_dcopf_seed901_N1000_lop0008	corrected_da_dcopf	901	901	902	1	847			dcopf	failure_label		-0.06000000000000005			-1.8429252124363416e-08		True		False		False	False	False	False	True	0.03304274199763313	0.0	3a0c13848e35436b3332af463ea8ce0e14a4d6a2	15da499e678fdd35298f0696aa0c3660e2261462	1	2	True					True
case118_corrected_da_dcopf_seed901_N1000_lop0008	corrected_da_dcopf	901	901	902	1	848			dcopf	failure_label		inf	-0.06000000000000005	True	-1.863304377458519e-08	inf	True	False	False	True	True	False	True	True	True	0.05794812199019361	0.024824125997838564	92fbfb6dc19d0fe2973456e3a5a4080588f5f8a4	83812d29cbe4a70c243cd510d41acd5f86f48600	1	1	False					False
case118_corrected_da_dcopf_seed901_N1000_lop0008	corrected_da_dcopf	901	901	902	1	849			dcopf	failure_label		-0.06000000000000005			-1.864733523149198e-08		True		False		False	False	False	False	True	0.02806053998938296	0.0	da8328a6ee0965b06742c8c0dc9ed8ea6b585068	078a6746324a240d4d11f27ddca10e84f6398e40	2	2	True					True
case118_corrected_da_dcopf_seed901_N1000_lop0008	corrected_da_dcopf	901	901	902	1	850			dcopf	failure_label		-0.06000000000000005			-1.8703526505348123e-08		True		False		False	False	False	False	True	0.02763528200739529	0.0	f8ba21dc009d62ed1df255ad5b8d359e915beb86	a5711e9763c3bfe59721550b4daaf82f755f8c77	1	0	True					True
